Sardo	Italiano
Fut torrau ’e sa guerra cun is gradus di aiutante di battaglia, tre medaglie d’argento, quattro di bronzo, un’onorificenza ingresa e una picciocca friulana	Finita la guerra era tornato a Biddanoa con i gradi di aiutante di battaglia,1 tre medaglie d’argento, quattro di bronzo, un’onorificenza inglese e una ragazza friulana
Prìngia	Incinta
Su trenu ’e Casteddu arribàda a mesudì	Il treno di Cagliari arrivava a mezzogiorno
Ma de candu intràda in is furriàdas de Tacchenurri e ancora no si bìat, s’intendìat su ciuff ciuff e su fragu ’e su fumu, màssima candu tiràt bentu estu	Ma da quando abbordava i tornanti di Tacchenurri e ancora non si vedeva, se ne udiva il ciuff-ciuff e l’odore del fumo, specie quando soffiava il maestrale
Sa primu a si biri fut sa macchina, candu s’incraràda in sa trincera ’e terra arrùbia e fut po lompi a su scàmbiu	La prima ad apparire era la locomotiva, quando s’affacciava dalla trincea di terra rossa e stava per giungere allo scambio
Tandu su ciuff ciuff si fìat prus forti, a cuncórdiu cun is istantuffus chi movìant is arrodas, e su trenu, sulendu fumu biancu finza a celu, saludàda alligru is acàcias chi fùant abettendiddu, strantàxas pe parti che sordaus	Allora il ciuff-ciuff si faceva più forte, di concerto col movimento degli stantuffi che spingevano le ruote, ed il treno, soffiando fumo bianco fino al cielo, salutava allegro le acacie che stavano ad attenderlo, ritte per parte come soldati schierati
Mancai fèssit cinc’oras currendu i èssit passau Campidanu, Partiolla, Trexenta e Sarcidanu, non parìat fadiau	Quantunque corresse da cinque ore ed avesse attraversato Campidano, Parteolla, Trexenta e Sarcidano, non sembrava stanco
Passau su scàmbiu arrallentàda e si ponìat a passu ’i ómini po intrai in istazioni: cun imponénzia, cun importànzia, cun totu is ògus de sa genti puntaus asuba, cumpràxiu	Superato lo scambio rallentava e si metteva a passo d’uomo per fare il suo ingresso in stazione: con imponenza, con sussiego, con tutti gli occhi della gente in attesa puntati addosso, compiaciuto
Ma candu si firmàda, asutta ’e is matas de ùlimu prus artas de sa stazioni, e sa genti cumenzàda a s’accostiai, s’ùrtimu ciuff parìat unu suspiru: fut própiu fadiau	Ma quando si fermava sotto i platani che sovrastavano la stazione, e la gente cominciava ad avvicinarsi, l’ultimo ciuff sembrava un sospiro: era davvero stanco
Ma fut prexau su própiu, su trenu ’e Casteddu: a ananti ’e sa macchina is quattru numerus de lattoni – 1908 – brillìanta che unu sprigu, e su capustazioni, cun su berrettu arrùbiu in conca, fut benendu a dd’arricìri cun grandu arrespettu	Ma era contento ugualmente, il treno di Cagliari: sul davanti della locomotiva i quattro numeri di ottone – 1908 – brillavano come specchi ed il capostazione, col berretto rosso in testa, era lì per riceverlo con grande rispetto
Comente dónnia dì	Come ogni giorno
Sa dì ’e sa Festa, chi fut sa festa de Santu Giulianu, su patronu, donniunu incingìat bestìri nou: bestimentas de frustànniu o de pannarrigàda is óminis, gunneddas e gipponis is feminas coiàdas e is bagadìas mannas, mentris is giòvanas cumenzànta a portai blusettas a froris e gunneddas a mesu camba	Il giorno della Festa, che era la festa di Santu Giulianu, il patrono, ognuno indossava abiti nuovi: vestiti di fustagno o di velluto gli uomini, gonne e bluse scure le donne sposate e le zitelle, mentre le più giovani indossavano già blusette a fiori e gonne al polpaccio
Tatanu, su sabateri, ìat traballau unu mesi dì e notti, impixendu spagu, cosendu e pistendu sola, po fai crapittas noas	Tatanu, il calzolaio, aveva lavorato per un mese giorno e notte, impeciando spago e battendo suola per fare scarpe nuove
E no crapittas de massaiu o de pastori, grais, accioàdas, ca cussas s’incingiànta po Santa Maria, in cabudanni, ma crapittas lébias, bottinus de vacchetta e de scivrù	E non scarpe da contadino o da pastore, pesanti, chiodate, perché quelle si calzavano in settembre, per Santa Maria, ma scarpe leggere, scarpette di vacchetta e di capretto
Tatanu fut unu grandu sabateri: bastàda a ddi portai mascarinus bonus e issu ti fìat una parìga ’e bottinus prus bellus de is chi si comporànta fattus, in Casteddu	Tatanu era un grande calzolaio: bastava portargli “mascherine” di buona qualità e lui ti metteva su un paio di scarpe, più belle di quante se ne vendessero a Cagliari, già fatte
Cun custu: ca Tatanu ddus fìat sempri cun su zicchìrriu	Con questo: che Tatanu le faceva con lo scrocchio
A bortas, candu is giòvunus, su domìnigu, passillànta de Cuccuru ’e Callia a Sa Prazzitta, s’intendìat fetti su zicchìrriu ’e is bottinus: cri-cri, cri-cri	A volte, quando i giovani, la domenica, passeggiavano da Cuccuru ’e Callia a Sa Prazzitta,2 nello stradone si udiva soltanto lo scrocchio delle loro scarpe: cricri, cri-cri
Òi no, mancai	Oggi no, certo
Òi è sa dì ’e sa Festa e in Sa Prazzitta s’intèndint àturus sonus, àtaras boxis: turronaius de Tonara e di Aritzu chi abóxinanta bantendu su turroni insoru e sa carapìnnia frisca, piccioccheddus chi scribìllianta currendu in mesu a is paradas, àturus chi sònanta sonettus de bucca appena comporaus, àturus ancora chi giògant a su giogu ’e s’arroda o a su barralicu	Oggi è il giorno della Festa e in Sa Prazzitta si odono altri rumori, altre voci: torronai di Tonara e di Aritzo che gridano magnificando la qualità del loro torrone e la freschezza dei loro sorbetti, ragazzi che strillano correndo in mezzo alle bancarelle, altri che suonano armoniche a bocca appena comprate, altri ancora che fanno ressa intorno al gioco della ruota o al tavolo dei dadi
Fattu-vattu ghèttat una boxi su meanesu chi bèndit pitiolus e sonallas, su gavoesu chi bèndit frenus e crabìstus, su ceraxinu chi fàit su giogu ’e is tres cartas	A intervalli lancia il suo grido il meanese che vende campanacci e sonagli, il gavoese che vende briglie e cavezze, il selargino che fa il gioco delle tre carte
E su pispisu ’e sa genti, sa muìda, is boxis de sa genti	E il brusìo della gente, il bisbiglio, le voci della gente
Genti de bidda e genti stràngia, nurresus, orrolesus, sadilesus, amigus chi bénint a abbisitai is amigus, parentis a abbisitai is parentis e a fai festa cun issus	Gente di paese e gente di fuori, nurresi, orrolesi, sadalesi, seulesi, amici venuti a trovare gli amici, parenti venuti a far visita ai parenti ed a far festa con loro
Apustis de tanti tempus, òi sa genti pàrit senza ’e penzamentus	Dopo tanto tempo, oggi la gente sembra senza pensieri
Finzas is chi funti torraus de sa guerra, mancai no s’imbestùrinti cun is àturus, pàrit chi àpanta pérdiu cudda seriedadi, e a bòrtas cuddu annùgiu, chi ddus fìat nodìus	Anche quelli che son tornati di recente dalla guerra, quantunque sulle prime non si confondano con gli altri, pare che abbiano perduto quella serietà, e a volte quella tristezza che li distingueva
Firmus in s’óru ’e Sa Prazzitta, arrexonendu tra issus, funti torrendu a agatai, a pagu a pagu, cudd’alligrìa ’e sa festa chi mesis e annus de trincera ddis ìant fattu scaresci	Fermi ai bordi di Sa Prazzitta, parlando tra loro, stanno ritrovando a poco a poco l’allegria della festa, che mesi ed anni di trincea avevano fatto dimenticare
Òi, po issus, apustis di èssi bistu sa morti in facci medas bortas, è comente torrai a nasci, e in sa menti ddis pàssat su própiu penzamentu: “Òi è sa dì ’e sa Festa, e deu seu innoi, in bidda, biu”.	Oggi, per loro, dopo aver visto la morte in faccia tante e tante volte, è come tornare a nascere, e nelle loro menti passa lo stesso pensiero: “Oggi è il giorno della Festa, ed io sono qui, in paese, vivo”.
Prus a tardu calincunu cicchettu di ànici o di aquardenti ddis pònit coraggiu e issus puru si pònint a passillai in su stradoni impari cun is àturus; ma funti differentis de is àturus, de is chi no anti fattu sa guerra	Più tardi qualche cicchetto di anice o di acquavite mette loro coraggio, e anch’essi si uniscono agli altri che passeggiano nello stradone, ma sono diversi dagli altri, da quelli che non hanno fatto la guerra
E no solu ca po s’imprùs funti bestìus differentis de is àturus cun giacchettas de “burghesu” e pantalonis de sordau, grigioverdi, cun fascias o gambalis, ma poita funti differentis is penzamentus	E non solo perché sono vestiti in modo diverso, con giacche da “borghese” e pantaloni grigioverdi con le fasce o i gambali, ma perché sono diversi i loro pensieri
In is penzamentus insoru ddu est ancora sa guerra, su chi de sa guerra no si pòdit iscaresci, e in calincunu sa timorìa e in àturus sa sperànzia chi sa guerra no sìat istétia sceti un’arrori durau quattr’annus, ma un’accadessimentu de podi cambiai, in beni o in mali, sa vida di onniùnu, in is annus chi ant a benni	Nei loro pensieri c’è ancora la guerra, ciò che della guerra non si può dimenticare, e in qualcuno c’è il dubbio e in altri la speranza che la guerra non sia stata soltanto un orrore durato quattro anni, ma un evento che potrebbe cambiare, in bene o in male, la vita di ciascuno negli anni a venire
Ma funti in medas a penzai ca sa guerra, a parti is patimentus, a calincuna cosa è serbìa: a ’ndi bessìri de s’accorru ’e Biddanoa, po primu cosa, a connosci àturus logus, àtara genti, a si cunfrontai cun àturus óminis	Ma sono in molti a pensare che la guerra, a parte i patimenti, a qualche altra cosa è servita: ad uscire dal chiuso di Biddanoa, per prima cosa, a conoscere altri luoghi, altra gente, a confrontarsi con altri uomini
E no totus fùanta mellus de issus	E non tutti erano migliori di loro
Comente is continentalis, chi prima ’e partìri ddus creìanta totus sennoris e inveci ddui ’nd’ìat poberitteddus prus de issus, prus àbilis e prus tontus, coraggiosus e timorosus, óminis che is àturus	Come i continentali, che prima di partire li credevano tutti signori, e invece ce n’erano poveri come loro, più svegli e meno svegli, coraggiosi e meno coraggiosi, uomini come gli altri
Be’, comente sordaus	Be’, come soldati
Comente sordaus fuaus is mellus de totus	Come soldati eravamo i migliori di tutti
Che su capitanu Lussu no ddui ’nd’ìat manc’unu	Come il capitano Lussu non c’era nessuno
Is piccioccheddus de dexessetti, dexiott’annus, chi no anti fattu sa guerra e pàrit chi ddis dispràxat, fàinti medas pregontas, bòlint isciri medas cosas, bòlinti chi issus, is cumbattentis, ddis còntinti is cosas chi anti fattu in su fronti cun sa Brigata Sassari, is logus chi anti bistu, is piccioccas continentalis chi anti connotu	I ragazzi di diciassette-diciotto anni, che non hanno fatto la guerra e sembra che gli dispiaccia, fanno molte domande, vogliono sapere molte cose, vogliono che loro, i combattenti, raccontino ciò che hanno fatto al fronte con la Brigata Sassari, i luoghi che hanno visto, le ragazze continentali che hanno conosciuto
Tandu in su stradoni, in Cuccuru ’e Callia e in Sa Prazzitta, s’intèndinti fueddus mai inténdius, is fueddus de sa guerra: trincera, avanzata, assalto, Isonzo, Bainsizza, su capitanu Lussu, baionetta, pugnali, s’aiutanti ’e battaglia Luisicu, Carso, Podgora, su capitanu Lussu, bomba a manu, s’aiutanti ’e battaglia Luisicu, retrovia, a riposo, piccioccas biancas e arrùbias cun dónnia titta, andànta maccas po is sardus	Allora nello stradone, in Cuccuru ’e Callia e in Sa Prazzitta, si sentono parole mai sentite, le parole della guerra: trincea, avanzata, assalto, Isonzo, Bainsizza, il capitano Lussu, baionetta, pugnale, l’aiutante di battaglia Luisicu, Carso, Podgora, il capitano Lussu, bomba a mano, l’aiutante Luisicu, retrovia, a riposo, ragazze bianche e rosse con certe tette, andavano pazze per i sardi
Custus piccioccheddus chi no pòrtant in sa furriàda ’e sa giacchetta nastrinus de dónnia colori, ascùrtant a bucca aberta, e cun d’unu pagheddu ’e imbìdia, is contus de custus amigus e parentis chi tènint isceti calincun’annu prus de issus ma anti fattu sa guerra	Questi ragazzi che non portano nel risvolto della giacchetta nastrini multicolori, ascoltano a bocca aperta e con un po’ d’invidia i racconti di questi amici e parenti più anziani di loro solo di qualche anno, ma che hanno fatto la guerra
Po issus puru sa guerra ìat èssi bófiu nai gradus e medaglias, assaltus e vittorias, e logus nous e piccioccas continentalis biancas e arrùbias, cun dónnia titta	Anche per loro la guerra avrebbe significato assalti e vittorie, gradi e medaglie, e luoghi nuovi da vedere e ragazze continentali bianche e rosse con certe tette
Ma po issus sa guerra est acabàda troppu a lestru	Ma per loro la guerra è finita troppo presto
Comente dónni annu Santu Giulianu, patronu ’e Biddanoa, su ésperu ’e sa Festa nd’è calau ’e su nìcciu, su nìcciu prus artu, su de pizzu ’e s’artari	Come tutti gli anni Santu Giulianu, patrono di Biddanoa, la vigilia della sua Festa è sceso dalla nicchia, la nicchia più alta, quella sopra l’altare
Ind’è calau a bólidu che unu pilloni birdi e arrùbiu, e lébiu che unu pilloni at toccau cun is peis sa peana posta in mesu crésia, e innì s’è firmau: abettendu chi bèngant a ddu spruinai e a ddu cuncordai po sa prucissioni de cras a mangianu	È sceso a volo come un uccello verde e rosso, e leggero come un uccello ha sfiorato con i piedi la pedana approntata al centro della navata e lì si è fermato, in attesa che vengano a spolverarlo e ad agghindarlo per la processione di domani mattina
Mancai siàus ancora a is primus de làmpadas, è cumenzendu a fai basca, ma innoi, a intru ’e crésia, ci at friscura	Sebbene giugno sia solo all’inizio, comincia a far caldo, ma qui, in chiesa, c’è fresco
Friscura e unu fragu bellu de gravellus de costera, forti	Fresco e un odore di garofani di monte, intenso
Cun sa mantellina birdi e arrùbia ghettada in coddus, sa gunnennedda birdi curza curza, su spadinu in sinzu, Santu Giulianu abèttat tranquillu, gosendusì sa friscura chi tènit fragu de gravellus de costera	Con la mantellina verde e rossa buttata sulle spalle, il gonnellino verde corto e lo spadino al fianco, Santu Giulianu attende tranquillo, godendosi la frescura profumata di garofani di monte
S’abérit sa tenda groga ’e sagrestia, e asutta de is arcadas de sa crésia deserta arrentrònat su passu zoppi-zoppi de su sagrestanu, chi s’accóstiat a su portali, scarìngiat su portellittu e tòrrat a furriai	Si apre la tenda gialla di sagrestia e sotto le arcate della chiesa vuota risuona il passo strascicato del sagrestano zoppo che si avvicina al portale, socchiude il portello e torna indietro
Sa tenda groga ci ddu tòrrat a ingurti	La tenda gialla lo reinghiotte silenziosa
E Santu Giulianu sìghit a abettai, tranquillu	E Santu Giulianu attende, tranquillo
Ma no abèttat meda: su portellittu s’abérit e ìntrat una picciocca cun d’unu cofìnu in manus	Ma non per molto: il portello si spalanca ed entra una ragazza con un cestino in mano
At a tenni bint’annus, est arta e beni fatta, niedduzza, pilus e ogus pìxidus	Avrà vent’anni, forse, è alta e ben fatta, bruna, ha capelli ed occhi neri
Pòrtat una blusetta a froris, gunnedda a mesu camba, muccadori ’e seda, biancu	Indossa una blusetta a fiori, gonna al polpaccio, fazzoletto di seta bianco in testa
Cun passu lébiu ma firmu, aguali, adasiau, s’accóstiat a s’aquasantera, s’infùndit sa punta ’e is didus, si fàit sa gruxi, s’inchinu	Con passo leggero ma fermo, lento, uguale, si avvicina all’acquasantiera, vi intinge la punta delle dita, si fa il segno della croce, si inchina
Poi cun su própiu passu s’accóstiat a su Santu, pònit su cofinu in d’una cadira e s’indi scàppiat su muccadori: ta basca	Poi con lo stesso passo lento e uguale si avvicina al Santo, posa il cestino su una sedia e si scioglie il fazzoletto: che caldo
Indi bògat unu pinzellu de su cofinu, si pònit ananti ’e su Santu castiendiddu fissu, interessada, poi cumènzat a ddu spruinai, a bell’a bellu: s’aureola, sa mantellina birdi e arrùbia, la palma del martirio	Toglie un pennello dal cestino, si mette di fronte al Santo guardandolo attenta e interessata e comincia a spolverarlo, lentamente: l’aureola, la mantellina verde e rossa, la palma del martirio
“Ancà fut un centurione romano chi si fut fattu battiai, e po cussu dd’ìanta martirizzau	“Dicono che fosse un centurione romano che si era fatto battezzare e per questo l’hanno martirizzato
Ta làstima, depìat èssi unu bellu giovunu, cun custus pilus a undas, custa barba biunda”.	Peccato, doveva essere un bel giovane, con questi capelli a onde, questa barba bionda”.
Ddi sprùinat is pilus, sa facci, sa barba biunda	Gli spolvera i capelli, il viso, la barba bionda
“Própiu bellu, cun sa mantellina ghettada in coddus, su spadinu in sinzu	“Bello davvero, con questa mantellina verde e rossa, lo spadino al fianco
Bestìu no è bestìu mancu meda, però	Vestito, però, non è vestito mica tanto
Imbiau, cun custa basca”.	Beato, con questo caldo”.
Si fìrmat ananti ’e su Santu cun su pinzellu in manus, incantàda, sighendu chini scit cali penzamentu	All’improvviso si ferma col pennello in mano, assente, seguendo chissà quale pensiero
A is corrus de sa bucca ddi cumpàrit un’accinnu ’i arrisu, e sa mirada de is ogus nieddus cìrcat is ogus de su Santu, castiendiddu comente chi èssit bófiu donai vida a cussus ogus de imbirdu	Agli angoli della bocca compare la piega di un sorriso, e lo sguardo intenso degli occhi neri cerca gli occhi del Santo, come se volesse dar vita a quegli occhi di vetro
Poi sa mirada fissa, maliziosa, carìnniat is pettorras ispollincas, is brazzus, sa gunnennedda birdi, is cambas ispollincas, fortis, téndias: “Ta basca	L’occhiata fissa, maliziosa indugia sul petto nudo, sulle braccia rotonde, scende sul gonnellino verde, sulle gambe nude, forti, tese: “Che caldo
Custu fragu ’e gravellus pìgat a s’ànima”.	Questo odore di garofani prende l’anima”.
S’indi bogat su muccadori, s’indi sgànciat is primus dus buttonis de sa blusetta e tìrat unu suspiru: ma sa blusetta est istrinta, o forzis è troppu prena, e àturus buttonis s’indi sgàncianta, sa blusetta s’abérit	Si toglie il fazzoletto, si sgancia due bottoni della blusetta e tira un sospiro: ma la blusetta è stretta, o forse è troppo piena, altri bottoni si slacciano e si apre del tutto
No càstis, Giulianu, no càstis	Non guardare, Giulianu, non guardare
Cun sa blusetta aberta, cun cuddu accìnnidu ’i arrisu ancora in is corrus de sa bucca, immoi pàrit chi sa picciocca bòllat trapassai cun is ogus pìxidus, arrisulanus, is pagus bestìris de su Santu, e no si mòvit finzas a candu ddi pàrit chi su Santu si sìat comente saddìu, turbau	Con la blusetta aperta, con quell’ombra di sorriso ancora vagante agli angoli della bocca, ora sembra che la ragazza voglia insinuare il suo sguardo attraverso i vestiti del Santo e non lo distoglie fino a quando non le sembra che Giulianu, turbato, abbia avuto un sussulto
Tandu ’ndi bògat de su cofinu su cadenazzu ’e prata cun sa patèna, e cun su cadenazzu in manus, firma, càstiat ancora su Santu cun cuddus ogus, cun cudd’arrisu	Allora toglie dal cestino la catena d’argento con la medaglia, e con la catena in mano, immobile, fissa ancora il Santo con quegli occhi, con quel sorriso
Sténdiat is brazzus, e cun manus lébias, a bell’a bellu, ddi pònit su cadenazzu a ingìriu ’e su zugu, a setti passadas, e dónnia passada est unu carìnniu	Poi tende le braccia, e con mani leggere, lentamente, gli avvolge la catena d’argento intorno al collo, e ad ogni giro indugia in una lenta carezza
Po si dd’agganciai s’accóstiat ancora, si ddi strìngit asuba cun sa blusetta aberta, si ddi strùsciat cun is pettòrras ispollincas	Per agganciarla gli si fa ancora più dappresso, gli si stringe addosso, e con la blusetta aperta sfiora il petto nudo del Santo
Poi s’indi scòstiat, ma cun is manus tébidas, sudadas, ddi carìnniat ancora su zugu, is pettorras, sa gunnennedda birdi, is cambas fortis e téndias	Ma subito si scosta e con le mani tiepide, sudate, gli carezza ancora il viso, il petto, il gonnellino verde, le gambe forti e tese
Cun accanimentu, cun foga, affannendu appena	Con accanimento, con foga, affannando appena
Totu in d’una abérit is brazzus, e comente chi s’èssit agatau ananti no unu santu ’e linna, ma un’amanti biu e prus che biu, disigiau de meda tempus e mai gosau, impràssat su Santu a istrintu, cun forza, cun passioni, pérdia, ammacchiàda	D’un tratto apre le braccia, e come se fosse venuta a trovarsi di fronte non un santo di legno, ma un amante vivo e più che vivo, a lungo desiderato, abbraccia il santo con forza, con passione, perduta, folle
Santu Giulianu intèndit comente unu titifrìus	Santu Giulianu sente come un brivido
Possìbili chi is manus tébidas, s’àlidu callenti de una picciocca ’e bint’annus cun su bestìri abertu finza a sinzu dd’àpanta postu in movimentu su sànguni aintru de is venas de linna	Possibile che le mani tiepide, l’alito di una ragazza ventenne col vestito aperto fino alla vita abbiano rimesso in movimento il suo sangue dentro le vene di legno
O è su fragu de custus gravellus de costera chi ddi pòrtat s’arregordu di àturus profumus, di àtaras manus tébidas, di àturus carìnnius donaus e arricìus, diora meda, candu fut unu sordau, unu cumandanti, giòvunu, bellu, amanti de sa guerra e de sa vida, e no unu santu ’e linna, sìat puru patronu stimau e venerau de custa bidda devota	Oppure è il profumo di questi garofani di monte che gli ha riportato il ricordo di altri profumi, di altre mani tiepide, di altre carezze date e ricevute tanto tempo fa, quando era ancora un soldato, un comandante, giovane, bello, amante della guerra e della vita, e non un santo di legno, sebbene patrono stimato e venerato di questo paese devoto
“Giulianu!”.	“Giulianu!”.
È sa boxi de Santa Luxìa	È la voce di Santa Luxia
Santa Luxìa, in su nìcciu accanta, cun dus ogus in manus in d’unu muccadoreddu e àturus dus in facci furriàus a celu, est inchieta	Santa Luxia, nella nicchia vicina, con due occhi nelle mani a conca su un tovagliolo bianco e gli altri due rivolti al cielo, è adirata
Luxìa at connotu a Giulianu in àturus tempus, candu su Santu tanti santu no fudi	Luxia ha conosciuto Giulianu in altri tempi, quando il Santo tanto santo non era
Giulianu si fàit arrùbiu che su fogu:	Giulianu si fa rosso come il fuoco:
“Ma immoi seu de linna!”.	“Ma adesso sono di legno!”.
In is nìccius prus attesu Sant’Antoni ’e su Fogu sìghit a si callentai ananti de tres murcionis allutus, e Santu Sidòru, cun is ordinagus in manus, sìghit a andai passu passu infattu de is dus boixeddus biancus: no si funt acataus de nudda	Nelle nicchie un po’ discoste Sant’Antoni ’e su Fogu continua a scaldarsi al suo focherello, e Santu Sidòru, con le redini in mano, segue passo passo i suoi piccoli buoi bianchi: non si sono accorti di nulla
Su trenu ’e Casteddu at tirau s’ùrtimu suspiru e s’è firmau ananti ’e stazioni	Il treno di Cagliari ha tirato un ultimo sospiro e si è fermato
Ddu at genti meda, custu mangianu, prus de cantu ddui ’ndi fèssit in is annus passaus, is annus de sa guerra, candu is giòvunus partìant a trumas e parentis e amigus ddus accumpangiànta finzas a su trenu, senza ’e sciri mancu chi ddus èssinti torraus a biri	C’è molta gente, oggi, davanti alla stazione, più di quanta ve ne fosse negli anni passati, negli anni della guerra, quando i giovani partivano a torme, e parenti ed amici li accompagnavano fino al treno, senza sapere se li avrebbero più rivisti
Immoi, a pagus a pagus, cussus giòvunus funti torrendu	Adesso, pochi alla volta, quei giovani ritornano
Non totus: prus de binti no ant a torrai mai: troppus, po una bidda de milli cristianus	Non tutti: venti di essi non torneranno mai, troppi per un paese di mille cristiani
E is chi tòrranta no pàrinti prus manch’issus: pàrinti prus mannus, prus sérius, prus óminis, mancai a calincunu ddi fùat su prantu, candu pònit pei in terra	E quelli che ritornano non sembrano più gli stessi, sembrano più adulti, più seri, più uomini, anche se qualcuno, quando mette piede a terra, non può trattenere il pianto
Òi, própiu òi chi è sa dì ’e sa Festa, nd’arrìbat unu sceti, ma totu custa genti ananti ’e stazioni è benìa po adobiai a issu: òi arrìbat Luisicu	Oggi, proprio oggi che è il giorno della Festa, ne arriva uno, uno solo, ma tutta questa gente ferma davanti alla stazione è venuta per ricevere lui: oggi arriva Luisicu
Is chi funt abettendiddu no funti sceti is parentis, ca pagus indi tènit, ma is amigus de candu fut piccioccheddu, is cumpàngius de trincera chi funti torraus innanti suu e chi prus de is àturus iscinti chin’è Luisicu, su chi at fattu in guerra l’aiutante di battaglia Luisicu, connotu in tutti i reparti d’assalto, in totu sa Brigata, in tutto il Corpo d’armata, de cumandantis e de sordaus, sardus e continentalis	Quelli che stanno ad attenderlo non sono soltanto parenti, ché pochi ne ha, ma gli amici di quando era ragazzo, i compagni di trincea che sono ritornati prima di lui e che più degli altri sanno chi è Luisicu, ciò che ha fatto in guerra l’aiutante di battaglia Luisicu, conosciuto in tutti i reparti d’assalto, in tutta la Brigata, in tutto il Corpo d’Armata, da comandanti e da soldati, sardi e continentali
Abettendiddu ddui funti finzas e is chi anti lìggiu in su giornali is impresas de Luisicu e òi ddu bòlinti biri di accanta, bòlinti toccai sa manu all’Eroe Luisicu, cinque promozioni per merito di guerra, sette medaglie al valore e un’onorificenza ingresa	Ad attenderlo ci sono anche quelli che hanno letto sul giornale le eroiche imprese di Luisicu ed oggi vogliono vederlo da vicino, vogliono stringere la mano dell’eroe Luisicu, cinque promozioni per merito di guerra, sette medaglie al valore e un’onorificenza inglese
E féminas, piccioccas po s’imprùs, benìas issas puru po biri a Luisicu e a sa sposa ’e Luisicu chi arrìbat impari cun issu, sa sposa continentali ’e Luisicu, chi ddi nanta Sara i è prìngia	E donne, ragazze per lo più, venute anch’esse per vedere Luisicu e la sua sposa che arriva con lui, la sposa continentale di Luisicu, che si chiama Sara ed è incinta
Candu, su mangianu ’e sa dì sua, Santu Giulianu, in àndias in sa peana, artu prus de sa genti, s’incràrat in su portali ’e crésia, s’ind’esti giai scarésciu de sa picciocca cun sa blusetta a froris	Quando la mattina della sua Festa Santu Giulianu, in alto sulla pedana, alto più della gente, si affaccia dal portale della chiesa, si è già dimenticato della ragazza con la blusetta a fiori
Immoi s’arregòrdat fetti di èssi su Santu patronu ’e Biddanoa, beni spruinau, beni cuncordau, cun su cadenazzu ’e prata a ingìriu ’e su zugu, a setti passàdas	Adesso ricorda soltanto di essere il santo patrono di Biddanoa, spolverato, agghindato, con la catena d’argento intorno al collo, a sette giri
Ananti suu sa prucissioni s’esti giai móvia	Davanti a lui la processione si è già mossa
Dd’abérit Sa Sprama, cun sa bestimenta noa, sa giacchetta a sa cassadora prena de bombas e de petardus, is guettus ficchìus in su cintu e unu murcioni in sa manu ’e manca	L’apre Sa Sprama3 in abito nuovo, la giacca di velluto alla cacciatora imbottita di bombe e di petardi, i razzi ficcati nella cintura dei pantaloni, un tizzone acceso nella mano sinistra
Candu, furriendusì a palas, Sa Sprama s’acàtat ca su Santu s’est incrarau in su portali, sùlat su murcioni e tìrat sa primu bomba: trèmit sa crésia, sa genti, is cunfrarus chi pòrtanta su Santu, su Santu, chi si scarìngiat a arrìri tra barba e mustazzus	Quando, voltandosi, scorge il Santo che si è affacciato dal portale, soffia sul tizzone e lancia la prima bomba: trema la chiesa, la gente, i confratelli che portano il Santo, il Santo, che sorride tra barba e baffi
Sparéssiu su fumu ’e sa bomba, Tatanu, cun su sonettu a coddu, pònit infattu a Sa Sprama e cumènzat a sonai camminendu passu passu	Dileguato il fumo, Tatanu con l’organetto in spalla si accoda a Sa Sprama e incomincia a suonare camminando passo passo
Sa Sprama cun is bombas e is guettus, Tatanu cun su sonettu, is Fillas de Maria bestìas de biancu, is feminas de sa Soziedadi ’e su Coru ’e Gesusu cun is fettas arrùbias e sa patèna pendi pendi, sa cunfrarìa, su sagrestanu zoppu cun sa gruxi ’e prata, su predi in grandu pompa ch’intònat s’arrosàriu a boxi manna, su Santu	Sa Sprama con le bombe e con i razzi, le Figlie di Maria vestite di bianco, le donne dell’associazione del Cuore di Gesù con i nastri rossi sul petto e la medaglia penzoloni, la confraternita, il sagrestano zoppo con la croce d’argento, il prete in pompa magna che intona il rosario a voce spiegata, il Santo
E infattu ’e Su Santu sa genti, sa genti ’e bidda e sa genti stràngia, beni bestìa, devota, chi càntat Ave Maria e Babbu Nostu a totu ’oxi issa puru, in custu bellu mangianu ’e làmpadas, assoliau	E dietro il Santo la gente, gente di Biddanoa e gente di fuori, ben vestita, devota, che canta Ave Maria e Padre Nostro a gran voce anch’essa, in questa bella mattina di giugno, soleggiata
Custa è sa prucissioni tua, Giulianu, patronu de Biddanoa, centurione romano martirizzau po t’èssi fattu cristianu, santu ’e linna cun sa mantellina birdi e arrùbia, sa gunnennedda curza, su spadinu in sinzu e la palma del martirio in sa manu deretta	Questa è la tua processione, Giulianu, patrono di Biddanoa, centurione romano martirizzato per esserti fatto cristiano, santo di legno con la mantellina verde e rossa, il gonnellino corto, lo spadino al fianco e la palma del martirio nella mano destra
Pàssat su Santu in bixinau ’e crésia, artu asuba ’e sa genti, castiendu a una parti e a s’àtara is domus bàscias de perda bia, arrubiàstas, biancas a ingìriu de s’enna e de sa ventana, sa domu colori ’i arrosa de s’Arrettori, arta prus de is àtaras, is umbragus de linna, is geccas de is pràzzas: totu che s’annu passau, che s’àtur’annu, totu comente sèmpiri	Passa il Santo alto sopra la gente, guardando le casette basse di pietra viva schierate ai lati della strada, bianche intorno alla porta e alla finestra, la casa color di rosa del Rettore, alta più delle altre, le legnaie marrone, i cancelli di legno dei cortili: tutto come l’anno passato, tutto come sempre
Tra su zàcchidu ’e is bombas e su sonu ’e su sonettu, sa prucissioni arrìbat a Sa Prazzitta	Tra lo scoppio delle bombe e il suono dell’organetto la processione arriva a Sa Prazzitta
Firmadì, Giulianu, innoi è sa festa tua, tra sa domu ’e su Cumunu cun su curridóriu ananti e sa campana ’e scola appiccada a su muru cun d’una gaffa arruinada, sa muralla ’e Tiu Màuru prena ’e cappeddemuru, sa domu mesu arruta de Peppinu Pili, is domus de Frennàssiu cun is ventanas senza ’e imbìrdus	Fèrmati, Giulianu, qui è la tua festa, tra la Casa comunale col balcone davanti e la campana della scuola appesa al muro con un gancio arrugginito, la muraglia di Tiu Màuru punteggiata di erbacce, la casa semidiroccata di Peppinu Pili, le case di Frennàssiu con le finestre senza vetri
Firmadì e lassa chi Sa Sprama, sulendu in su murcioni, tìrit is bombas una infattu ’e s’àtara, is guettus chi stàmpanta su celu e istratàllant is arrùndilis; lassa chi Tatanu sònit su sonettu a ogus serraus fendu s’accumpagiamentu a su zàcchidu ’e is bombas	Fèrmati e lascia che Sa Sprama, soffiando sul tizzone, lanci le bombe una appresso all’altra, i razzi che bucano il cielo e spaventano le rondini; lascia che Tatanu suoni l’organetto ad occhi chiusi facendo l’accompagnamento al fragore delle bombe
Firmadì e benedixi, comenti as sèmpiri fattu, is turronàius e totu sa genti ’e is paradas: meanesus, aritzesus, gavoesus, ceraxinus, bendidoris di ónnia cosa, chi candu passas tui s’indi bòganta su bonettu e si fàinti sa gruxi cun devozioni, e poi sighi a andai: t’abèttat su stradoni cun is domus artas, is mantas de seda in is ventanas e sa genti incraràda chi ti ghèttat froris: comente dónni annu, comente sèmpiri	Fèrmati e benedici, come hai sempre fatto, i torronai e tutta la gente dei banconi: meanesi, aritzesi, selargini, gavoesi, venditori di ogni cosa, che quando tu passi si tolgono il berretto e si fanno la croce con devozione, e poi continua ad andare: t’aspetta lo stradone con le case alte, le coperte di seta alle finestre e la gente affacciata che ti getta fiori: come tutti gli anni, come sempre
Ma ocannu in su stradoni, innanti ’e intrai in sa bia strinta de Is Arenadas cun is matas pe parti prenas de froris arrùbius, ast a fai un’incontru: un’incontru cun d’un’àturu sordau chi màrtiri non bòlit èssi, ma chi cammìnat senza ’e ddu sciri cun sa Morti a su costau	Ma quest’anno, nello stradone, prima di inoltrarti nella strada stretta di Is Arenadas con gli alberi per parte carichi di fiori rossi, tu farai un incontro: un incontro con un altro soldato che martire non vuol essere, ma che cammina senza saperlo con la Morte al fianco
De sa vettura chi s’è firmada unu pagu prus attesu di accant’è sa genti, chi si pònit a curri, indi càlat un’ómini cun d’una bértula a coddu, una femina cun d’una crobedda, unu carabineri cun su muschettu	Dalla vettura che si è fermata un po’ distante dalla gente, che si mette a correre, scende un uomo con una bisaccia in ispalla, una donna con un cestino, un carabiniere con il moschetto
E Luisicu	E Luisicu
Is chi funt abettendiddu si càstiant a pari, inzertus	Quelli che stanno ad attenderlo si guardano in faccia, perplessi
De is finestrinus abertus si bit movimentu a intru ’e sa vettura: forzis est issu; forzis est issa; forzis funt issus	Dai finestrini aperti si nota movimento dentro la vettura: forse è lui; forse è lei; forse sono loro
No, est issu, Luisicu	No, è lui, Luisicu
Ind’è bessìu a su terrazzinu cun duas valigias in manus, ddas pònit in terra	È uscito sul terrazzino con una valigia per mano, le posa per terra
Est in divisa: artu e istrìgili, mustazzeddus nieddus, su berrettu cun is gradus, sa giubba beni fatta cun is nastrinus de is medaglias e is coronas de is promozionis per merito di guerra, is mustrinas biancas e arrùbias de su centuxinquantunu, cinturoni e rivoltella, cambàlis lùcidus	È in divisa: alto e snello, baffetti neri, il berretto con i gradi, la giubba ben fatta con i nastrini delle medaglie e le corone delle promozioni per merito di guerra, le mostrine bianche e rosse del centocinquantuno, cinturone e rivoltella, gambali lucidi
Cand’àrziat is ogus si fàit tétteru, cun d’una manu in su cinturoni e s’àtara in su cancelleddu, castiendu fissu sa genti, penzamentosu: pàrit chi dùdit, chi no tèngat su coraggiu de ’nd’abasciai	Quando solleva lo sguardo si irrigidisce, una mano sul cinturone e l’altra sul cancelletto, guardando fisso la gente, pensieroso: sembra esitante, come se non avesse il coraggio di scendere dal treno
Est unu momentu, unu momentu sceti, ma prus longu, forzis, di àturus momentus, candu in trincera, incrubau, cun sa rivoltella in manus, abettàt cun totu is nérbius tiraus, su coru chi parìat chi s’èssit firmau, s’órdini de ci sartai, de s’inci scudi all’assalto cun is óminis chi cumandàda	È un momento, un momento soltanto, ma più lungo, forse, di altri momenti, quando in trincea, chino in avanti con la rivoltella in pugno, attendeva con i nervi tesi, il cuore che pareva si fosse fermato, l’ordine di saltar fuori, di buttarsi all’assalto con gli uomini che comandava
Si dd’appànnat sa vista, ddi bénit comente unu scimìngiu, ddi pàrit di èssi intrendu in d’una trincera noa, sa trincera ’e idda sua, aundi a sa bessìda ddu è sa morti, pronta po dd’aggaffai	Gli si appanna la vista, ha un capogiro, gli sembra di entrare in una nuova trincea, la trincea del suo paese, dove all’uscita c’è la Morte pronta a ghermirlo
E in d’unu lampu bit sànguni e mortus istendiàus in terra, ma custus mortus no funti che is àturus, custus indi ’ddi stràccianta su coru	In un lampo vede sangue e morti stesi per terra, ma questi morti son diversi dagli altri morti, gli strappano il cuore
Sparpalócciat is ògus, ddus sèrrat, si ddus frìgat: sparéssit totu e tòrrat in sei, cumpostu, prontu a ’ndi calai de su trenu	Spalanca gli occhi, li chiude, se li sfrega: ogni cosa scompare, e ritorna in sé, composto, pronto a scendere dal treno
Si fùrriat appena, comenti fìat candu fut po movi all’assalto e bolìat èssi seguru chi is sordaus de su plotoni suu fèssinti prontus a ddi ponni infattu: Sara è pronta, tranquilla, si scarìngiat a arrìri:	Si volta appena, come quando doveva muovere all’assalto e voleva essere certo che gli uomini del suo plotone fossero pronti a seguirlo: Sara è pronta, tranquilla e sorridente
“Scendiamo?”.	“Scendiamo?”.
“Avanti”.	“Avanti”.
Si pònit una manu in su cinturoni e indi sàrtat de su terrazzinu	Si porta una mano al cinturone e salta dal terrazzino
Custu mangianu sa genti ’e Biddanoa s’è parzìa: parti a sa prucissioni de Santu Giulianu e parti a sa stazioni, a adobiai a Luisicu	Stamattina la gente di Biddanoa si è divisa: parte alla processione di Santu Giulianu e parte alla stazione ad incontrare Luisicu
Apustis de is saludus, de is abbràzzidus de parentis e di amigus e de is cumpàngius de trincera, apustis chi Luisicu at presentau a Sara a totus is chi si funti accostiàus a ddu saludai, un’àtara prucissioni si cumpònit: ananti Luisicu a brazzettu cun Sara, sa sposa friulana prìngia, bella, biunda, tranquilla, scaringiàda a arrìri, e infattu insoru is àturus, Lionora cun Ogéniu, is cumpàngius cun Elias, chi no si cìtit mai, sa genti, óminis e feminas, piccioccas chi fuèddant a iscusi, a lestru, castiendu a Sara, e piccioccheddus, e su cuaddu cun is valigias, e Tiu Pepi cun sa posta	Dopo i saluti e gli abbracci di parenti ed amici e dei compagni di trincea, dopo che Luisicu ha presentato Sara a quanti si sono avvicinati per salutarli, un’altra processione si compone: davanti Luisicu, a braccetto con Sara, la sposa friulana incinta, bella, bionda, serena e sorridente, e dietro gli altri: Lionora con Ogéniu, i compagni con Elias che non sta mai zitto, la gente, uomini e donne, ragazze che parlano sottovoce, in fretta in fretta, guardando Sara, e ragazzi, e il cavallo con le valigie, e Tiu Pepi con la posta
Bessìu de su fossu accant’è sa stazioni, Luisicu, cun Sara a su costau e sa genti infattu, s’agàtat a ananti totu in d’una is campus de Stuppara e in artu, attesu, Biddanoa	Usciti dall’avvallamento dove è la stazione, Luisicu, con Sara al fianco e la gente intorno, si trova di fronte all’improvviso i campi di Stuppara, e in alto, lontano, Biddanoa
Manch’issu cumprèndit beni s’impressioni chi ddi fàit, ma ddi pàrit di èssi adobiendu a issu e totu piccioccheddu, pòburu, innozenti, chi no iscìat nudda né de su mundu, né de sa genti, ma cun s’idea fissa de sartai cussus montis po podi connosci is unus e is àturus	A quella vista prova una strana sensazione: gli sembra di vedere se stesso ragazzo, povero, innocente, ignaro del mondo ma fermamente intenzionato ad andare oltre quei monti per conoscerlo
Ma cussus montis immoi ddi pàrinti prus bàscius, e cussu piccioccheddu a pagu a pagu s’inc’istésiat	Adesso però quei monti gli sembrano meno alti e l’immagine del ragazzo di un tempo subito svanisce
Un’ora ’e camminu a pei in su stradoni in arziàda, sighendu sa pinta ’e s’arroda po no passai in mesu sa giarra	Un’ora di strada, a piedi, nello stradone polveroso, in salita, seguendo i segni lasciati dalle ruote dei carri per evitare la ghiaia
Sara, mancai in cussu stadu, no at bófiu sezzi a cuaddu, bòlit camminai, est abituada	Sara, benché in quello stato, non ha voluto montare sul cavallo fatto venire per lei, vuole andare a piedi, è abituata
Candu cust’àtara prucissioni lòmpit a sa funtana ’e Ziu Marras e ci bòlit pagu a intrai in bidda, in Sa Prazzitta funti scoppiendu a craccu a craccu is bombas de Sa Sprama	Quando quest’altra processione giunge alla fontana di Ziu Marras e mancano poche decine di metri per giungere alle prime case di Biddanoa, in Sa Prazzitta stanno scoppiando fitte fitte le bombe di Sa Sprama
Luisicu allùttat is orìgas, ma Elias ddi dònat una scuidada e arrìt a iscracàllius: “Granate della Sprama, aiutante	Luisicu drizza le orecchie, ma Elias gli dà una gomitata e scoppia a ridere: “Granate della Sprama, aiutante
Sa prucissioni de Santu Giullianu est arribendu a Sa Prazzitta”. Luisicu puru si pònit a arrìri	La processione di Santu Giulianu sta arrivando alla Prazzitta”. Anche Luisicu scoppia a ridere
Acabau su zàcchidu ’e is bombas, Santu Giulianu ’ndi béssit de Sa Prazzitta e s’incràrat in su stradoni	Spento il fragore delle bombe, Santu Giulianu lascia Sa Prazzitta e si affaccia nello stradone
In su própiu momentu de s’àtara parti, de sa parti de Cuccuru ’e Callia, s’incràrat Luisicu	Nello stesso momento dalla parte opposta, dalla parte di Cuccuru ’e Callia, seguito dalla sua processione si affaccia Luisicu
Comente chi s’èssinti donau appuntamentu, su santu e su sordau funti po s’adobiai	Come se si fossero dati appuntamento, il Santo ed il soldato stanno per incontrarsi
Pagus passus ancora e funti facci a pari, Giulianu centurione romano cun su spadinu in sinzu, e Luisicu aiutante di battaglia cun cinturoni e rivoltella	Pochi passi ancora e sono di fronte, Giulianu centurione romano con lo spadino al fianco, e Luisicu aiutante di battaglia con cinturone e rivoltella
Luisicu s’è firmau, s’è postu sull’attenti, cìrdinu che unu fusti, sa manu in sa visiera ’e su berrettu comente chi fèssit saludendu chini scit cali generali	Luisicu si è fermato e si è messo sull’attenti, rigido, la mano alla visiera come se stesse salutando chissà che generale
Si càstiant: is ògus de imbirdu ’e su Santu fìssant is ogus nieddus de su sordau	Si guardano: gli occhi di vetro del Santo fissano gli occhi neri del soldato
A Giulianu, chi de sordaus s’ind’intèndit, cussu sordau ddi pràxit: artu e beni fattu, àgili, in d’unu momentu ddu bit attrinzau comente unu de is sordaus chi cumandàt issu, candu fut cumandanti	A Giulianu, che di soldati se ne intende, quel soldato piace: alto e ben fatto, agile, in un attimo lo vede equipaggiato come uno dei soldati che lui stesso comandava, quando era un comandante
Sordaus pagu bestìus, pagu armaus po èssi prus liggeris: scudu, lanza curza, spada curza e frunda, ma prontus a arribai cun sa lestresa ’e unu lampu accantu ddu ìat de cumbatti	Soldati poco vestiti, poco armati per essere più leggeri: scudo, lancia corta, spada corta e fionda, ma pronti ad arrivare con la velocità di un fulmine dove potevano decidersi le sorti di una battaglia
(Eh, no, Giulianu, castiaddu beni: si custu sordau èssit portau sa barba, ìat èssi niedda pìxida; si no èssit portau cussa divisa ma una peddi ’e crabiolu a ingìriu ’e is fiancus, una mazzocca in d’una manu e una lanza in s’àtara, ìat a parri cuddu gherreri pellita – comenti bosàturus ddis nariàis – chi una borta, in custus montis, t’at postu infattu e t’at fattu curri comenti mai no ìas curtu: un’azzìcchidu chi non t’as iscarésciu ancora	(Eh, no, Giulianu, guardalo bene: se questo soldato portasse una barba nera come la pece e non portasse questa divisa ma una pelle di capriolo4 intorno ai fianchi, un randello in una mano e una lancia nell’altra, somiglierebbe a quel guerriero pellita – come voi li chiamavate – che una volta, su queste montagne, ti corse dietro e ti fece correre come mai avevi corso: uno spavento che non hai ancora dimenticato
T’ind’arrìs	Te ne ridi
Be’, bòlit nai c’aguantas sa latranga: forzis è po custu chi t’anti fattu patronu ’e Biddanoa).	Be’, vuol dire che sei un santo di spirito: forse è per questo che ti hanno fatto patrono di Biddanoa).
Intantis Luisicu è lómpiu a s’intrada de sa bia ’e Santa Maria, sa bia ’e domu sua	Intanto Luisicu è giunto all’entrata della via di Santa Maria, la strada di casa sua
Sa genti chi est andada a dd’adobiai salùdat a issu e a Sara, a Lionora e a Ogéniu, e s’ind’àndat	La gente che è andata alla stazione ad incontrarlo saluta lui e Sara, Lionora e Ogéniu, e se ne va
S’ùrtimu est Elias	L’ultimo a lasciarli è Elias
Si pònit sull’attenti: “Si bieus custu merì in retrovia, aiutante, a riposo	Si mette sull’attenti: “Ci vediamo stasera in retrovia, aiutante, a riposo
In Sa Prazzitta, ’ollu nai”.	In Sa Prazzitta, voglio dire”.
Aundi acàbat sa bia (strinta, scuriosa, pàrit unu camminamentu) ddu è sa domu de Luisicu e de Lionora, sa sorri, chi ddui bìvit cun Ogéniu	Dove finisce la strada (stretta, buia, sembra un camminamento) c’è la casa di Luisicu e di Lionora, la sorella, che vi abita con Ogéniu, suo marito
È s’ùrtima domu de sa bia e de sa bidda, prus addei is ortus e is argiòlas	È l’ultima casa della via e del paese, più in là gli orti e le aie
Sa gecca ’e prazza est aberta, ìntrant, e Luisicu bidi is cosas bias de pipìu, bias de sèmpiri, di accanta o di attesu: sa domu bàscia senza ’e arrebussai, cun s’enna e sa ventana argiddadas a ingìriu, is mureddas pe parti ’e s’enna asutta ’e s’umbragu ’e s’àxina, sa mata ’e sa figu	Il cancello di legno del cortile è aperto, entrano, e Luisicu vede le cose già viste da bambino, viste da sempre, da vicino e da lontano: la casa bassa con la porta e la finestra imbiancate all’intorno come le altre case del paese, le panchine di pietra ai lati della porta, sotto il pergolato, l’albero del fico
Ma bidi àtaras cosas puru, chi is àturus no binti: su babbu sézziu in sa muredda, a mericeddu, fumendu su zigarru sardu a fogu a intru e ispudendu in terra fattu-vattu; sa mamma filendu lana ’e brebei, bianca o niedda, lana de genti allena; ddi pàrit de intendi su fragu ’e su zigarru, de biri su fusu chi pèndit de sa cannùga furriendu senza ’e fai sonu	Ma vede anche altre cose che gli altri non vedono: suo padre seduto sulla panchina, all’imbrunire, che fuma il sigaro sardo a fuoco in dentro e sputa per terra di tanto in tanto; sua madre che fila lana di pecora, bianca e nera, lana altrui, e gli sembra di sentire l’odore del sigaro e vedere il fuso che pende dalla conocchia e gira silenzioso
È comente chi sìat fendu un’àturu incontru cun issu e totu, tristu prus de su primu	È come se facesse un altro incontro con se stesso, triste più del primo
Sara càstiat cun attenzioni dónnia cosa e ddi pàrinti cosas connotas, bias medas bortas in is contus de Luisicu, cun is ogus suus, cand’issu ddi contàda is contus de bidda sua, sézzius asutta ’e una cresura in d’unu campu ’e trigumoriscu o in su corrazzu iscuriosu de sa coxina manna ’e domu sua	Sara guarda tutto con attenzione e tutto le sembra noto, cose viste molte volte nei racconti di Luisicu, con gli occhi di lui, quando le raccontava del suo paese seduti sotto un cespuglio ai bordi di un campo di granturco o nell’angolo più buio della grande cucina di casa sua
Lionora ’ndi bògat sa crai de busciacca, ma Luisicu si dda fàit donai e abérit issu s’enna ’e domu: sa ziminera affumiàda, is murus argiddaus, su pamentu de terra ’e forraxi, is ischidonis appiccaus a su muru, is cadiras e is bangheddus de féurra, is màrigas cun s’aqua frisca	Lionora toglie la chiave di casa da una tasca del grembiule, ma Luisicu se la fa dare ed apre lui la porta: il camino affumicato, i muri bianchi d’argilla, il pavimento di terra battuta, gli spiedi appesi al muro, le sedie ed i banchetti di ferula, le brocche con l’acqua fresca
No è cambiau nudda, totu comenti s’abettàda, comenti disigiàda	Non è cambiato nulla, è tutto come si aspettava, come desiderava
Sara bòlit biri sa domu, pòbara e pitica, e s’aposentu chi anti preparau po issus	Sara vuol vedere la casa, la stanza che hanno preparato per loro
Lionora e Ogéniu dd’accumpàngiant e Luisicu abàrrat in coxina, solu	Lionora ed Ogéniu l’accompagnano e Luisicu resta solo in cucina
Si sèzzit, dd’è torrau cudda spézia ’e scimìngiu chi dd’è benìu in istazioni prima de ’ndi calai ’e su trenu	Siede, e di nuovo quel capogiro che l’ha colto alla stazione, prima di scendere dal treno
No arrennèscit a penzai ch’est in domu sua, ca innoi è nàsciu, innoi at biviu e de innoi è partìu	Non riesce a rendersi conto che si trova in casa sua, che qui è nato, qui ha vissuto e da qui è partito
Ddi tòrrat a conca cudd’idea de sa trincera innoi in bidda sua, s’ùrtima trincera, e ddi pàrit de c’èssi arrutu in d’unu fossu ’e scurìu, accantu no bit nudda	Il pensiero gli ripresenta quella trincea mai vista, qui nel suo paese, e gli sembra di essere precipitato in un pozzo di buio, dove non vede niente con gli occhi
cun is ògus ma bit totu cun sa menti, craru comente chi fèssit beru	ma vede tutto con la mente, chiaro come se fosse vero
E bit ancora cuddus mortus e cuddu sànguni chi pàrit bessìu de su coru suu e totu	Vede ancora quei morti, e quel sangue che sembra sgorgare dal suo stesso cuore
È sudau e si frìgat is ogus comente unu chi est iscidendusindi de unu bisu léggiu, durau una furriàda ’i ogus, ma chi ddu làssat abbàttiu, stontonau, cun su coru in sumbullu	È sudato, si stropiccia gli occhi come se stesse svegliandosi dopo un brutto sogno durato un battito di ciglia, ma che lo lascia abbattuto, stordito, col cuore in subbuglio
Sara è bessendindi de s’aposentu ’e lettu cun Lionora, ddu bit in cussu stadu e s’assùstrat	Sara sta uscendo dalla stanza da letto, lo vede così agitato e si spaventa
Si dd’accóstiat, séria, ddi pònit sa manu in conca allisendiddi is pilus:	Si avvicina, preoccupata, gli sfiora i capelli con la mano
“Cos’hai, Luisicu?”.	“Cos’hai, Luisicu?”.
“Deu	“Io
Nudda, è fendu basca, fa caldo”.	Nulla, fa caldo”.
S’indi pèsat, s’indi bògat sa giubba, su collettu biancu e ddus pònit in d’una cadira	Si alza, si toglie la giubba, il colletto bianco, li posa su una sedia
Poi tòrrat accanta a Sara, ddi pònit una manu in coddus e dda càstiat cun amori, scaringendusì a arrìri:	Poi ritorna vicino a Sara, le mette un braccio intorno alle spalle e la guarda con amore:
“Custu merì ti porto a Sa Prazzitta a vedere i balli”.	“Questa sera ti porto a Sa Prazzitta a vedere i balli”.
Mancai fèssit su patronu e dónni annu dd’èssinti fattu una grandu festa, in Biddanoa Santu Giulianu devotus indi tenìat pagus	Benché fosse il patrono e tutti gli anni si facesse in suo onore una grande festa, in Biddanoa Santu Giulianu devoti ne aveva pochi
Comente Santu Sidòru, Santu Serbestianu, Santu Giuanni e calincun’àturu, Santu Giulianu fut unu santu ’e linna, bécciu, unu santu antigu, e a custus santus nèmus ddis connoscìat miraculus	Come Santu Sidoru, Santu Serbestianu, Santu Giuanni e qualche altro, Santu Giulianu era un santo di legno, vecchio, un santo antico, e di questi santi nessuno conosceva grandi miracoli
Forzis calincunu dd’ìant’èssi fattu puru, ma diora, in àturus tempus, candu sa genti fut bova e dónnia cosittedda ddi parìat unu miraculu	Forse qualcuno l’avevano anche fatto, ma nei tempi antichi, quando la gente era sempliciotta ed ogni fatterello sembrava un miracolo
E poi fùanta lèggius, po èssi santus: totu scroxolàus, bestìris e facci, is ògus isparpalocciàus, is manus cancaradas ingruxadas in pettorras, no si podìat crei chi cussus santus, bèccius e malaccòncius, èssinti póziu fai miraculus e acanzai gràzias	E poi erano brutti, questi santi di legno, per essere santi: tutti scorticati, vestiti e faccia, gli occhi sbarrati, le mani rattrappite incrociate sul petto, nessuno avrebbe mai potuto credere che questi santi, così vecchi e malconci, fossero capaci di fare miracoli e di concedere grazie
Senza ’e contai ca custus santus de linna, chi fùanta sèmpiri stétius in sa crésia ’e Biddanoa, de seculus e seculus, oramai si podìanta cunziderai biddanoesus	Senza tener conto che questi santi di legno erano sempre stati nella chiesa di Biddanoa, da secoli e secoli, e ormai si potevano considerare biddanoesi
E unu santu biddanoesu chi fàit miraculus è cosa de fai morri ’e s’arrisu	E un santo biddanoese che fa miracoli è cosa che fa morire dal ridere
Po fai miraculus ci ’òlinti santus furisteris, italianus o di àtaras nazionis, santus de grandu dottrina e de grandu sapiénzia, e no santixeddus de nudda, santixeddus de bidda	Per fare miracoli ci vogliono santi forestieri, italiani o di altre nazioni, santi di grande dottrina e di grande sapienza, e non santerelli da nulla, santerelli di paese
Àtara cosa fut Sant’Antonio di Padova o la Madonna della Guardia, ca fut de Genova	Altra cosa era Sant’Antonio di Padova o la Madonna della Guardia, che era di Genova
Intantis fùanta de cartapesta e non de linnaBeni cuncordaus, artus, bellus, cun sa peddi de sa facci e de is manus colori ’i arrosa, lisa lisa, is ogus celestis in gloria furriàus a celu, ddis mancàda sceti su fueddu	Intanto erano santi di cartapesta e non di legno, ben vestiti, alti, belli, con la pelle del viso e delle mani color di rosa, liscia liscia, gli occhi celesti in gloria, gli mancava soltanto la parola
Candu ddus castiàsta parìat chi t’èssinti torrau sa miràda, chi t’èssinti lìggiu in su coru is penas chi portàsta	Quando li guardavi sembrava che ti ricambiassero lo sguardo, che ti leggessero nel cuore le pene che ti affliggevano
Ananti insoru t’agatàsta ingenugau, preghendu, senza mancu t’indi sapìri	Davanti a loro ti trovavi inginocchiato, pregando senza neppure accorgertene
Custus sì, ca fùanta santus de miraculus e di grazie ricevute, santus connotus in totu su mundu, finzas e in America	Questi sì che erano santi da miracoli e da grazie ricevute, santi conosciuti in tutto il mondo, perfino in America
Bastàda a liggi “Il Messaggero di Sant’Antonio” o “Il Bollettino della Madonna della Guardia”, chi fùant is giornalis insoru, po sciri cantu miraculus ìanta fattu, cantu genti ìanta fattu torrai sana e salva in tempus de guerra, e sanai malàidus e ferìus, e ritrovare oggetti smarriti, e fai torrai a domu unu maridu o una mulleri chi si fùanta fuìus	Bastava leggere “Il Messaggero di Sant’Antonio” o “Il Bollettino della Madonna della Guardia”, che erano i loro giornali, per sapere quali e quanti miracoli avevano fatto, quanta gente avevano fatto ritornare a casa sana e salva in tempo di guerra, e guarire ammalati e feriti, e ritrovare oggetti smarriti, e far ritornare a casa un marito o una moglie che se n’erano allontanati
Ma, torraus a nai, fùanta santus di àtara pasta, santus di àturus logus	Ma, torniamo a dire, erano santi di altra pasta, santi di luoghi stranieri
Eppuru Santu Giulianu, cun totu ca fut unu santu ’e linna, bécciu, dus devotus ddus tenìat issu puru: Pissenti Marras e Tia Annìca	Eppure Santu Giulianu, quantunque fosse un santo di legno, vecchio, due devoti li aveva anche lui: Pissenti Marras e Tia Annìca
Pissenti Marras fut de Nurri e fut maccu, e Tia Annìca fut bèccia, mesu zurpa e iscabbiàda	Pissenti Marras era di Nurri ed era matto, e Tia Annìca era vecchia, mezzo cieca e un po’ svanita
A Tia Annìca, mancai ddus èssit pregaus totus, bèccius e nous, sa grazia no si dd’ìat fatta perunu santu	A Tia Annìca, per quanto li avesse pregati tutti, la grazia non gliela aveva fatta nessun santo
Forzis fut po custu chi no andàda mai a crésia, né su domìnigu, né po is festas nodìas	Forse era per questo che non andava mai in chiesa, né la domenica, né per le altre feste comandate
Ma de su segund’annu ’e sa guerra, dónni annu, sa dì de Santu Giulianu, Tia Annìca, appena intendìat su primu toccu ’e campana, a mangianeddu, s’attuàt una cadiredda e s’incamminàt facci a crésia	Ma dal secondo anno di guerra, tutti gli anni, il giorno della festa di Santu Giulianu, Tia Annìca appena udiva il primo rintocco di campana, al mattino, si incamminava verso la chiesa portandosi appresso una sedietta
Candu su sagrestanu zoppu aberìat su portali, fut sa prima a intrai	Quando il sagrestano zoppo apriva il portale, era la prima ad entrare
S’ingenugàt a su costau ’e su Santu cun s’arrosàriu in manus, scurtàt sa primu missa, e candu sa missa fut acabàda e sa genti ci fut bessìa, si sezzìat in sa cadiredda accant’accanta ’e Giulianu e abettàda, sola, po duas o tres oras, chi fèssit bessìa sa prucissioni	Si inginocchiava al fianco del santo col rosario in mano, ascoltava la prima messa, e quando la messa era terminata e la gente era andata via, si sedeva nella sedietta, vicina vicina a Giulianu, e attendeva, sola, per due o tre ore, che uscisse la processione
Appena sa prucissioni cumenzàt a si cumponni e is quattru cunfrarus s’attuànta su Santu, issa fut sa prima a ddis ponni infattu, saprima infattu ’e su Santu, ananti ’e su predi chi no s’azzardàt a ddi nai nudda	Appena la processione cominciava a comporsi e i quattro confratelli si caricavano sulle spalle la pedana col santo, era la prima ad accodarsi a loro, la prima dietro il santo, davanti al prete che non osava dirle nulla
Infattu ’e su Santu fìat su giru ’e sa bidda, e candu sa prucissioni torràt a crésia, si torràt a ponni in su própiu logu e iscurtàt sa missa manna cun devozioni, ma cun d’unu pagheddu ’e fastìdiu: parìat chi no èssit biu s’ora chi fèssit acabàda	Dietro il santo faceva il giro del paese, e quando la processione rientrava in chiesa si sedeva di nuovo allo stesso posto e ascoltava la messa con devozione ma con un tantino di fastidio: sembrava impaziente di vedere la messa giungere alla fine
E a acabai c’indi ’olìat: missa a tres predis (dus de foras), cun signor Casu chi sonàt s’òrganu cun totu is sentimentus e cantàt is gòccius cun d’una bella boxi, forti, e a dónnia curba sa genti, totu impari, cantàt sa torràda:	E ci voleva tanto tempo: messa a tre preti (uno di fuori) con signor Casu che suonava l’organo con tutti i sentimenti e cantava “is gòccius”5 con la sua bella voce, e ad ogni strofa la gente in coro ripeteva il ritornello:
Poi sa prédica chi no acabàt prus, e sa genti chi s’ind’arroscìat, e Santu Giulianu puru, chi depìat iscurtai cosas chi cun sa vida sua no c’intrànta po nudda, e Tia Annìca, sézzia in sa cadiredda sighendu is penzamentus suus, movendu fattu-vattu is làvras comente chi èssit fueddendu a iscusi cun calincunu	Poi la predica, che non finiva mai, e la gente che si stufava, e Santu Giulianu pure, e Tia Annìca seduta nella sua sedietta che seguiva i suoi pensieri, muovendo di tanto in tanto le labbra come se stesse parlando sottovoce con qualcuno
Coment’ìat fattu a mangianeddu, Tia Annìca abettàt chi sa missa e sa prédica fèssint acabàdas e sa genti s’ind’èssit andada, poi ci accostiàt sa cadiredda accanta ’e su Santu e si torràt a sezzi, sola in sa crésia bùida	Come aveva fatto al mattino, Tia Annìca attendeva che la predica e la messa fossero finite e la gente fosse andata via, avvicinava la sedietta e tornava a sedersi accanto al santo, sola nella chiesa vuota
Apusti de un’ora e prus s’indi pesàda, si ponìat ananti ’e su Santu tot’affriggìa, comente chi dd’èssit bófiu pedìri perdonu de ddu lassai solu, e torràt a domu	Dopo più di un’ora si alzava, si metteva dinanzi al Santo con aria di grande afflizione come se volesse chiedergli perdono di doverlo lasciar solo, e tornava a casa
Bicculittàt calincuna cosittedda, (un’arrogheddu ’e pani e casu, duas ceréxias) e torràt a crésia, accanta ’e Giulianu	Becchettava qualcosa (un pezzetto di pane e formaggio, due ciliegie) e tornava in chiesa, vicino a Giulianu
In sa crésia deserta, a sa luxi de is pàgus candelas alluttas, Tia Annìca parìat una statua niedda accanta ’e s’àtara statua birdi e arrùbia	Nella chiesa deserta, al lume delle poche candele accese, Tia Annìca sembrava una statua nera vicina all’altra statua verde e rossa
Abarràt unu pagheddu sézzia, poi s’indi pesàda e si ponìat a facci ’e su Santu castiendiddu cun affezioni comente chi fèssit una personi bia e istimàda, abbrebulendu a iscusi cosas chi issa sceti podìat cumprendi	Per un po’ rimaneva seduta, poi si alzava e si metteva di fronte al santo guardandolo con affetto come se fosse una persona viva ed amata, bisbigliando qualcosa che essa soltanto poteva intendere
Oras e oras, finzas a su scorigadróxu	Ore ed ore, fino all’imbrunire
Tandu, candu bìat movendusì sa tenda groga ’e sagrestia, s’accostiàt prus accanta a Giulianu, dd’allisàt sa mantellina narendiddi a léstr’a léstru is ùrtimas cosas, poi a bell’a bellu, comente chi dd’èssit costau una pena manna, senza ’e si fai mancu sa gruxi, s’inc’istesiàda	Allora, quando vedeva muoversi la tenda gialla della sagrestia, si avvicinava più dappresso al santo, gli lisciava con le mani la mantellina dicendogli sveltamente le ultime cose, e piano piano, senza farsi nemmeno il segno della croce, si allontanava
Firmu accanta ’e su portali, su sagrestanu zoppu abettàt chi c’èssit bessìa po ddu serrai e andai issu puru a Sa Prazzitta, a biri sa Festa	Fermo davanti al portale, il sagrestano attendeva che uscisse, per chiudere ed andare anche lui a Sa Prazzitta, a vedere la Festa
(Candu fut iscoppiàda sa guerra, Tia Annìca fut viuda e tenìat unu fillu ’e bint’annus, cussu sceti, chi fut partìu impari cun is fedàlis	(Quando era scoppiata la guerra, Tia Annìca era vedova ed aveva un figlio di vent’anni, uno solo, che era partito assieme ai coetanei
Fut torrau una borta sceti, in licenza, bestìu ’e sordau, cun d’una mantellina grigioverde curza curza e su punniali in sinzu	Era tornato una volta sola, in licenza, vestito da soldato, con una mantellina verde corta corta e il pugnale alla cintura
Fut bellu, su fillu ’e Tia Annìca, portàda is pilus arricciàus e ddi narànta Giulianu).	Era bello, il figlio di Tia Annìca, aveva i capelli ricciuti e si chiamava Giulianu).
Ocannu, però, a mesu merì, candu in crésia ddui fut issa sceti, Tia Annìca at inténdiu comente unu pispisu accanta ’e su portali	Quest’anno però, verso sera, quando in chiesa non c’è che lei, Tia Annìca ha sentito come un bisbiglio vicino al portale
Si fùrriat, e mesu zurpa coment’esti, ddi pàrit de biri una conca ’e cuaddu incrarendusì in su portellittu	Si volta, e mezzo cieca com’è le sembra di vedere la testa di un cavallo che si affaccia dal portello
No, dèpit èssi un’umbra, genti chi è passendu	No, dev’essere un’ombra, gente che passa
Ma càstiat mellus e abàrrat a bucc’aberta, senza ’e si podi movi né zerriai, comente chi èssit biendu una pantàsima: Pissenti Marras, su nurresu maccu, est intrendu in crésia a cuaddu	Guarda meglio e resta a bocca aperta, senza potersi muovere né gridare, come se avesse visto un fantasma: Pissenti Marras, il nurrese matto, sta entrando in chiesa a cavallo
A cuaddu Pissenti Marras s’accóstiat a s’artari	A cavallo Pissenti Marras si avvicina all’altare
Est a conca sciorta, derettu asuba ’e sa sedda, sa bestepeddi bianca totu frorìa, is arrédinis in manus	È a testa scoperta, diritto sulla sella col corpetto di pelle bianca ricamato a fiori, le redini in mano
Su cuaddu ghiani, bellu che unu soli e dozili che un’angiòni, pàrit camminendu in punta ’e pei po no fai arrentronai is passus asutta ’e is arcàdas	Il cavallo nero, bello come un sole e docile come un agnello, sembra che cammini in punta di piedi per non far risuonare i passi sotto le arcate
Lómpiu ananti ’e s’artari su cuaddu si fìrmat	Giunto davanti all’altare il cavallo si ferma
Pissenti ddu tòccat appena cun is genugus e su cuaddu, pinnighèndu unu infattu ’e s’àturu is peis di ananti, s’ingenùgat	Pissenti lo tocca appena con le ginocchia, ed il cavallo, piegando una dopo l’altra le zampe anteriori, si inginocchia
Sustenendiddu cun is arrédinis chi s’at passau a sa manu ’e manca, Pissenti, cun sa manu deretta, si fàit sa gruxi e incrùbat sa conca ananti ’e su tabernàculu	Sostenendolo con le redini, strette nella mano sinistra, Pissenti Marras con la destra si fa il segno della croce e china la testa davanti al tabernacolo
Poi, tocchendiddu un’atara borta a lébiu a lébiu, ’ndi fàit pesai su cuaddu, ddi fàit fai unu mesu fùrriu, e passu passu ddu pòrtat ananti ’e su Santu, in mesu crésia	Poi con un altro leggero tocco delle ginocchia fa rialzare il cavallo, gli fa fare una svolta, e passo passo lo porta davanti al Santo, in mezzo alla chiesa
Immoi su cuaddu è firmu che una stàtua, e Pissenti ’ndi càlat lassendiddi is arrédinis in sa conca ’e sa sedda	Adesso il cavallo è fermo come una statua, e Pissenti smonta lasciando le redini appese all’arcione
Ingenugau a peis de Santu Giulianu, Pissenti Marras at pérdiu cudd’àiri chi tenìat candu fut a cuaddu	Inginocchiato ai piedi di Santu Giulianu, Pissenti Marras ha perduto quell’aria spavalda che aveva quando era a cavallo
Stringendusì is manus s’una cun s’àtara, prus che preghendu è fueddendu cun su Santu, arriendu e prangendu, cun is làmbrigas ch’indi ddi càlanta finz’a terra	Stringendosi le mani una con l’altra più che pregare sta parlando col Santo, piangendo e ridendo, e le lagrime scendono fino a terra
Cand’at acabau cussa spezia ’e pregadorìa, s’indi bògat de busciacca unu muccadoreddu arrùbiu mannu che unu lenzoru e si stréxit ogus e facci, castiendusì a ingìriu no sìat chi calincunu dd’àpat bistu	Quando ha terminato quella strana preghiera si toglie di tasca un fazzolettone rosso grande come un lenzuolo e si asciuga gli occhi e la faccia guardandosi intorno nel timore che qualcuno l’abbia visto
Bestìa ’e nieddu coment’esti, Pissenti Marras no at biu a Tia Annìca, chi appenas sa conca ’e su cuaddu s’est incraràda in su portali e dd’è passàda sa timorìa, s’ind’est iscostiàda di accanta ’e su Santu e s’è cuada in d’unu corrazzu	Vestita di nero com’è, Pissenti Marras non ha visto Tia Annìca, che appena la testa del cavallo è spuntata dal portale, e dopo che le è passata la paura, si è allontanata dal Santo in punta di piedi e si è nascosta in un angolo buio
Ma mancai in crésia sa luxi sìat pagu, Tia Annìca at bistu a Pissenti Marras ananti ’e su Santu, preghendu e prangendu de cuntentesa, e at cumpréndiu ónnia cosa	Ma benché la chiesa sia poco illuminata, Tia Annìca ha visto Pissenti Marras pregare e piangere di gioia davanti al Santo, ed ha capito ogni cosa
E ind’è prexàda, comente chi èssit torrau, cun su fillu ’e cuss’ómini stràngiu, su piccioccheddu suu e totu	E ciò che ha capito la riempie di gioia, come se insieme al figlio di quel forestiero fosse ritornato sano e salvo dalla guerra il suo stesso ragazzo
Pissenti Marras s’indi pèsat, si fàit sa gruxi e tòrrat a sezzi a cuaddu	Pissenti Marras si alza, si fa la croce e monta di nuovo a cavallo
Ddu fàit furriai un’àtara borta facci a s’artari, incrùbat sa conca e si tòrrat a fai sa gruxi	Lo fa voltare di nuovo verso l’altare, china la testa, si fa ancora la croce
Poi is passus de su cuaddu arrentrònant crarus in sa crésia scuriosa	Poi i passi del cavallo risuonano chiari nella chiesa buia e deserta
Candu su sagrestanu zoppu s’incràrat in sa tenda groga, bit una sventalliàda niedda, comente una coa ’e cuaddu, tra un’anta e s’àtara de su portali:	Quando il sagrestano zoppo s’affaccia dalla tenda gialla, vede una sventagliata nera, come una coda di cavallo, tra un’anta e l’altra del portale:
“Su Foradenòsu, su Foradenòsu!”.	“Su Foradenosu
Tremendu che una folla, arrùit genugus a terra abbrebulendu vade retro, vade retro	A volte, quando i giovani, la domenica, passeggiavano da Cuccuru ’e Callia a Sa Prazzitta, nello stradone si udiva soltanto lo scrocchio delle loro scarpe: cricri, cri-cri
Candu s’indi pèsat, sa coa de su cuaddu est isparéssia, e tra un’anta e s’àtara de su portali ddu esti sceti Tia Annìca, bessendinci, cun sa cadiredda in d’una manu e s’arrosàriu in s’àtara	Quando si rialza la coda del cavallo è scomparsa, e tra un’anta e l’altra del portale c’è solo Tia Annìca che torna a casa, con la sedietta in una mano e il rosario nell’altra
Biddanoa cumenzàt cun d’unu suspiru	Biddanoa cominciava con un sospiro
Fut su suspiru de chini, apustis de nd’èssi calau ’e su trenu in punta ’e mesudì, ndi bessìat de su fossu accantu fut sa stazioni e dda bìat di attesu, sa bidda, in artu in d’unu monti, e bìat s’arziàda mala chi fut abettendiddu po ci arribai	Era il sospiro di chi, sceso dal treno nella calura del mezzogiorno, lasciata alle spalle la stazione dopo aver percorso un breve viottolo, vedeva da lontano Biddanoa, in alto sopra un monte, e la ripida salita che avrebbe dovuto percorrere per arrivarvi
Is domus, bias de cussa distànzia, parìant allìgras, iscaringiàdas a arrìri, cun cuddu biancu a ingìriu de gennas e ventanas che una miràda beffiana ghettàda a is chi fùanta sudendu in s’ùrtimu trettu ’e s’arziadróxu chi acabàda in Cuccuru ’e Callia	Le case, da quella distanza, sembravano allegre, sorridenti, con quel bianco intorno alle porte e alle finestre come uno sguardo canzonatorio gettato al malcapitato che stava sudando nell’ultimo tratto della salita che finiva in Cuccuru ’e Callia, l’ingresso del paese
In punta ’e su monti sa cresiedda de Santu Serbestianu, ingiriàda de una costera ’e spina ’e zùrpus, e prus in bàsciu sa bidda	In cima al monte la chiesetta di Santu Serbestianu, attorniata da una china cosparsa di cardi gialli e spinosi, e, sotto, Biddanoa
Si no fèssit ca sa cresiedda portàda in cobertura un’archittu mesu sdorrocau po una campana chi no ddui fut istétia mai, s’ìat èssi póziu crei chi fèssit una de is domus de bidda fuìa a pizzu de su monti: pitica che is domus de bidda, fatta issa puru de perda bia senza ’i arrebussai, imbarchinàda issa puru a ingìriu de su portaleddu e de s’ùnica ventana, pòbara che is domus de bidda	Se non fosse stato che la chiesetta aveva sul tetto un arco mezzo diroccato per una campana che non vi era stata mai, si sarebbe potuto credere che fosse una delle case del paese fuggita in cima al monte: piccola come le case del paese, come quelle di pietra viva senza intonaco, imbiancata anch’essa intorno al piccolo portale e all’unica finestra, povera come le case del paese
Ma sa vista chi si gosàt de sa prazzixedda ’e sa crésia fìat iscaresci ónni àtara cosa: a manu ’e manca is montis iscuriosus de Brabàxa ’ndi calànta sderrumbaus finzas a s’arrìu chi ancora no si bìat, ma s’ind’intendìat sa muìda; a facci, ma prus in bàsciu, Flumindosa ’ndi bessìat de s’umbra ’e is dus montis e s’allonghiàda in su paris de Is Iscas, poi de trettu in trettu si fìat prus largu o prus istrintu, colori ’i àiri, e iscumparìat attesu intrendu e bessendu de mesu ’i àturus montis, fattus de nébida e de nuis colori ’i arrosa	Ma la vista che si godeva dal piccolo piazzale faceva dimenticare ogni altra cosa: a sinistra i monti cupi di Barbagia scendevano scoscesi fino al fiume, che ancora non si vedeva ma se ne udiva il rombo; di fronte, ma più in basso, Flumendosa usciva dall’ombra dei due monti e si allungava nella piana di Is Iscas, poi si allargava e si restringeva, color d’aria, e scompariva lontano per ricomparire ai piedi degli altri monti fatti di nebbia e di nuvole color di rosa
A manu deretta Stuppara colori ’i òru, ampra, stérria, cun is puntus nieddus de is màccias de moddizzi, sa cantonera arrubiàsta a un’oru che una sentinella sèmpiri scida, cun ogus de ventanas	A destra Stuppara color d’oro, ampia, distesa, con le chiazze nere delle macchie di lentischio, la cantoniera rossiccia a un lato come una sentinella sempre sveglia, con occhi di finestre
A s’àtur’oru, a serrai su paris, si pesàt Tacchenurri, una costera longa ma prus bàscia de is àturus montis, cun s’arrìga niedda ’e sa ferrovia che s’arràstu de unu scurzoni spropositau	Dall’altra parte, a chiudere la piana, si alzava Tacchenurri, un costone lungo e basso con la riga nera della ferrovia come l’orma di un serpente spropositato
Asutta ’e sa cresiedda, accantu acabàt sa calada, is coberturas de bidda parìant un’arrespiru piccigau a su monti, cun su campanili grogàngiu in mesu che unu didu arziau puntau a celu	Sotto la chiesetta, dove finiva la china, i tetti del paese sembravano un respiro appiccicato al monte, col campanile giallino al centro simile a un dito alzato, puntato al cielo
In cussu fossu sa stazioni ddui fut sessant’annus e prus	In quel fosso la stazione c’era da sessant’anni e passa
Inguni dd’ìat bófia su sìndigu ’e tandu, Tiu Cìcciu, chi si fut oppostu a su progettu de dda fai accanta ’e bidda, a sa parti ’e Santa Maria: troppu pirigulosu, su trenu, aici accanta, po su bestiàmini grussu chi ddui passàt, e finzas po is piccioccheddus chi àndant a sizigorrus i a circai camingioni e cardu pisciadori, candu sa cosa ’e pappai è pagu	Lì l’aveva voluta il sindaco di allora, Tiu Cìcciu, che si era opposto al progetto di farla costruire vicino al paese, dalle parti di Santa Maria: troppo pericoloso, il treno, così vicino all’abitato, per il bestiame grosso che vi passava e perfino per i bambini che andavano a lumache ed a raccogliere finocchietti ed altre erbe commestibili, quando la roba da mangiare scarseggiava
E poi su fragu de su fumu ’e su trenu ìat èssi finzas e póziu fai mali a is ortus, chi funt a pagu trettu, e calincunu de custus ortus dd’ìant èssi póziu finzas e recuisìri, po fai sa stazioni e totu is àtaras cosas chi ddui abbisongiànta	E poi l’odore del fumo del treno avrebbe perfino potuto arrecare danno agli orti vicini – e qualcuno di questi orti avrebbero potuto anche requisirlo, per costruirvi la stazione e le altre cose necessarie
No seu penzendu a is ortus de fradis mius o a i cussu ortixeddu miu, ca deu po su beni ’e sa bidda seu prontu a fai calisisìat cosa, ma a is ortus de cussus poboritteddus chi tènint isceti cussas pizzialleddas de terra	No, non sto pensando agli orti dei miei fratelli o a quell’orticello mio, ché io per il bene del paese sono pronto a fare qualunque cosa, ma agli orti di quei poveretti che hanno solo quei pochi pezzetti di terra
Mellus, mellus meda in cussu fossu in fundu ’e Stuppara, sa stazioni, asutta ’e Guntruxoni, appena cincu chilometrus de bidda, un’oretta ’e camminu	Meglio, molto meglio in quel fosso al limite di Stuppara, la stazione, sotto Guntruxoni, ad appena cinque chilometri dal paese, un’oretta di strada
Inguni no ddui pàssat mai nèmus, quindi no ddu at nisciunu pirìgulu, né po animalis, né po pipìus	Lì non passa mai nessuno, quindi non c’è nessun pericolo, né per gli animali, né per i bambini
Senza ’e contai ca fendu sa stazioni in cussu fossu, sa linea at a passai a curzu de is fogaias accantu is impresas toscanas funti sforestendu	Senza tener conto che facendo la stazione in quel punto la linea passerà vicino alle carbonaie dove le imprese toscane stanno sforestando
E ca is carbonaxus intràdas a bidda ’ndi pòrtanta ddu bieus totus	E che i carbonai entrate in paese ne portino è cosa che vediamo tutti
Bàndat beni ca tènint is dispènzas insoru, ma bénint a bidda a comporai binu, ous, ortalìzia	Va bene che hanno le loro dispense, ma in paese vengono lo stesso, per comprare vino, uova, ortaggi
Sa stazioni dd’ìanta fatta in su fossu asutta ’e Guntruxoni, e de tandu, castiendu de Cuccuru ’e Callia, si bit, asutta, su trenu che unu bremi nieddu, furriendu prima a una parti poi a s’àtara, carronàda apustis de carronàda, passendu duas e tres bòrtas ananti ’e su própiu logu	Così la stazione era sorta proprio nel fosso sotto Guntruxoni e da allora, guardando da Cuccuru ’e Callia, si vede, in basso, il treno come un verme nero che svolta prima a destra e poi a sinistra, curva dopo curva, passando due e tre volte nello stesso punto
Cun grandu trumbullu, meda fumu e pagu fua, pàssat su trenu ’e Casteddu in Pranu ’e Cràstus, in su ponti ’e Flumindosa, in Parti ’e Sàdili, e no s’arregòrdat mancu prus de is forestas chi at aggiudau a fai morri	Con grande strepito, molto fumo e poca velocità, passa il treno di Cagliari in Pranu ’e Cràstus, sul ponte di Flumendosa, in Parti ’e Sàdali, e non ha più nessun ricordo delle foreste che contribuì a far scomparire
Ma custu est un’àturu contu	Ma questa è un’altra storia
Fut abarrau quattru dis in divisa	Era rimasto quattro giorni in divisa
A sa de cincu fut andau a su Cumunu po si fai firmai su congedu de su sìndigu, comenti ’olìat sa lèi	Al quinto era andato al Comune per farsi firmare il congedo dal sindaco, come voleva la legge
Bessendu ’e domu, scìat ca cussa fut s’ùrtima borta ch’ìat èssi portau sa divisa, ca torrau a domu no ìat èssi stétiu prus l’aiutante di battaglia Luisicu, ma Luisicu ebbìa, unu biddanoesu che is àturus, pòburu, unu chi no tenìat né arti né parti	Uscendo di casa sapeva che quella era l’ultima volta che indossava la divisa, che ritornato a casa non sarebbe stato più l’aiutante di battaglia Luisicu, ma Luisicu e basta, un biddanoese come gli altri, povero, senz’arte né parte
Indi fut bessìu ’e s’offìziu a conca bàscia e si fut incamminau facci a domu passu passu, comente chi èssit andendu a un’interruE a un’interru fut andendu, a interrai unu sordau chi in vida sua àtara cosa no ìat fattu che “difendere la patria”, comenti narànta certas personis istruìas chi no ddi praxìanta mancu meda	Era uscito dal Comune a testa bassa e s’era incamminato verso casa passo passo come se stesse seguendo un funerale, il funerale di un soldato che nella sua vita altro non aveva fatto che “servire la Patria”, come dicevano certe persone che a lui non piacevano mica tanto
Dd’ìat “diféndia” in Libia, prima, piccioccheddu chi no tenìat ancora bint’annus, e poi in custa guerra chi parìat chi no èssit acabàda mai	L’aveva servita in Libia, prima, e non aveva ancora vent’anni, e poi in questa guerra che sembrava non volesse finire mai
E candu fut acabàda, “la Patria” ci dd’ìat torrau a fuliai in bidda, in d’unu corrazzu, che unu strepu bécciu chi no sérbit prus a nudda	E quando era finita “la Patria” l’aveva ributtato in paese, in un cantuccio, come un vecchio attrezzo che oramai non serve più a nulla
Congedau	Congedato
Po issu in s’esercitu no ddu ìat prus logu	Per lui nell’esercito non c’era più posto
Is gradus chi s’ìat guadangiau in tantis cumbattimentus gioghendusì sa vida, immoi, in tempus de paxi, no balìanta nudda	I gradi guadagnati in tanti combattimenti rischiando la vita, adesso, in tempo di pace, non avevano più alcun valore
Si ddus ìanta donaus po giogu, e su giogu fut acabau immoi pagòra	Glieli avevano dati per gioco, ed il gioco era finito poco fa, in Municipio
Eppuru ìat èssi donau calisisìat cosa po podi ponni cudda firma chi dd’èssit permìttiu de portai ancora cussus gradus, coment’àturus cumpàngius suus, cumpàngius chi però scìanta liggi e iscriri	Eppure avrebbe dato qualsiasi cosa, pur di poter tracciare su un foglio la firma che gli consentisse di portare ancora quei gradi, come altri suoi compagni che sapevano leggere e scrivere
Sa firma sceti non bastàda, e issu no iscìat fai che cussa	Ma la firma soltanto non bastava e lui non sapeva fare di più
Dd’ìat imparada in trincera, tra un’“azione” e s’àtara, copiendidda centu e centu bortas in su paperi ’e is gallettas, apustis chi unu tenenteddu (su chi ddi scrìat is lìttaras a sa sorri) si dd’ìat iscritta in d’un’arrogu ’e giornali	L’aveva imparata in trincea, la firma, tra un’azione e l’altra, copiandola cento e cento volte sulla carta delle gallette dopo che un tenentino, lo stesso che gli scriveva le lettere per la sorella, gliela aveva scritta su un pezzo di carta di giornale
Àturu no dd’ìat imparau, fut mortu prima	Altro non gli aveva insegnato, era morto prima
Candu fut piccioccheddu, a liggi e a iscriri no ìat póziu imparai poita a iscola no ddui fut mai mancu intrau	Quando era bambino a leggere e a scrivere non aveva potuto imparare perché a scuola non c’era entrato mai
Su babbu, giorronaderi, fut pòburu e malisanu e pagu podìat traballai: finzas e cussa pizzialledda ’e terra chi tenìat in Is Arrìus, a bòrtas abarràt bùida	Il padre, giornaliero, era povero e malaticcio e poco poteva lavorare: perfino quel pezzetto di terra che possedeva in Is Arrius a volte rimaneva incolto
In domu pani ddu ind’ìat pagu, e a ses annus dd’ìat mandau a fai su boinàrgiu, a dexi s’angionàrgiu, su pastoreddu finzas a sex’annus	In casa pane ce n’era poco, così già a sei anni custodiva un giogo di buoi e a dieci un gregge di agnelli
Finzas a cuss’edadi si pòdit nai ch’ìat bìviu sèmpiri in su monti	Fino ai sedici anni aveva vissuto quasi sempre in campagna
Su monti però dd’ìat fattu cresci biazzu e fut istétia sa scola sua: ìat imparau a no timi nudda, né scurìu né temporadas, né genti mala, né leppa, né fusili	La campagna l’aveva fatto crescere sano e robusto, era stata la sua scuola: aveva imparato a non temere nulla, né il buio né i temporali, né gente cattiva né coltello né fucile
Ma de candu fut mortu su babbu a su monti no ddui fut bófiu torrai prus: tenìat sex’annus e fut abarrau in domu, cun sa mamma e cun sa sorri, circhendu ’e fai calincun’àturu traballu	Ma a sedici anni, morto suo padre, aveva abbandonato la campagna ed era tornato in paese con la madre e con la sorella, deciso a fare qualche altro lavoro
Ìat fattu prima su giorronaderi, a marrai fà o trigu, ma sigomenti cun su marroni tenìat pagu cunfidénzia, traballu ’nd’agatàt pagu	Aveva fatto prima il giornaliero, a zappare grano o fave, ma siccome con la zappa aveva scarsa dimestichezza, lavoro ne trovava ben poco
Poi a bogai perda po fai carcina	Poi a cavare pietre per i forni di calcina
Forti comenti fut, cun su piccu s’arrangiàt mellus e traballu no ’ndi ddi mancàda	Forte com’era, col piccone e con la mazza se la cavava meglio e lavoro non gliene mancava
Si calincuna borta ddu ponìant a aggiudai is minadoris, fut prexau che una pasca: candu scoppiànta is minas, a mesu merì, po issu fut unu spàssiu	Se qualche volta lo mandavano ad aiutare i minatori era contento come una pasqua: quando scoppiavano le mine per lui era un divertimento
Finzas e in guerra su scóppiu ’e is granatas ddi fìat arregordai is minas de Figu’ Nieddas	Anche in guerra lo scoppio delle granate gli ricordava le mine di Figus Nieddas
Ma su traballu no ddi fìat trascurai su divertimentu: in carnevali, o su domìnigu in Sa Prazzitta, in cussus annus no fut mai mancau a unu ballu	Ma il lavoro non gli faceva trascurare il divertimento: a carnevale, o la domenica in Sa Prazzitta, in quegli anni non aveva perduto un solo ballo
E mancai fèssit ancora unu giovuneddu, tenìat fama di èssi unu de is mellus baddadoris de bidda	E benché fosse ancora poco più che un ragazzo, aveva fama di essere uno dei migliori ballerini del paese
Su mellus, segundu Tiu Frori, su sonadori ’e launeddas	Anzi il migliore, secondo Tiu Frori, il suonatore di launeddas
Camminendu passu passu in sa bia strinta de Santa Maria, deserta in cuss’ora de mesu mangianu, Luisicu fut torrendu a bivi, in pagus minutus, is annus de sa vida sua passàda: de sa dì chi, ancora pipìu, fut andau sa primu borta a su monti, a sa dì chi fut partìu sordau e po sa prima borta ìat bistu a Casteddu e su mari, e is tranvias, e Piazza Yenne, e via Santa Margherita	Camminando passo passo nella strada stretta di Santa Maria, deserta in quell’ora di mezza mattina, Luisicu riviveva gli anni della sua vita passata fino al giorno in cui era partito soldato e per la prima volta aveva visto Cagliari e il mare, e i tram, e piazza Yenne e via Santa Margherita
Poi Tripoli, su desertu, sa guerra, su gustu ’e sa guerra chi no ìat pérdiu mancu in custus quattr’annus, e is gradus, e is medaglias	Poi Tripoli, il deserto, la guerra, il gusto della guerra che non aveva perduto nemmeno in questi ultimi quattro anni, e i gradi, e le medaglie
Chi no ddi fùanta serbius a nudda, né is unus né is àtaras	Che non gli erano servite a nulla, né gli uni né le altre
No serbìat a nudda manch’issu, immoi, strepu bécciu fuliau in su corrazzu, soldato valoroso chi fut torrendu a domu cun su congedu in busciacca, firmau de su sìndigu	Non serviva a nulla neppure lui, adesso, vecchio attrezzo buttato in un angolo, soldato valoroso che stava tornando a casa col foglio di congedo in tasca, firmato dal sindaco
Candu fut po intrai in prazza si fut firmau comente fertu a balla: Sara, eita ìat èssi nau Sara, candu	Quando stava per entrare nel cortile si era fermato di colpo: Sara, cosa avrebbe detto Sara quando
Intrendu in domu dd’ìat agatàda accanta ’e s’enna	Entrando in casa l’aveva trovata vicino alla porta
Dd’ìat pigàda a sa manu e fùant intraus impari in s’aposentu ’e lettu	L’aveva presa per mano ed erano entrati insieme nella stanza da letto
Ìat serrau s’enna e si ddi fut postu a ananti, imponenti in sa divisa beni fatta, cun is gradus de prata in su berrettu e in is ispallinas de sa giubba, castiendidda fissu:	Aveva chiuso la porta e le si era piantato davanti, imponente nella divisa elegante, con i gradi d’argento nel berretto e nelle spalline, guardandola fisso:
“Chi sono?”.	“Chi sono?”.
Sara, cun sa brenti manna in foras, castiendiddu fissu issa puru, si fut posta sull’attenti tocchendusì sa fronti cun is didus téndius, arrì arrì fendiddi una spézia ’e saludu:	Sara, col pancione in fuori, guardandolo anch’essa con un lieve sorriso, si era messa sull’attenti toccandosi la fronte con le dita tese in una specie di saluto militare:
A bell’a bellu, comente chi fèssit tirendusindi su croxu, s’ind’ìat bogau sa divisa: su berrettu, prima, cun attenzioni, comenti fìat sèmpiri po no s’indi sculai sa scriminera; sa giubba, sgancendindi is buttonis cun is didus chi parìanta cancaràus; su collettu biancu, sa camisa, is cambalis lùcidus ch’ìat allisau cun sa manu, is pantalonis cun is bretellas pendi pendi	Lentamente come se stesse togliendosi la pelle, si era tolto la divisa: il berretto, prima, con attenzione, come faceva sempre per non sconciarsi la scriminatura; la giubba, slacciandosi i bottoni con due dita rattrappite; il colletto bianco, la camicia, i gambali lucidi, che lisciava con la mano, i pantaloni con le bretelle penzoloni
A manu a manu chi si spollàda ìat postu dónnia trastu in pizzu de su lettu, beni assentau, e immoi cussus pannus parìant is pannus de unu mortu chi si fèssit isfattu in s’àiri cun d’unu pispìsu	A mano a mano che si spogliava metteva ogni indumento sul letto, con cura, e adesso quei panni sembravano i panni di un morto che si fosse sfatto nell’aria con un bisbiglio
Poi si fut bestìu in burghesu, ma a lestru, comente chi èssit tentu pressi de si presentai ananti ’e calincunu bestìu in custa manera	Poi si era vestito in borghese, alla svelta, come se avesse fretta di presentarsi a qualcuno vestito in quella maniera
Sara, sézzia in d’una cadira, is manus asuba ’e sa brenti, sa conca incrubàda appena a una parti, fut castiendiddu comente chi fèssit liggendiddi in su penzamentu	Sara, seduta su una sedia, le mani abbandonate sul ventre, la testa inclinata da un lato, lo guardava leggendogli nel pensiero
Candu Luisicu ìat acabau ’e si bestìri e si ddi fut postu torra a ananti cun àiri avvilìa, Sara s’indi fut pesàda, dd’ìat postu una manu in bucca poi dd’ìat imprassau:	Quando Luisicu aveva finito di vestirsi e si era messo nuovamente davanti a lei con aria avvilita, si era alzata, gli aveva poggiato una mano sulla bocca per impedirgli di parlare e l’aveva abbracciato:
A Luisicu ddi fut partu ch’indi dd’èssinti pigau unu pesu ’e su coru: in fundu, sa guerra dd’ìat donau calincuna cosa chi balìat prus de is gradus e de is medàllias	A Luisicu era sembrato che gli avessero tolto un peso dal cuore: in fondo la guerra gli aveva dato qualcosa che forse valeva più dei gradi e delle medaglie
E fut una bidda pòbera, sa prus pòbera de totu su Sarcidanu, sa prus sola	Ed era un paese povero, povero, il più povero di tutto il Sarcidano, il più solo
Arrumbàda a su montixeddu de Santu Serbestianu, Biddanoa s’incraràt de cudd’artura cun is domixeddas de perda stricchiddàdas de biancu, artu su campanili che unu pastori in mesu s’arèi, e si bìat de ónnia punta ’e monti, de Tacchenurri e de Parti ’e Sàdili, de Santa Ittória e di ónnia logu	Appoggiata al monticello di Santu Serbestianu, Biddanoa s’affacciava da quell’altura con le casette dai riquadri bianchi, alto il campanile come un pastore in mezzo al gregge, e si scorgeva dalla cima di ogni monte, da Tacchenurri e da Parti ’e Sàdili, da Santa ’Ittória e da ogni luogo
Ma no si bìat de nisciun’àtara bidda, né àtaras biddas si bìanta de Biddanoa	Ma non si vedeva da nessun altro paese, né altri paesi si vedevano da Biddanoa
No ddui passàt nisciuna strada chi èssit lómpia a àtaras biddas, s’ùnica strada benìat de sa Cantonera ’e Stuppara, appena foras de su fossu accantu fut sa stazioni, e in bidda morìat	Non vi passava alcuna strada che lo collegasse ad altri paesi, l’unica strada saliva dalla cantoniera di Stuppara, situata appena fuori del fosso dov’era la stazione, ed in paese moriva
Chin’èssit bófiu andai a calisisìat àtara bidda, a carru o a cuaddu, depìat prima calai a cantonera, poi pigai sa strada provinciali, chi de cantonera, passendìddi ananti, portàt a manu deretta facci a Casteddu, e a manu ’e manca facci a Tortolì, sighendu, a bòrtas accanta a bòrtas prus aillargu, is binarius de sa ferrovia	Chi doveva recarsi in qualunque altro luogo, a cavallo o col carro, doveva scendere fino alla cantoniera, poi prendeva la strada provinciale che dalla cantoniera, passandole davanti, portava a destra verso Cagliari ed a sinistra verso Tortolì, seguendo, a volte da vicino a volte no, i binari della ferrovia
“Una bidda completamente isolata”, ìat nau una borta unu cummissu viaggiadori casteddaiu, apustis de s’èssi fattu a pei cudda pigàda mala chi s’ìat agattau ananti candu ndi fut calau ’e su trenu	“Un paese completamente isolato” aveva detto una volta un commesso viaggiatore cagliaritano, dopo aver fatto a piedi la salita lunga e storta che s’era trovato davanti quando era sceso dal treno
E no ddui fut torrau a passai prus	E in paese non aveva più messo piede
Su notàriu benìat in saltafossi, di Orròli, candu ddu zerriànta po calincun’attu, si firmàt totu sa dì in domu ’e Tia Crara e a merì torràt a partìri	Il notaio veniva in saltafossi, da Orroli, quando lo chiamavano per qualche atto, si fermava tutto il giorno in casa di Tia Crara e alla sera ripartiva
S’esattori, a cuaddu, de Nurri, unu mesi sì e unu no, po sa rata, e àtaras bortas per le “ingiunzioni”, si no pagàsta, o po ti pinniorai, si s’ammalezzu no ti fut bastau	L’esattore da Nurri, a cavallo, un mese sì e uno no, per la rata, e altre volte per le ingiunzioni, se non pagavi, o per il sequestro, se la minaccia non t’era bastata
Candu aumentàt su prézziu ’e is zigarrus benìanta duas guardias de finanza, de Lanusei, e ind’arziànta de stazioni cun su muschettu a coddu, sudaus	Quando aumentava il prezzo dei sigari venivano due guardie di finanza da Lanusei e salivano dalla stazione col moschetto in ispalla, sudati
Pagu fut s’àtara genti stràngia chi si bìat, finza a sa dì ’e sa Festa, candu benìat genti de totu is biddas accanta, e torràt po una dì o duas calincunu chi fut traballendu in miniera, a Monteponi o a Bacu Abis	Poca era l’altra gente forestiera che vi si vedeva, fino al giorno della Festa, quando veniva gente da tutti i paesi vicini, e ritornava per un giorno o due qualcuno che lavorava in miniera, a Monteponi o a Bacu Abis
In Biddanoa no ddu ìat né potecarìa, né levadora, né luxi elettrica	In Biddanoa non c’era né farmacia, né levatrice, né luce elettrica
Candu fut mortu su dottori bécciu, unu campidanesu brav’ómini, grassu, cun is mustazzus biancus, su cappeddu nieddu e su cadenazzu ’e s’arrelógiu de una busciacca a s’àtara ’e su corpettu, Biddanoa fut abarràda senza ’e dottori prus de tres mesis	Quando era morto il medico vecchio, un campidanese brav’uomo, grasso, con i baffi bianchi, il cappello nero e la catena d’argento dell’orologio da una tasca all’altra del panciotto, Biddanoa era rimasta senza medico per più di tre mesi
In cussus tres mesis genti si fut ammaladiàda e fut sanàda, ma nèmus fut mortu	In questi tre mesi gente si era ammalata ed era guarita, ma non era morto nessuno
Su primu chi fut mortu fut unu pipìu, sa dì chi fut arribau su dottori nou	Dopo, il primo che era morto era stato un bambino, il giorno dell’arrivo del nuovo dottore
Iscolas finza a sa quarta, e no totus ci arribànta: calincunu fillu ’e propietariu, de ferreri o de maistu ’e muru, fillus de biddaius	Scuole fino alla quarta, e non tutti gli scolari ci arrivavano: qualche figlio di proprietario, di fabbro o di muratore, figli di gente di paese
De is àturus, de is fillus de is montàrgius, pastoris e crabàrgius, manc’unu	Degli altri, dei figli della gente di campagna, pastori e caprai, nemmeno uno
Bidda pagu zivili, finzas e a paragoni de is biddas accanta: Nurri, sa prus accanta (duas oras de cuaddu) o Isili o Mandas, a pagu trettu s’una de s’àtara e prus a curzu a Casteddu, di accantu benìat dónnia luxi	Paese poco civile perfino a confronto dei paesi vicini: Nurri, il più vicino (due ore di cavallo) o Isili, o Mandas, a poca distanza fra loro e più vicini a Cagliari, da dove veniva ogni luce
Pòbera, pòbera	Povero, povero
Sa laurera fut ancora sa chi si podìat fai cun s’aràdulu ’e linna, a fùrriu di annu in annu tra bidazzoni ’e Stuppara e bidazzoni ’e Is Serras, un’annu su primu a trigu e s’àturu a fà, s’annu infattu a s’imbessi	L’agricoltura era ancora quella dell’aratro di legno, a turno di anno in anno tra il vidazzone8 di Stuppara e il vidazzone di Is Serras, un anno il primo a grano e l’altro a fave, l’anno seguente all’inverso
S’annu chi fùant a trigu Is Serras s’annada fut sèmpiri mala, poita is terrenus fùant langius e perdosus	L’anno in cui si seminava a grano Is Serras l’annata era sempre cattiva perché quei terreni erano magri e pietrosi
Po is messaius prus pòberus fut annada mala s’annu infattu puru, poita de is terrenus bonus de Stuppara ’ndi fùanta meris is propietarius prus mannus	Per i contadini poveri era annata cattiva anche l’anno seguente, perché i terreni fertili di Stuppara appartenevano tutti ai “proprietari”.
Mannus meda no fùanta, custus propietarius, a paragoni de is grandus propietarius de Campidanu o di àturus logus, ma cuddus centu mois de terra chi sì e no possidìanta po bidda fùanta sa ricchesa	Molto grandi non erano, questi proprietari, a paragone dei grandi proprietari terrieri del Campidano o di altri luoghi, ma quei cento starelli9 di terra che possedevano, per Biddanoa erano la ricchezza
Terrenus bonus, po s’imprùs, ma terrenus malus puru, chi donànta a pesoni a chi no ’ndi tenìat nudda, o a pastura in contu ’e casu o de calincun’angioni po is festas	Terreni buoni per lo più, ma anche terreni non buoni, che davano in affitto a chi non possedeva nulla, o per pascolo in conto a formaggio e a qualche agnello per le feste
Fùanta quattru o cincu, ma tenìanta totus un’ùnicu penzamentu: “sa sienda”.	Erano quattro o cinque, ma avevano tutti un unico pensiero: la proprietà
Dd’ammanniànta candu podìanta, si podìanta, comporendu calincunu moi ’e terra si capitàda, ma paghendiddu su giustu, e mai, po nisciunu motivu, ìant’èssi béndiu sa minima pizziàlla de su ch’ìanta connotu	La ingrandivano quando potevano, se potevano, acquistando qualche pezzo di terra, se capitava, ma pagandolo il prezzo giusto, e mai, per nessun motivo avrebbero venduto una sola briciola di ciò che avevano ereditato
Sendu is familias insoru imparentadas is unas cun is àtaras, a si coiai is propietarius fùant andaus totus foras de bidda, chini in s’Ollasta, chini in sa Marmidda, chini in Campidanu	Essendo le loro famiglie imparentate le une con le altre, a sposarsi i proprietari erano andati tutti in altri paesi, chi in Ogliastra, chi nella Marmilla, chi in Campidano
Manc’unu in Cabesusu	Nemmeno uno in Logudoro
Arribànta, custas pobiddas istràngias, a groppas de cuaddu che féminas furàdas, beni bestìas, poderadas a istrintu a su maridu biddanoesu, chi passàda, derettu in sa sedda, in su stradoni e in Sa Prazzitta, a passu, comenti amostendu sa concuista appenas fatta, a passu in mesu a sa genti chi ddis ghettàt sa grazia, trigu e sali, e ddis segàt su prattu in peis de su cuaddu A passu finzas a prazza, accantu fùant is parentis, abettendu	Arrivavano, queste mogli forestiere, in groppa al cavallo come donne rubate, ben vestite, avvinghiate al marito biddanoese che passava dritto in sella nelle stradine e in Sa Prazzitta, al passo come per mostrare la conquista appena fatta, al passo in mezzo alla gente che gettava loro la “grazia”, sale e grano, e rompeva i piatti ai piedi del cavallo, al passo fino al cortile dov’erano i nuovi parenti, in attesa
Sa mulleri stràngia ’ndi calàt de cuaddu, e de cussu momentu fut biddanoesa	La moglie forestiera scendeva dal cavallo, e da quel momento era biddanoesa
Presonera in Biddanoa, in d’unu presoni ariosu, mancai, cun is murus de is montis a ingìriu, sa vista ’e Stuppara ananti, ventana birdi o colori ’i òru sèmpiri aberta, e Flumindosa chi s’allonghiàt che unu zerpi prima ’e c’intrai in is tanas de nébida, aillargu	Prigioniera in Biddanoa, in una prigione ariosa, certo, con le mura dei monti all’intorno, la vista di Stuppara davanti, finestra verde o color d’oro sempre aperta, e Flumendosa che s’allungava come un serpe prima di entrare nelle sue tane di nebbia, lontano
Ma presoni	Ma prigione
No benìat nèmus a ddas abbisitai, no unu parenti, né issas andànta mai a perunu logu	Nessuno veniva a trovarle, non un parente, né esse andavano mai in nessun luogo
Ddis fut abarràda totu sa vida un’àiri penzamentosa, e cudda tristura ’e sa genti sola chi benìat a pillu in is oras prus tranquillas, in is oras de su repósu	Era rimasta loro, per tutta la vita, un’aria pensierosa, e quella tristezza della gente sola che veniva a galla nelle ore più tranquille, nelle ore del riposo
Bellas, delicadas de figura e de modus, fìanta cuntrastu cun sa figura e cun is modus rusticus de is maridus biddanoesus	Belle, delicate di figura e di modi, facevano contrasto con la figura e con i modi rozzi dei mariti biddanoesi
Fut unu cuntrastu prus imaginau che bistu, poita, salvu candu fùant arribadas, a costau ’e su maridu no si bìanta mai, mancu in crésia: issas cun is feminas e is maridus cun is óminis, in sa cappella	Ma era un contrasto più immaginato che visto, perché, salvo quando erano arrivate, a fianco del marito non si vedevano mai, nemmeno in chiesa: loro con le donne, nella navata, e i mariti con gli uomini, nella cappella
De is familias insoru, de sa doda ch’ìanta portau, s’ind’ìanta portau, no si scìat nudda	Delle loro famiglie, di ciò che avevano portato in dote, se dote avevano portato, non si sapeva nulla
Custas coias, chi s’assimbillànta totus s’una cun s’àtara, po is linguas bonas e malas de bidda fùant unu mistériu	Questi matrimoni, che si somigliavano tutti l’uno con l’altro, sotto certi aspetti costituivano un mistero
Una cosa però è segura: is maridus biddanoesus tenìant in grandu stima e in grandu rispettu is mulleris istràngias, mellus de issus in medas cosas, prus zivilis, prus àbilis, prus ingeniosas cun sa genti chi benìat a domu	Una cosa però bisogna dire: i mariti biddanoesi avevano grande stima e rispetto per queste mogli forestiere, migliori di loro in molte cose, più civili, più intelligenti, gentili con le persone che capitavano in casa
E, cosa chi contàt prus di ónni àtara, di accórdiu cun issus in s’idea de no toccai mai, po nisciunu motivu, mancu una pimpirìda ’e sa sienda, de sa connota e de s’acuistàda	E, cosa molto importante, d’accordo con i mariti nell’idea di non cedere mai, per nessun motivo, una sola briciola della proprietà, di quella conosciuta e di quella acquisita
E nascìanta fillus, medas, prus mascus che feminas, tres o quattru mascus contras a una o duas feminas: una furtuna, po is propietarius de Biddanoa, ca cun totu cussus fillus mascus, ch’in su tràggiu assimbillànta a su babbu, fortis, traballantis, obbidientis, mai una chéscia, mai unu murrùngiu, no tenìant abbisóngiu di accordai serbidoris, né de pigai genti meda a giorronàda po marrai trigu o fà o po messài	E nascevano figli, molti, più maschi che femmine, tre o quattro maschi contro una o due femmine Una fortuna, per i proprietari di Biddanoa, con tutti quei figli maschi che nel tratto somigliavano al padre, forti, lavoratori, obbedienti, mai una lamentela, mai un mugugno. Non avevano bisogno di servi, né di giornalieri per zappare il grano o per mietere
E sa sienda s’ìat èssi manténnia, ìat èssi créscia	E la proprietà si sarebbe accresciuta
Narànta a is fillus ca una dì donniunu ’e issus s’ìat èssi agatau meri de una sienda prus manna de sa chi fut toccàda a babbu, a sa morti ’e nonnu	Dicevano ai figli che un giorno ognuno di essi si sarebbe trovato padrone di una proprietà maggiore di quella che aveva ereditato il babbo, alla morte del nonno
Ma crescìanta prus is fillus de sa sienda	Ma crescevano più i figli che la proprietà
Is fillus, però, po moi no penzànt a custas cosas: bivìanta beni, no ddis mancàt nudda, né una bestimenta noa po sa Festa, né calincunu francu in busciacca su domìnigu	I figli però, per adesso, non si curavano di queste cose: vivevano bene, non gli mancava nulla, né un vestito nuovo per la festa, né qualche lira in tasca la domenica
No penzànta a nudda, penzàda a totu babbu, dezidìat tot’issu, cantu trigu seminai, cantu fà, cantu porcus pesai po domu, is ispesas de fai, totu	Non pensavano a nulla, pensava a tutto babbo, decideva tutto lui, quanto grano seminare, quante fave, quanti maiali allevare, le spese da fare, tutto
Is feminas traballànta in domu cun sa mamma, chi circàt de ddas educai mellus chi podìat, imparendiddis a ricamai e a fai dùrcis, e cuddus modus de fai chi is àtaras piccioccas de bidda no tenìanta	Le femmine lavoravano in casa con la madre, che le allevava meglio che poteva, insegnando loro a ricamare ed a fare dolci, e quelle buone maniere che le altre ragazze di paese ignoravano
Pagus is bessìdas: a is prucissionis bestìas de Fillas de Maria appenas acabàdas is iscolas, o a cuncordai unu santu candu fùanta prus mannas	Poche le uscite da casa: alle processioni vestite da Figlie di Maria appena finivano le scuole, o ad abbigliare un Santo quando erano più grandi
A baddai no ddui fùanta mai andadas e no ddu ìant èssi andàdas mai	A ballare non c’erano mai andate e mai ci sarebbero andate
Po issas, candu ìant èssi stétias in edadi, ddu ìat duas possibilidadis isceti, a parti sa di abarrai bagadìas: o intrai mòngias o si coiai cun d’unu maresciallu	Per loro, quando sarebbero state in età, c’erano solo due possibilità, a parte quella di restare zitelle: o farsi suore o sposare un maresciallo
Custa fut sa sperànzia prus manna: a si coiai cun d’unu maresciallu bolìat nai a ci bessìri de cuddu presoni chi fut Biddanoa, presoni chi a is fradis, salvu calincunu, non donàt nisciunu fastìdiu, si mancu s’ind’acatànta	Questa era la speranza più grande: sposarsi con un maresciallo significava uscire da quella prigione che era Biddanoa, prigione che ai fratelli, salvo qualcuno, non dava alcun fastidio, se nemmeno ci badavano
Coment’èssinti fattu custus maresciallus, de finanza e de is carabineris, a ci acabai in bidda po si coiai, è cosa mala a cumprendi	Come avessero fatto questi marescialli di finanza e dei carabinieri a finire in paese per sposarsi, è difficile da comprendere
Ddu ìat domu ’e propietàriu accantu maresciallus ddu ind’ìat finzas e dus: unu de finanza e unu de is carabineris	C’erano famiglie di proprietari dove marescialli ce n’erano anche due: uno di finanza ed uno dei carabinieri
Benìanta de is biddas accanta (maresciallus biddanoesus no ddu ind’ìat) forzis attiraus de sa nomenàda ’i arriccus chi pàrit chi èssinti tentu is propietarius de Biddanoa, o de chini scit eita	Venivano dai paesi vicini, (a Biddanoa marescialli non ce n’erano) forse attirati dalla fama di ricchi che pare avessero i proprietari di Biddanoa, o da chissà che cosa
De sa piccioccalla propietària nèmus fut andau a istudiai: po mandai fillus a is iscolas de Casteddu is ispesas fùant mannas e s’ìat èssi dépia toccai sa sienda, cosa chi no si podìat mancu penzai	Della ragazzaglia proprietaria nessuno aveva continuato gli studi: per mandare i figli nelle scuole di Cagliari le spese erano ingenti e si sarebbe dovuta intaccare la proprietà, cosa assolutamente impensabile
E poi, gana di andai a istudiai foras de bidda cussus piccioccheddus no ’ndi tenìanta, salvu che unu, su prus mannu ’e totus	E poi, voglia di studiare quei ragazzi non ne avevano, salvo uno, il più grande di tutti
Ma no si podìat fai fillus e fillastus, e fut abarrau in domu issu puru	Ma non si potevano fare figli e figliastri, e così era rimasto in casa anche lui
Po moi	Per ora
In custas familias mancu sa guerra ìat cambiau nudda: candu fut iscoppiàda, “is meris mannus” no fùant prus in edadi di èssi richiamaus, mancu in sa territoriali, poita tenìanta totus una cinquantina ’i annus o pagu prus, e is fillus, tra is cattórdixi e is dexessetti, no tenìant ancora s’edadi de fai su sordau, a parti cuddu, su chi bolìat istudiai Cosa chi poi ìat fattu apustis congedau, in continenti	In queste famiglie nemmeno la guerra aveva cambiato nulla: quando era scoppiata i “padroni grandi” non erano più in età di essere richiamati, nemmeno nella territoriale, perché erano tutti sulla cinquantina ed i figli, tra i quattordici e i diciassette, non avevano ancora l’età per essere chiamati alle armi, a parte quello che avrebbe voluto studiare, cosa che poi aveva fatto dopo congedato, in continente
Fut abarrau medas annus senza ’e torrai a bidda, ma fattu-vattu s’intendìat a sa radio, fendu parlatas accantu nomenàt sèmpiri “il nostro amatto Ducce”. Tandu su podestà fìat ghettai su bandu e sa genti depìat andai a Sa Prazzitta a dd’ascurtai	Era rimasto molti anni senza tornare in paese, ma di tanto in tanto faceva un discorso alla radio nel quale nominava sempre “il nostro amatto ducce”. Allora il podestà faceva dare il bando e la gente doveva andare a Sa Prazzitta ad ascoltarlo
Bogàdas is familias ch’eus nau, bogàdas is autoridadis chi tenìant cumandu e paga fissa, Su Buttegheri e calincunu penzionau, su restu de sa genti ’e bidda, genti bona e genti mala, si campàt adìziu sa vida: messaieddus cun dus bois istasius, unu carru e calincunu terrenu a pesoni o a mes’a pari, marradoris cun pizzialleddas di ortu in Su Fenu o in Is Arrìus, pagu cosa, su tanti de ddui ponni unu pagheddu ’e fasolu po s’ierru, tomatas, trigumoriscu po sa pulenta	Tolte le famiglie che abbiamo detto, tutte le autorità che avevano potere e paga fissa, Su Buttegheri10 e qualche pensionato, il resto della gente, gente buona e gente cattiva, campava stentatamente: piccoli agricoltori con due buoi pelle e ossa, un carro ed un pezzetto di terra presa in affitto o a mezzadria, che zappavano un orticello in Su Fenu o in Is Arrius, poca cosa, il tanto di coltivarvi pomodori, un po’ di fagioli per l’inverno, un po’ di granturco per la polenta
E pastoris cun tallus chi no arribànta mai a centu brebeis, crabàrgius cun tallus finzas e prus piticus, giorronaderis cun pagus giorronadas, fèminas chi andànta a linna o a istazioni a bendi un’imbudu ’e ceréxia a is passeggeris de su trenu, in làmpadas, o una dusina ’e pillonis de tàccula in s’ierru, asutta ’e sa ni	E pastori con greggi che non arrivavano mai a cento pecore, caprai con greggi anche più piccole, giornalieri con poche giornate, donne che andavano a far legna o alla stazione a vendere un “imbuto”11 di ciliegie ai passeggeri del treno, in giugno, o una dozzina di grive12 d’inverno, sotto la neve
E piccioccheddus iscurzus, azzapulaus, tingiosus, bèccias ziddiccosas	E ragazzini scalzi con i vestiti rattoppati, tignosi, vecchie cispose
E pòburus piccigaus a terra, fàmini puru, ma nèmus andàt a pedìri: a Tia Chica, una borta, ’ndi dd’ìanta furau sa cotta ’e su pani fattu po tres cìdas, e duas dis apustis ìat agattau unu civràrgiu sceti, ammuccorau, in sa grutta ’e Fromosa	E poveri, poveri, fame anche, ma nessuno andava a chiedere l’elemosina: a Tia Chica una volta avevano rubato il pane appena fatto per tre settimane, e due giorni dopo avevano ritrovato una sola focaccia, ammuffita, dentro la grotta di Fromosa
Sa Prazzitta fut su coru ’e Biddanoa	Sa Prazzitta era il cuore di Biddanoa
In Sa Prazzitta ddui passànta totus, bius e mortus, óminis e feminas, santus e carabineris, bois, brebeis, su predi, su dottori, Conchióu	In Sa Prazzitta passavano tutti, vivi e morti, uomini e donne, Santi e carabinieri, buoi, pecore, il prete, il dottore, Conchiou
A manu deretta, intrendu ’e su stradoni, ddui fut su Municipiu, prus mannu, prus artu e prus bellu de is àtaras domus	A destra, entrando dallo stradone, c’era il Municipio, più grande, più alto e più bello delle altre case
Su Municipiu cumenzàt de is banghinas ananti ’e su Monti Granàticu e acabàt cun is nius de is arrùndilis, accanta ’e su celu	Il Municipio cominciava con le panchine di pietra davanti al Monte Granàtico e finiva con i nidi delle rondini, vicino al cielo
Tres is pòrtas de su Municipiu, tres is ventanas de su susu, e in sa de mesu ddui fut su curridóriu accantu s’incraràt sa genti benìa de foras po fai “sa parlata”, e Tia Mundìca po sonai sa campana ’e scola	Tre le porte del Municipio, tre le finestre del primo piano e in quella di mezzo c’era il balcone da dove s’affacciava la gente che veniva da fuori per fare la “parlata”14 e Tia Mundica per suonare la campana della scuola
In su susu ddui fùant is iscolas cun totu su baccanu, a su costau s’offìziu de su Segretariu, cun d’unu sportellu po is chi andànta a fai bollettinus de bestiàmini e una cadìra po su Sìndigu, chi a merì, candu torràt de marrai, andàt a firmai is paperis	Al primo piano c’erano anche le scuole con tutto il baccano ed a fianco l’ufficio del Segretario con uno sportello dove faceva i bollettini del bestiame, e una sedia per il Sindaco, che nel pomeriggio, quando ritornava da zappare, andava a firmare le carte
(Apustis, però, sa cadìra fut serbìa a su Segretariu, chi a merì portàda is paperis alla firma del Podestà).	(Dopo, però, la sedia era servita al Segretario, che nel pomeriggio portava le carte da firmare al Podestà seduto in poltrona).
Comente santus, in Sa Prazzitta no ddui passàda sceti Santu Giulianu, sa dì ’e sa Festa, po castiai is paradas e is guettus e saludai is turronaius, ma ddui fìanta s’Incontru, su Sàbudu Santu a mesudì, Gesucristu cun sa Mamma, s’Addolorada	Come Santi, in Sa Prazzitta non vi passava soltanto Santu Giulianu, il giorno della Festa, per guardare le bancarelle ed i razzi e salutare i torronai, ma vi facevano l’“Incontro”, il Sabato Santo a mezzodì, Gesucristo con la Madre, l’Addolorata
S’Addolorada intràda in Sa Prazzitta bestìa ’e nieddu, cun setti stoccus in pettòrras, e apustis chi su predi ìat cantau su Stabat Mater ’ndi bessìat bestìa ’e biancu, prexàda, cun su Fillu a su costau	L’Addolorata entrava in Sa Prazzitta vestita di nero, con sette stocchi nel petto, e dopo che il Rettore aveva cantato lo Stabat Mater ne usciva vestita di bianco, contenta, col Figlio a fianco
Candu Mamma e Fillu s’adobiànta, Tiu Crobellu toccàt tot’a is quattru campanas, cun is manus e cun is peis, su sagrestanu is matràccas, Sa Sprama tiràda is bòmbas prus mannas chi tenìat, e sa genti chi fut abarràda in domu pigàda a pinnigosus gennas e ventanas po ci bogai su dimóniu e sa malasorti	Quando Madre e Figlio s’incontravano, Tiu Crobellu suonava tutte e quattro le campane, con le mani e con i piedi, il Sagrestano le “matraccas”,15 Sa Sprama tirava le bombe più grandi che aveva e la gente che era rimasta in casa prendeva a pugni le porte e le finestre per mandar via il demonio e la malasorte
Appenas intendìat totu cuss’abbulottu, Tiu Valentinu s’incraràt a conca sciorta in sa ventana ’e s’aposentu ’e lettu con su fusili in manus, tiràt una scuppettàda e indi ghettàt unu canali de sa grunda, dónni annu una téula, sa crobettura fut totu smucciurràda	Appena sentiva tutto quel baccano Tiu Valentinu s’affacciava a testa nuda dalla finestra col fucile in mano, tirava una schioppettata e buttava giù una tegola della gronda, tutti gli anni una tegola, il tetto era tutto sbocconcellato
Nostra Sennora ddui torràt a passai in austu, po s’Assunta, corcàda in mesu s’affràbica, però, a intru ’e unu baùlu ’e imbirdu	Nostra Signora vi ripassava in agosto, per l’Assunta, distesa in mezzo al basilico, dentro una bara di vetro
E àturus santus, ddui passànta, in Sa Prazzitta: Santu Sidòru cun is dus boixeddus suus beni cuncordaus, infattu de totu is bois de bidda, giuntus, cun is campaneddas appiccadas a is gutturadas largas e frorias fattas a telàrgiu, cannàcas de pruinca in su zugu, e aràngius in punta ’e is corrus	E altri santi, vi passavano, in Sa Prazzitta: Santu Sidoru, con i suoi piccoli buoi bianchi infiocchettati e dietro tutti i buoi del paese, aggiogati, con le campanelle appese ai collari larghi e fioriti, tessuti in casa, collane di pervinca e arance infilate sulla punta delle corna
Is cuaddus fùant a sa nua, cun su frenu infrocchittau e unu froccu prus mannu accappiau a sa coa, fatta a trìccia	I cavalli erano “alla nuda”, senza sella, con le briglie piene di nastri e un fiocco più grande legato alla coda fatta a treccia
E Santu Giuanni Battista cun sa cìccara ’e s’aqua in manus, bùida, Santu Luisu bestìu ’e preideddu, Santa Luxìa in meseìdas, si no proìat	E Santu Giuanni Battista con la scodella dell’acqua in mano, vuota, Santu Luisu vestito da sagrestano, Santa Lucia, in dicembre, se non pioveva
Unu santu, però, passàda in Sa Prazzitta murrùngia murrùngia: Sant’Antoni ’e su Fogu	Un santo però passava in Sa Prazzitta mugugnando: Sant’Antoni ’e su Fogu
Sa vigìlia ’e sa festa sua, chi fut in gennàrgiu, in Sa Prazzitta fìant unu foghidoni spropositau Abarrànta tres dis portendu linna, a carrus, grussa e fini, siccàda e frisca, truncus, cozzìna, binti e trinta carrus	La vigilia della sua festa, che era in gennaio, in Sa Prazzitta si faceva un falò spropositato: tre giorni a portar legna, a carri, grossa e fina, secca e fresca, tronchi, ceppi, venti e trenta carri
A su scorigadróxu ddi ponìanta fogu, e fut unu fogu chi no si pòdit crei: in Sa Prazzitta parìat a de dì, no ddu ìat umbra in nisciunu corrazzu, is domus timìanta di èssi fattas a craboni, is pampas de su fogu arribànta a celu, scallànta is nuis, abbruschiànta is isteddus	All’imbrunire gli si dava fuoco, ed era un fuoco che non si può credere: in Sa Prazzitta sembrava giorno, non c’era ombra da nessuna parte, c’era caldo, le case temevano di essere ridotte a carbone, le fiamme arrivavano al cielo, squagliavano le nuvole, bruciacchiavano le stelle
Sa genti no si podìat accostiai troppu po no s’abbruxai, ma una cumbrìccula de piccioccalla, cun d’unu cancarroni ’e ferru, longu, ’nd’accostiàt unu muntoni ’e braxa e arrustìat pezza ’e margiani	La gente non poteva avvicinarsi troppo per non bruciarsi, ma una combriccola di ragazzotti, con un lungo gancio di ferro, avvicinava mucchi di brace ai bordi del falò e arrostiva carne di volpe
Abarrànta totu sa notti a ingìriu ’e su foghidoni, pappendu e buffendu, e aggiannittendu comenti fàint is margianis	Stavano tutta la notte intorno al fuoco, mangiando e bevendo e facendo il verso della volpe
Ma no fut pezza ’e margiani, sa chi pappànta, fut pezza ’e porcu e di angioni, biddanoesus furuncus	Ma non era carne di volpe quella che mangiavano, era carne di porcetto e di agnello, biddanoesi ladroni
S’incràs, candu Sant’Antoni passàt a ananti de su foghidoni ancor’alluttu, su porceddu ’e ghìsciu chi portàt a peis, in sa peana, ddi tiràt su bestìri cun is dentis e dd’amostàda, in terra, is ossus ispurpaus, chi no fùant ossus de margiani	L’indomani, quando Sant’Antoni passava davanti al falò ancora acceso, il porcello di gesso che stava ai suoi piedi, nella pedana, gli tirava la tonaca con i denti e gli mostrava gli ossi spolpati sparpagliati per terra, e non erano ossi di volpe
Torrau a crésia, Sant’Antoni si chesciàt cun Santa Luxìa, una santa tenta in meda cunzidéru de is àturus santus, mancai fèssit de linna:	Quando Sant’Antoni tornava in chiesa si lamentava con Santa Luxia, una santa tenuta in molta considerazione dagli altri santi, sebbene fosse di legno:
“Bella devozioni, sa de custus biddanoesus	“Bella devozione, quella dei biddanoesi
Nanta ca fàinti su foghidoni in onori miu, poi ddu arrùstinti pezza furàda	Dicono che fanno quel falò in mio onore, poi vi arrostiscono carne rubata
No ddui torru a passai mai prus, in Sa Prazzitta insoru!”.	Non voglio passarvi mai più, nella loro Prazzitta”.
Ma Santa Luxìa scìat comenti ddu pigai, e Sant’Antoni ’e su Fogu ddui torràt a passai dónni annu	Ma Santa Luxia sapeva come prenderlo e Sant’Antoni ’e su Fogu tornava a passarvi tutti gli anni
Però, innanti ’e ddui lompi, ci furriàt sa facci a s’àtara parti po no biri is ossus arrosigaus, ispainaus in terra a ingìriu ’e su foghidoni	Però, prima di giungervi, voltava la faccia dall’altra parte per non vedere quegli ossi rosicchiati, sparpagliati per terra intorno al falò
Candu fut torrau a intrai in s’aposentu, sa divisa fut ancora in pizzu’ de su lettu	Quando tornò ad entrare nella stanza la divisa era ancora sul letto
Parìat su croxu de unu coloru, unu de cuddus croxus de coloru lébius lébius chi agatàt asutta ’e is cresuras, candu fut piticu e si ponìat a circai su coloru in mesu s’erba, ma no dd’agatàt mai Fuìu, sparéssiu	Sembrava la pelle di una biscia, una di quelle pelli che mutano le bisce, leggere leggere, che lui trovava sotto i cespugli quand’era bambino, e subito si metteva a cercare la biscia, nei dintorni, ma non la trovava mai, fuggita, scomparsa
Che su coloru chi fut aintru ’e custa divisa finzas a immoi pagora: sparéssiu issu puru, sparéssiu l’aiutante di battaglia Luisicu lassendu su croxu in pizzu de su lettu, sparéssiu su sordau ch’ìat fattu de sa guerra s’arti sua, c’àtara no ndi scìat fai	Come la biscia che era dentro questa divisa fino a poco fa: scomparsa anch’essa, sparito l’aiutante di battaglia Luisicu, lasciando la pelle sul letto, sparito il soldato che aveva fatto della guerra il suo mestiere, perché altro non ne conosceva
E immoi ca sa guerra fut acabàda, a issu ci dd’ìanta torrau a iscudi in Biddanoa, s’intendìat che unu coloru senza ’e croxu, zurpu, chi no bìat accant’andai	E adesso che la guerra era finita il soldato era stato ributtato a Biddanoa, dove si sentiva come una biscia senza pelle, cieca, non vedeva dove andare
Tutti a casa, tutti alle vostre occupazioni	Tutti a casa, tutti alle vostre occupazioni
Is fueddus inténdius medas bòrtas ddi parìant una beffa	Le parole udite molte volte gli sembravano una beffa
Cali occupazioni	Quale occupazione
S’occupazioni sua fut cudda, mancai in is ùrtimus tempus no dd’èssit pràxia meda	La sua occupazione era quella, quantunque negli ultimi tempi non gli fosse molto piaciuta
Ma, dd’èssit pràxia o no, bisongiàt a dda fai, e in sa mellus manera, poita sa guerra – comenti naràt su capitanu Lussu – fut una cosa séria, sa cosa prus séria in sa vida ’e un’ómini	Ma gli fosse piaciuta o no, bisognava farla, e nella maniera migliore, perché la guerra, come diceva il capitano Lussu, era una cosa seria, la cosa più seria nella vita di un uomo
E in sa mellus manera dd’ìat fatta, ponendu menti a su capitanu, comente sèmpiri	E lui l’aveva fatta nel migliore dei modi, dando retta al capitano, come sempre
Ddi torrànt a sa memoria, trobeddaus, is fueddus de is giornalis chi liggìant in trincera is sordaus chi scìanta liggi, is promissas chi in s’ora ’e s’apretu fìanta ministrus e cumandantis: gli intrepidi sardi della Brigata Sassari, contadini, pastori, operai, artigiani, che tanto sangue hanno versato per la Patria comune, non dovranno essere dimenticati	Gli tornavano alla memoria, aggrovigliate, le parole dei giornali che leggevano in trincea i soldati che sapevano leggere, le promesse che nell’ora del pericolo facevano ministri e comandanti: gli intrepidi Sardi della Brigata Sassari, contadini, pastori, operai, artigiani, che tanto sangue hanno versato per la patria comune, non dovranno essere dimenticati
E pongiàus chi is bellas promissas fèssint istétias manténnias: issu no fudi né massaiu né pastori, né operaio né artigiano	E mettiamo che le belle promesse fossero state mantenute: lui non era né contadino né pastore, né operaio né artigiano
Issu fut sordau e basta, po cussu ìat pedìu sceti de podi portai ancora, in tempus de paxi, comenti àturus, sa divisa ch’ìat portau cun onori in tempus de guerra	Lui era un soldato e basta, perciò aveva chiesto soltanto di poter portare ancora, in tempo di pace, la divisa che aveva portato con onore in tempo di guerra
Ma dd’ìanta nau ca no, poita issu fut “analfabeta” e la Patria arrecumpènzat	Ma gli avevano detto di no, perché lui era analfabeta, e la patria ricompensa
fetti is chi scinti liggi e iscriri: is àturus no, is àturus dda dèpinti serbìri debadas, e apustis s’indi dèpinti tirai su croxu cun su cali dd’anti serbìa	soltanto quelli che sanno leggere e scrivere: Gli altri no, gli altri devono servire gratuitamente e dopo devono togliersi la pelle con la quale l’hanno servita
Ddi parìat di èssi spollincu, ddi parìat de no arrennesci prus mancu a camminai, fut che unu zoppu chi èssit pérdiu is bacceddus	Gli sembrava di essere nudo, gli sembrava di non riuscire più nemmeno a camminare, era come uno zoppo che avesse perduto le stampelle
Finzas e sa figura ’e su capitanu fut cumenzendu a bell’a bellu a ci stesiai, a sindi scancellai ’e sa memoria, no intendìat prus is fueddus suus	Perfino la figura del capitano cominciava lentamente ad allontanarsi, a cancellarsi dalla memoria, non udiva più le sue parole
Ma forzis cussus fueddus puru fùanta fàulas, o fueddus chi balìanta sceti in guerra, is fueddus de su cumandu, chi arribànta a su capitanu de unu cumandanti prus in artu, e a custu de un’àturu prus in artu ancora, e poi de un’àturu, de un’àturu, sèmpiri prus in artu	Ma forse anche quelle parole erano bugie, o parole che valevano solo in guerra, le parole del comando che arrivavano al capitano da un comandante più in alto, e a questi da uno più in alto ancora, e poi da un altro, da un altro ancora sempre più in alto
Po arribai a chini	Per arrivare a chi
Chini fut su prus in artu ’e totus, su ch’ìat donau su primu cumandu, su ch’ìat fattu suzzedi totu su chi fut suzzédiu	Chi era il più in alto di tutti, colui che aveva fatto succedere tutto ciò che era successo
Poita dd’ìat fattu	Perché l’aveva fatto
Totu cuddus mortus, de una parti e de s’àtara, cuddu patimentu, chi partendu de is logus accantu si cumbattìat e si morìat, arribàda in dónnia corrazzu ’e su mundu, accantu babbus, mammas, fillus, aspettànta, medas bòrtas debadas, e suffrìanta	Tutti quei morti, da una parte e dall’altra, quel patimento, che partendo dai luoghi dove si combatteva e si moriva, arrivava in ogni angolo del mondo, dove madri, padri, figli attendevano spesso inutilmente
Poita	Perché
A pag’a pagu, in cuddu logu scuriosu accantu fut sèmpiri bìviu, fut cumenzèndu a intrai un’ogu ’e soli	Lentamente, in quel luogo buio dove era sempre vissuto cominciava ad entrare un occhio di sole
Sa guerra, chi finzas a chi fut duràda dd’ìat sèmpiri bista comenti dda pòdit biri unu chi ddu est in mesu e dda fàit, cumbintu de dda depi fai, immoi fut cumenzendu a dda biri cun is ògus de chi dda càstiat di attesu e dda bit prus crara e prus terribili, unu mortoxu ch’insanguèntat su mundu e no pòdit portai a nisciunus né bèni né tranquillidadi	La guerra, che finché era durata l’aveva sempre vista come uno che c’è in mezzo e la fa, convinto di doverla fare, adesso cominciava a vederla con gli occhi di chi la guarda da lontano e la vede più chiara e più terribile, una carneficina che insanguina il mondo, e non può portare a nessuno né bene, né tranquillità
In sa menti sua, pagu abituada a penzai, cumpàrinti totu is mortus de sa guerra, amigus e nemigus, in d’unu muntoni chi ’ndi prènit totu sa terra e arrìbat a celu, e donniùnu pòrtat in is lavras purdiàdas sa própiu pregonta: “Poita?”.	Nella sua mente, poco abituata a pensare, apparivano tutti i morti della guerra, amici e nemici, in un mucchio che occupava tutta la terra ed arrivava al cielo, ed ogni morto portava sulle labbra la stessa parola: “Perché?”.
A cussa pregonta, issu chi ddi parìat di assimbillai prus a cussus mortus chi a is bius, no iscìat arrespundi	A quella domanda, lui, che adesso sembrava rassomigliare più ai morti che ai vivi, non sapeva rispondere
Ma pènzat a is fueddus de cuddus sordaus anarchicus, chi in caserma prima, e poi in trincera, narànta ca dónnia mali, e peus che peus sa guerra, bénit de s’autoridadi, de chini tènit su cumandu, sìat rei o presidenti o ministru; ca no dèpint esisti né guvernus, né generalis, né óminis chi cumàndint a àturus óminis, ca sa cosa chi còntat veramenti è sa libertadi ’i onniùnu, in d’unu mundu senza ’e meris e senza ’e serbidoris	Ma ripensava alle parole di quei soldati anarchici, che prima in caserma e dopo in trincea, dicevano che tutti i mali, e il peggiore di tutti la guerra, venivano dall’autorità, da chi ha in mano il potere, sia re o presidente o ministro; che non devono esistere né governi, né generali, né uomini che comandino su altri uomini, che l’unica cosa che conta veramente è la libertà di ognuno, in un mondo senza padroni e senza servi
Chi èssinti tentu arrexoni	Che avessero avuto ragione
Chi èssinti diadéru arrennéscius, una dì o s’àtara, a fai cudda rivoluzioni chi narànta, e ch’ìat èssi cambiau su mundu	Che fossero davvero riusciti, un giorno o l’altro, a fare quella rivoluzione che dicevano, quella rivoluzione che avrebbe cambiato il mondo
Bàstat, no bolìat penzai prus a nudda, portàt sa conca che unu caiddu ’i abis	Basta, non voleva pensare più a nulla, aveva la testa come un alveare
Ndi fut bessìu ’e s’aposentu penzendu ca su merì depìat fai un’abisìta, mancai no ’nd’èssit tentu coru	Era uscito dalla stanza pensando che quella sera doveva fare una visita, quantunque non ne avesse cuore
Su Maistu ’e scola fut benìu a Biddanoa innanti ’e sa guerra, candu tenìat bintidùs annus e ìat appena fattu su sordau	Su Maistu, il maestro di scuola, era venuto a Biddanoa prima della guerra, quando aveva ventidue anni ed aveva appena fatto il soldato
De innui fèssit no si fut cumpréndiu: naràt ca su babbu fut ollastinu, sa mamma campidanesa (mortus tot’a is dus), ch’ìat istudiau prima in Seminariu e poi in Casteddu	Di dove fosse non si era capito: diceva che il padre era ogliastrino, la madre campidanese (morti entrambi), che aveva studiato prima in seminario e poi a Cagliari
Sa primu borta chi dd’ìanta donau “l’insegnamento” dd’ìanta mandau a Biddanoa, di accantu no s’ìat èssi móviu prus	La prima volta che aveva avuto “l’insegnamento” era stato destinato a Biddanoa, da dove non si sarebbe mosso mai più
Candu fut benìu fueddàda sceti in italianu, ma no po fai biri ca fut istruìu, fut ca no iscìat fueddai su sardu a sa manera ’e Biddanoa	Quando era arrivato parlava soltanto in italiano, ma non per far vedere che era istruito, era che non sapeva parlare il sardo alla maniera di Biddanoa
Ma ìat imparau luegu	Ma aveva imparato subito
In iscola, però, niente sardo, is piccioccheddus depìanta fueddai in italianu: solu imparendu a fueddai in italianu custus ignorantis de biddanoesus ind’ìant èssi pózius bessìri dall’arretratezza e dall’ignoranza in cui fìanta sèmpiri bivius, e rassomigliarsi, almeno, a persone civili	A scuola, però, niente sardo, i ragazzi dovevano parlare in italiano: solo imparando l’italiano, questi ignoranti di biddanoesi sarebbero potuti uscire dall’arretratezza e dall’ignoranza in cui erano sempre vissuti, e rassomigliarsi, almeno, a persone civili
Solu cumenzendu de is piccioccheddus de scola s’ìat èssi póziu ottenni qualche risultato	Solo incominciando dai ragazzi di scuola si sarebbe potuto ottenere qualche risultato
A Su Maistu no ddi fut partu beru di applicare subito la circolare, e a is piccioccheddus no ddis fut partu beru de podi contai a Su Maistu cosas chi ìssus creìant importantis:	A Su Maistu non era sembrato vero di poter applicare subito la circolare, ed agli alunni di poter raccontare al Maestro cose che essi credevano importanti:
Su Maistu ìat tìmiu de ci acabai testimóngiu in tribunali e no s’ìat fattu contai prus nudda de is piccioccheddus, né in italianu né in sardu	Su Maistu aveva temuto di finire testimonio in tribunale e non si era fatto raccontare più nulla dagli alunni, né in italiano né in sardo
E ìat suspéndiu, po contu suu, l’applicazione della circolare	Ed aveva sospeso, per proprio conto, l’applicazione della circolare
Mancai no fèssit superbu, amicizia in bidda no nd’ìat fattu cun nèmus	Quantunque non fosse superbo, amicizia Su Maistu non ne aveva fatto con nessuno
Ddi capitàt, sì, de si firmai a arrexonai cun calincunu, passendu in Sa Prazzitta o in su stradoni, ma totu acabàda ingunis	Gli capitava, talvolta, di fermarsi a parlare con qualcuno, passando in Sa Prazzitta o nello stradone, ma tutto finiva lì
In s’ierru bessìat pagu, salvu che po andai a iscola	D’inverno usciva poco, salvo che per andare a scuola
Ddi praxìat a abarrai in domu, accanta ’e sa ziminera, liggendu su giornali o unu libru	Gli piaceva restare in casa, vicino al camino, leggendo il giornale o un libro
In su tempus bonu, candu podìat, arribàt passilla passilla finzas a sa funtana ’e Ziu Marras o a sa carronàda ’e Predi Carta, sèmpiri cun d’unu libru in manus chi fattu-vattu liggìat e fattu-vattu si ponìat asutta ’e suercu po castiai is trigus de Stuppara, o Flumindosa chi fut torrau colori ’e su celu	Nella bella stagione, quando poteva, arrivava passeggiando, con un libro in mano che di tanto in tanto leggeva e poi si metteva sotto il braccio, alla fontana di Ziu Marras, per guardare i campi di grano di Stuppara, o Flumendosa che era tornato colore del cielo
Su de tres annus chi fut in bidda fut arribàda una maista noa, e de sa primu dì ddus ìanta bistus sèmpiri impari	Al terzo anno che era in paese era arrivata una Maestra nuova, e dal primo giorno li avevano visti sempre insieme
Sa Maista fut leggixedda, pagu ingeniosa, e tenìat calincun’annu prus de su Maistu, ma prus azza e prus supérbia	La Maestra era bruttina, poco simpatica, ed aveva qualche anno più di Su Maistu, ma aveva più acutezza e più superbia
Cand’ìanta serrau is iscolas fùanta partìus impari, e in meseladàmini fùanta torraus pobiddu e mulleri	Alla chiusura delle scuole erano partiti insieme ed erano ritornati marito e moglie
Ìanta sighìu a fai scola comente prima, issu cun is piccioccheddus de quarta e issa cun is de prima	Erano tornati a fare scuola come prima, lui con i ragazzi di quarta, lei con quelli di prima
In giru si bìanta pagu, no fùant in relazioni cun nisciuna de is familias de bidda, stràngius fùant e istràngius fùant abarraus	In giro si vedevano poco, non erano in relazione con nessuna delle famiglie di Biddanoa, stranieri erano e stranieri erano rimasti
Candu Tiu Geroni s’ìat béndiu cuddus arrogheddus de terra chi tenìat po s’ind’andai a bivi in bidda ’e sa mulleri, Su Maistu ìat comporau su cungiau de Cuartaranda e ind’ìat fattu unu giardinu	Quando Tiu Geroni aveva venduto quei pezzetti di terra che possedeva per andare a vivere nel paese di sua moglie, Su Maistu aveva acquistato il terreno di Cuartaranda e ne aveva fatto un giardino
Sigomenti acqua ddui ’nd’ìat abbundanti, ìat cumenzau a ponni birdura, appiu e fenùgu, làttia, canciofa; poi matas de ceréxia, de néspula e de pruna, de pira e de mela, ch’ìat fattu arribai giai infertas chini scit de innui	Siccome acqua ve n’era in abbondanza, aveva iniziato a piantare verdura, sedani e finocchi, lattughe, carciofi, poi alberi, di ciliegie, di nespole, di prugne, di mele e di pere, che aveva fatto arrivare già innestati, chissà da dove
De tandu Su Maistu no si fut bistu prus passillendu cun d’unu lìburu in manus, ma appenas chi podìat currìat a Cuartaranda	Da allora Su Maistu non si era più visto passeggiare con un libro in mano, appena poteva correva a Cuartaranda
Poi ìat comporau un’arrogu ’e terra ’i ortu in Su Fenu e unu terrenu ’e pagu contu in Su Ladus ch’ìat postu a bìngia	Poi aveva acquistato anche un pezzetto di terra da orto in Su Fenu, ed un terreno di poco conto in Su Ladus, che aveva piantato a vigna
S’intendìat de custas cosas prus de cantu s’èssit póziu crei, su binu suu fut su mellus chi si fìat in bidda	S’intendeva di queste cose più di quanto si sarebbe potuto credere, il suo vino era il migliore che si facesse in paese
Immoi Su Maistu, chi tenìat terra e paga fissa e fut istruìu, in Biddanoa contàt prus de is propietarius	Adesso Su Maistu, che aveva terra e paga fissa ed era istruito, in Biddanoa contava più dei proprietari
Ìat èssi póziu fai finzas e su sìndigu, si dd’èssit bófiu fai, ma de is cosas de Biddanoa, po moi, pagu ’ndi dd’importàda e pagu s’ind’interessàda	Avrebbe potuto fare anche il sindaco, se l’avesse voluto, ma delle cose di Biddanoa, per il momento, poco gli importava e poco se ne interessava
Candu fut iscoppiàda sa guerra tenìat dus fillus de s’edadi prus o mancu de is fillus de is propietarius	Quando era scoppiata la guerra aveva due figli dell’età più o meno dei figli dei proprietari
Ddus tenìat in Casteddu, studiendu	Li teneva a Cagliari, agli studi
Mancai fèssit de una classi anziana, Su Maistu fut partìu volontario, s’ùnicu volontariu de Biddanoa	Benché fosse di una classe anziana, Su Maistu era partito volontario, l’unico volontario di Biddanoa
Sa mulleri dd’ìat accumpangiau a sa stazioni, dd’ìat saludau senza ’e una làmbriga, e de sa dì s’indi fut iscostiàda finzas e prus de sa genti	La moglie l’aveva accompagnato alla stazione, l’aveva salutato senza una lagrima, e da quel giorno si era scostata anche di più dalla gente
Si fut fatta prus superba, prus birdàngia, prus severa cun is piccioccheddus	Si era fatta più superba, più verdognola, più severa con i bambini
Su Maistu fut benìu in licenza prima cun is gradus di “aspirante”, poi de sottotenenti, e candu dd’ìanta congedau, appenas acabàda sa guerra, de tenenti	Su Maistu era venuto in licenza prima con i gradi di “aspirante”, poi di sottotenente e quando l’avevano congedato, appena finita la guerra, di tenente
Grandus cosas in guerra no ’ndi depìat èssi fattu: in su giornali de issu no ’nd’ìanta chistionau mai, comenti fìanta, inveci, po Luisicu	Grandi cose, in guerra, non doveva averne fatto: sul giornale, di lui non ne avevano mai parlato, come facevano invece, per Luisicu
In sa giubba Su Maistu portàda sceti is nastrinus delle medaglie commemorative, manc’unu nastrinu asulu di medaglie al valore	Sulla giubba Su Maistu portava soltanto i nastrini di medaglie commemorative, nemmeno un nastrino azzurro di medaglie al valore
In sa Brigata Sassari no ddui fut mai passau, no dd’ìat bistu nèmus, e poi portàt mustrinas de unu reggimentu mai inténdiu	Nella Brigata Sassari non c’era mai passato, nessuno l’aveva visto, e poi portava le mostrine di un reggimento mai sentito
Imboscau, naràt calincunu	Imboscato, diceva qualcuno
Eppuru, annus apustis, candu Lussu fut benìu a Biddanoa po fai una parlata, Su Maistu dd’ìat cumbidau a domu sua po pigai su caffeu, mancai èssit fascista, oramai, “in nome dell’antica amicizia”.	Eppure, anni dopo, quando Lussu era venuto a Biddanoa per fare una “parlata”, Su Maistu l’aveva invitato a casa sua per prendere il caffè (quantunque fosse fascista, ormai) in nome “dell’antica amicizia”.
a poi ìat donau órdini a is fascistas de no ddi lassai aberri bucca	Ma dopo aveva dato ordine ai fascisti di non lasciargli aprire bocca
Sa Prazzitta fut s’aposentu ’i arricìri, su logu accantu si contànta is contus de is tempus antigus e di ariseru, accantu passànta umbras mai passàdas in vida, o àtaras in vida sèmpiri presentis in is banghinas de su Monti Granàticu, o, a s’àtara parti, in is mureddas ananti de is domus de Frennàssiu	Sa Prazzitta era la stanza per ricevere, il luogo dove si raccontavano storie di tempi antichi e di ieri, dove passavano ombre che in vita nessuno aveva mai visto, o altre che in vita vi erano state presenti nelle panchine del Monte Granàtico o, dall’altra parte, nelle muricce davanti alle case di Frennàssiu
Is umbras prus antìgas arribànta obbedientis a su zérriu senza ’e boxi di óminis anzianus, bestìus ancora cun carzonis biancus e berritta, a cabudexèna, in is nottis de basca e de lugori, e si lassànta castiai de is óminis, de is feminas e de is giòvunus sézzius a ingìriu a pigai su friscu, chi bìant is umbras cun is ogus de is óminis in berritta, cun curiosidadi, a bòrtas cun ódiu, raramenti cun istima, cun indifferénzia mai	Le ombre più antiche arrivano nelle notti di plenilunio, dopo cena, obbedienti al grido senza voce di vecchi che indossano ancora i calzoni bianchi e la berritta, si offrono agli sguardi dei giovani che siedono in cerchio a godersi il fresco della sera e vedono quelle ombre con gli stessi occhi dei vecchi che le hanno evocate: con curiosità, a volte con odio, raramente con stima, con indifferenza mai
No si mòvit nèmus, nottesta, candu de parti ’e su stradoni ìntrant in Sa Prazzitta tres umbras, citìas comenti dèpint èssi is umbras: sa primu, robusta, bestìa ’e nieddu, cun is ullieras piticheddeddas casi piccigadas a is ogus, una spezia ’e barba a ingìriu de sa facci tunda, dda connòscinti totus	Nessuno si muove, stanotte, quando dallo stradone si affacciano in Sa Prazzitta tre ombre, mute come tutte le ombre: la prima è robusta, vestita di nero, con gli occhiali piccolissimi quasi incollati agli occhi, una barba corta intorno al viso rotondo, la conoscono tutti
Is bèccius cun sa berritta ’ndi dda stràccianta cun sa memoria de is giornalis de sessanta-settant’annus innanti, ma is giòvunus dd’anti connotu luegu, a Camillo Cavour, su chi est in su lìburu ’e terza accanta ’e Vittorio Emanuele, il padre della patria	I vecchi con la berritta la strappano con la memoria dai giornali di settant’anni prima, ma i giovani l’hanno riconosciuto subito, Camillo Cavour, quello che nei libri di terza sta vicino a Vittorio Emanuele, il padre della Patria
Infattu ’e Cavour unu chi dd’assimbìllat, ma è prus giovunu, prus beni bestìu, e cammìnat murrungendu, castiendusì a una parti e a s’àtara cun disprézziu, cun superbia, ma càstia innui ci seu acabau	Dietro Cavour uno che gli somiglia, ma è più giovane, meglio vestito, e cammina brontolando, guardando da una parte e dall’altra con disprezzo, con superbia, ma guarda dove sono finito
Ti’Arròtulu, chi tènit cent` annus e iscìt dónnia cosa, e arregòrdat dónnia cosa, s’indi bògat sa pipa ’e bucca: cussu è Gustavo, su fradi ’e Cavour, ma in is giornalis su fradi mannu no dd’at lassau ponni mai, e in is lìburus de scola po issu no ddu at logu	Ti’Arròtulu, che ha cent’anni e sa ogni cosa, e ricorda ogni cosa, si toglie la pipa da bocca: quello è Gustavo, il fratello di Cavour ma sui giornali lui non è mai comparso, il fratello maggiore non l’ha mai permesso, e nei libri di scuola per lui non c’è posto
È Gustavo, su fradi sconcau ’e Cavour, sperdiziau, bagasseri, giogadori ’e cartas, prenu ’e dépidus	È Gustavo, il fratello testa matta di Cavour, scialacquatore, puttaniere, giocatore d’azzardo, pieno di debiti
Ma eit’è custa trassa noa ’e su Ministru, poita nd’at istrascinau finz’a Biddanoa custu fradi conca macca	Ma cos’è questa nuova astuzia del ministro, perché ha trascinato fino a Biddanoa questo fratello debosciato
O Ti’Arròtulu, chin’è custu signor Conte facci lèggia chi è cun is àturus dus, ma abàrrat a agoa, e fattu-vattu ndi bògat unu lìburu ’e sa bùscia e fàit contus, contus…? No ddu connòscinti mancu is óminis in berritta, al signor Conte, no dd’anti mai bistu	O Ti’Arròtulu, chi è questo signor Conte faccia brutta che è con gli altri due, ma rimane indietro, e di tanto in tanto toglie un libro dalla borsa e fa conti, conti…? Non lo conoscono nemmeno gli uomini in berritta, il signor Conte, non l’hanno mai visto
Ma Ti’Arròtulu sì	Ti’Arròtulu sì
Ti’Arròtulu s’indi ’ògat de bucca sa pipa ’e terra cun su canneddu ’e ceréxia, studàda, dda sbùidat pistendidda a su parmu ’e sa manu, e si dda pònit in busciacca:	Ti’Arròtulu si toglie da bocca la pipa di coccio col cannello di ciliegio, spenta, la vuota battendola sul palmo della mano e se la mette in tasca
“Cussu è Beltrami, il conte Beltrami Bellu pégus	“Quello è Beltrami, il conte Beltrami, bella roba
Cras e notti, o cand’at èssi, ant a benni is àtaras duas bellas brebeis, Marraccini e Cignoni, calincunu ddus connòscit”.	Domani notte, o quando sarà, verranno altre due belle pecore, Marraccini e Cignoni, qualcuno li conosce…”.
È calendu su serenu, e Ti’Arròtulu s’indi pèsat	Scende l’umidità e Ti’Arròtulu si alza
In Sa Prazzitta abàrranta sceti is banghinas e is mureddas, a abettai su sonu ’e is pitiolus de is cràbas mannalizzas, prus chizzulanas de su soli	In Sa Prazzitta rimangono soltanto le panchine e le muricce, ad attendere il suono dei campanacci delle capre domestiche,17 mattiniere più del sole
Su trettu ’e Sa Prazzitta asutta ’e sa muralla ’e Tiu Màuru parìat cosa sua	Il tratto di Sa Prazzitta sotto la muraglia di Tiu Màuru sembrava cosa sua
Pagu cosa, su tanti ’e ddui capi, strantàxus o imbaraus a sa muralla, issu e is chi scurtànta is cosas chi contàda	Poca cosa, il tanto di starvi, in piedi o appoggiati alla muraglia, lui e quelli che ascoltavano i suoi racconti
Ma s’indi dd’ìat comente istallau, e mancai no ddu èssit postu nisciunu sinnali, finzas a chi arribàt Elias, a mericeddu, in cuss’arrogu ’e imperdau no si ddui firmàt nèmus	Ma aveva scelto quel tratto, e quantunque non vi avesse messo alcun segnale, fintanto che non arrivava Elias, verso il tramonto, in quel tratto non si fermava nessuno
Candu arribàt issu, però, in d’unu momentu ddu ìat prus genti in cussu trettu chi no in totu Sa Prazzitta	Ma dopo un po’ che lui vi aveva messo piede c’era più gente in quel punto che non in tutta Sa Prazzitta
Po s’imprùs fùanta piccioccus chi no ìanta fattu sa guerra e mancu su sordau, ancora, ca no tenìanta s’edadi, ma no mancànta is cumbattentis, calincunu cun s’idea de contai issu puru comenti fut andàda un’azioni de sa cumpagnia o de una pattuglia di volontari, mancai cumandàda de issu e totu; àturus po su divertimentu de biccai a Elias, si po sbàgliu, in sa foga ’e contai, nomenàt su centuxinquantunu anziché su centuxinquantadùs, o il terzo battaglione e la décima compagnia invece de un’àturu battaglioni o un’àtara cumpagnia	Per lo più erano ragazzi che non avevano fatto la guerra e nemmeno il soldato, ancora, ma non mancavano i combattenti, qualcuno con la segreta intenzione di raccontare anche lui come si era svolta un’azione della sua compagnia o di una pattuglia di volontari da lui stesso comandata; altri per il gusto di beccare Elias se per errore, nella foga del raccontare, avesse menzionato il centocinquantuno anziché il centocinquantadue, o il terzo battaglione e la decima compagnia in luogo di un altro battaglione o di un’altra compagnia
Ma is isbàglius di Elias própiu sbàglius no fùant, circàt de tirai unu pagheddu s’aqua a su molinu suu, eccu, poita sa guerra Elias dd’ìat fatta totu in sa décima cumpagnia, terzo battaglione de su centuxinquantunu, sa cumpagnia de su capitanu Lussu e dell’aiutante Luisicu	Ma gli errori di Elias proprio errori non erano, cercava di tirare un po’ l’acqua al suo mulino, ecco, perché la guerra Elias l’aveva fatta tutta nella decima compagnia, terzo battaglione del centocinquantuno, la compagnia del capitano Lussu e dell’aiutante Luisicu
Po Luisicu, Elias tenìat sa própiu stima, su própiu grandu arrispettu chi Luisicu tenìat po su capitanu Lussu	Per Luisicu Elias nutriva la stessa stima, la stessa venerazione che Luisicu nutriva per il capitano Lussu
Forzis finzas e de prus, poita (ma custu Elias no ddu naràda) si no fèssit istétiu po Luisicu, immoi no ìat èssi in Sa Prazzitta, a contai is contus de sa décima	Forse, se possibile, una venerazione anche maggiore, perché (ma questo Elias non lo raccontava) se non fosse stato per Luisicu, adesso non sarebbe stato in Sa Prazzitta a raccontare le azioni della decima
Fattu stat ch’in is contus di Elias ddui fut sèmpiri Luisicu E candu ddui mancàt Luisicu, ddui fut su capitanu Lussu	Fatto sta che nei racconti di Elias c’era sempre Luisicu, e quando non c’era Luisicu c’era il capitano Lussu
O s’unu e s’àturu	O l’uno e l’altro
“Candu fuaus a Monte Zebio, in su mesi ’i argiòlas de su sexi, apustis chi is àturus repartus, sa dì innanti, no fùant arrennéscius a arribai a is trinceras austriacas, unu domìnigu a merì su cumandanti ’e sa divisioni c’ìat scutu all’assalto il terzo battaglione	“Quando eravamo a Monte Zebio, nel luglio del ’16, dopo che gli altri reparti, il giorno prima, non erano riusciti a raggiungere le trincee austriache, una domenica mattina il comandante della divisione aveva buttato all’assalto il terzo battaglione
Ananti ’e is trinceras austriacas ddui fùant i reticolati ancora intreus, senza ’e manc’unu giassu accantu ci podi scoittai	Davanti alle trincee austriache c’erano i reticolati ancora intatti, senza un benché piccolo varco dove poterci infilare
E i’ reticolaus austriacus fùanta fattus comenti tòccat, cun palu’ de ferru cravaus cun perda e cimentu, no che i’ nostus, fattus cun palu’ de linna mesu purdiàus e filu ferru arruinau	I reticolati austriaci erano fatti come si deve, con pali di ferro piantati per terra col cemento, non come i nostri, sostenuti da pali di legno fradici e fil di ferro arrugginito
Custu ddu scìant is cumandantis e i ddu sciàus nosu, ma candu fut benìu s’órdini ’e movi all’assalto, nosu fuaus mesu imbriàgus, ca s’ìant passau doppia razioni ’e cognac	Questo lo sapevano i comandanti e lo sapevamo noi, ma quando era giunto l’ordine di muovere all’assalto noi eravamo mezzo ubriachi perché ci avevano dato doppia razione di cognac
Ci fuaus bessìus che dimónius, aboxinendu e currendu,	C’eravamo lanciati come demoni, correndo e urlando ‘Avanti
‘Avanti Sardegna’, aboxinendu e isparendu, senza ’e penzai a nudda, sa décima a innanti, di punta, su capitanu in testa, Luisicu in testa al terzo plotone, e una mitragliatrice austriaca chi sparàt a manu ’e manca, e nosu senza ’e si furriai mancu po ’onai un’oghiàda a is chi arruìant, sparendu e currendu	Sardegna’, urlando e sparando, senza pensare a nulla, la decima avanti, di punta, col capitano in testa e Luisicu al comando del terzo plotone, mentre una mitragliatrice austriaca sparava da sinistra e noi senza voltarci nemmeno per dare un’occhiata a quelli che cadevano
Ma lómpius a ananti ’e i’ reticulaus si fuau’ dépius frimai: passai no podiàus, fut una muralla ’e filu ferru spinau, e torrai in palas nimmancu, cudda mitragliatrici sighìat a isparai senza ’e pasu	Ma giunti davanti ai reticolati c’eravamo dovuti fermare: varcarli non potevamo, erano una montagna di filo spinato, tornare indietro nemmeno, quella mitragliatrice continuava a sparare senza interruzione
De is feritoias de is trinceras is austriacus sparànta totu paris, tranquillus, parìant a is tirus, in su poligunu	Dalle feritoie delle trincee gli austriaci sparavano tutti insieme, tranquilli, sembravano ai tiri, al poligono
Si fuaus piccigaus a terra, abettendu chi èssit iscurigau po ’ndi podi torrai a is trinceras	Noi c’eravamo schiacciati pancia a terra, in attesa che calasse la notte per rientrare nelle nostre trincee
Ma fuaus pagus is chi fuaus arrennéscius a arribai a ananti dei reticolati: is àturus fùant in terra, stendiàus, chini mortu e chini ferìu	Davanti ai reticolati eravamo arrivati in pochi: gli altri giacevano per terra, chi morto e chi ferito
Sa notti dd’iàus passàda a ndi ddus intrai, is unus e is àturus	La notte l’avevamo trascorsa a riportarli in trincea, gli uni e gli altri
I’ mortus de sa décima fùanta pru’ de i’ mortus de is àtaras cumpangias; aggiumai fuaus abarraus senza ’i officialis	I morti della decima erano molti di più di quelli delle altre compagnie: per poco non rimanevamo senza ufficiali
Is officialeddus continentalis ddus ìanta piscàusu luegu, appena’ bessìu’ de trincera	Gli ufficialetti continentali li avevano beccati subito, appena usciti dalle trincee
Ma a i cussus parìat chi ddis èssint ingùrtiu sùlidu, is austriacus	Ma a quelli gli austriaci sembrava che li avessero già segnati
Fut abarrau sceti su capitanu Lussu…”.	Era rimasto in piedi soltanto il capitano Lussu…”.
“No fut capitanu, tandu, fut tenenti”.	“Non era capitano, allora, era tenente”.
“…su tenenti Lussu e l’aiutante Luisicu”.	“…Il tenente Lussu, e l’aiutante Luisicu”.
“Luisicu no fut officiali	“Luisicu non era ufficiale
E poi no fut ancora mancu aiutanti, fut sergenti”.	E non era ancora nemmeno aiutante, era sergente”.
“Sega sa mazza	“Rompi le balle
Fut sergenti, va be’, ma cumandàda giai il terzo plotone, no, chi poi ìat sèmpiri cumandau, prima da sergente maggiore i apùstis da aiutante di battaglia, candu dd’ìanta promóviu sul campo per merito di guerra	Era sergente, va be’, ma comandava già il terzo plotone, no, che poi aveva sempre comandato, prima da sergente maggiore e dopo da aiutante di battaglia, quando l’avevano promosso sul campo per merito di guerra
Be’, no t’ind’arregòdas candu su coronellu Mammacàri…”.	Be’, non ti ricordi quando il colonnello Mammacàri…”.
“Mammùcari”.	“Mammùcari”.
“…su coronellu Mammacàri dd’ìat appuntau sa medaglia d’argento, sa de tres, e i dd’ìat imprassau ananti ’e totu su centuxinquantunu sul presentatarmi, candu fuaus andaus a riposo?”.	“Il colonnello Mammacàri gli aveva appuntato la medaglia d’argento, la terza, e l’aveva abbracciato davanti a tutto il centocinquantuno schierato sul presentat-armi, quando eravamo a riposo?”.
“Sighi su contu”.	“Continua”.
“Fua nendu ca candu a Monte Zebio, apusti de cudd’azioni accantu fùanta mortus pru’ de sa metadi de is sordaus de sa décima, (ma apùstis de una parìga ’e dis fùant arribaus i complementi, fut tandu chi fut arribau Giulianu) a sa décima dd’ìanta fattu un’arregalu, dd’ìant mandau unu muntoni de tubu’ de gelatina esplosiva…”.	“Dicevo che quando a Monte Zebio, dopo quella azione dove i morti della decima erano mezza compagnia (ma dopo pochi giorni erano arrivati i complementi, ed era allora che era arrivato Giulianu), ci avevano fatto un bel regalo, ci avevano mandato un mucchio di tubi di gelatina esplosiva…”.
“A sa quinta, inveci, dd’ìant mandau unu muntoni de bellas piccioccas”.	“Alla quinta, invece, avevano mandato un mucchio di belle ragazze”.
“…e pinzas po segai filu ferru”.	“…e pinze per tagliare il filo spinato”.
“E pagu no segànta!”.	“E quanto tagliavano”.
“Mancu s’aqua	“Nemmeno l’acqua
Is tubus fùanta longus pru’ de du’ metrus, e bisongiàt a ddus fai scoppiai adenotti asutta ’e i’ reticolaus austriacus	I tubi erano lunghi più di due metri, e bisognava farli scoppiare di notte, sotto i reticolati austriaci
Dónnia tubu ddu pighiàus in dus, unu ananti e unu infattu	Ciascun tubo lo prendevamo in due, uno davanti e l’altro dietro
Volontarius”.	Volontari”.
“Dexi francus”.	“Dieci lire”.
“Però su capitanu Lussu…”.	“Però il capitano Lussu…”.
“Su tenenti”.	“Il tenente”.
“Su capitanu Lussu cun Luisicu ddus pigànta a dus a dus: issus in mesu e unu tubu pe parti, unu cun sa manu esta e unu cun sa manu ’e manca	“…Il capitano Lussu con Luisicu prendevano i tubi a due a due: loro in mezzo e un tubo per parte, uno tenuto con la destra e uno con la sinistra
Ma cussu’ dus no fùanta cristianus, fùanta dimónius	Ma quelli non erano cristiani, erano demoni
Mai chi ddus èssit toccaus una pallottola o una schéggia: tenìanta gana ’e sparai, i’ vedettas, mancu ddusu bìanta, razzus o no razzus Ddisi depìant ai fattu mazina, in calincunu logu	Mai che li avesse sfiorati una pallottola o una scheggia: avevano voglia, di sparare, le vedette, non li vedevano nemmeno, razzi o non razzi, forse gli avevano fatto magie, in qualche posto
Andànta e torrànta, cun dus tubu’ dónnia borta, e poi ddus fìanta scoppiai impari, cun grandu spàssiu de Luisicu”.	Andavano e tornavano, con due tubi per volta, e poi li facevano esplodere contemporaneamente, con grande divertimento di Luisicu”.
“E i’ dexi francus si ddusu donànta, o no?”.	“E le dieci lire gliele davano, o no?”.
“Macché dexi fràncusu	“Macché dieci lire
E mancu buffànta, prima di ’essìri cun is tùbusu	E nemmeno bevevano, prima di uscire con i tubi
Su capitanu no buffàt mai, e Luisicu nimmancu	Il capitano Lussu non beveva mai e Luisicu nemmeno
Luisicu…”.	Luisicu…”.
Elias si fut citìu: in mesu Sa Prazzitta fut passendu Luisicu, a passus longus comenti camminàt sèmpiri, derettu comente chi fèssit ancora in divisa	Elias aveva taciuto di colpo In mezzo a Sa Prazzitta stava passando Luisicu, a passi lunghi come camminava sempre, diritto come se fosse ancora in divisa
Ddis fut passau ananti senza ’e si firmai:	Era passato davanti a loro senza fermarsi:
“Bonasera”.	“Bonassera”.
Candu ìat biu ca Luisicu ìat pigau sa bia ’e Tiricu, a Elias ddi fut passàda sa gana ’e sighìri su contu:	Quando aveva visto che Luisicu aveva preso la strada di Tiricu, ad Elias era passata la voglia di continuare il racconto
“Est andendu a domu ’e Tia Annìca” – ìat nau	“Sta andando da Tia Annìca” aveva detto
Apusti cena toccàt a Ti’Arròtulu, Sa Prazzitta fut totu cosa sua	Dopo cena toccava a Ti’Arròtulu, Sa Prazzitta era tutta sua
Is sordaus de is trinceras e de is attaccus, is mortus ancora callentis e is ferìus ch’ìanta senzau ’e si chesciai, totu is sordaus de is contus di Elias si sezzìant in mesu ’e is óminis in berritta a iscurtai issus puru is contus de Ti’Arròtulu	I soldati delle trincee e degli assalti, i morti ancora caldi ed i feriti che avevano cessato di lamentarsi, tutti i soldati dei racconti di Elias sedevano in mezzo agli uomini in berritta ad ascoltare anch’essi i racconti di Ti’Arròtulu
No fùanta contus de trincera, custus, fùant àturus contus, ma is sordaus mortus di Elias bìanta craras in cussus contus is cosas chi is àturus no bìanta, poita is mortus lìggint in su coru e in is penzamentus de is óminis, de is bonus e de is malus, de is chi obbìdint e de is chi cumàndanta, de is bius e de is mortus	Non erano racconti di trincea, questi, erano altri racconti, ma i soldati caduti di Elias vedevano chiare in quelle parole le cose che gli altri non vedevano, perché i morti leggono nel cuore e nei pensieri degli uomini, dei buoni e dei cattivi, di chi comanda e di chi ubbidisce, dei vivi e degli altri morti
Binti craru su scopu di ónni’azioni insoru, bona o mala chi sìat, passàda o presenti	Vedono chiaro lo scopo di ogni loro azione, buona o cattiva, attuale o remota
Po cussu is sordaus di Elias agatànt un’assimbillu tra issus e totu e is óminis de Ti’Arròtulu, is unus e is àturus fattus movi che bardùfulas de manus no connòtas po s’interessu de genti mai bista, de pagus ingurtonis chi s’ìant èssi bófiu devorai su mundu	Per questo i soldati di Elias si sentivano simili agli uomini di Ti’Arròtulu, gli uni e gli altri fatti girare come trottole da mani sconosciute, nell’interesse di gente mai vista, di pochi individui famelici che avrebbero voluto divorare il mondo
Tandu is forestas, òi sa mellus gioventudi, no ddu at differénzia, corpus de segùri e fusiladas, dinai e sànguni, linnàmini po fai dinai, carboni po fai dinai	Allora le foreste, oggi la migliore gioventù, non c’era differenza, colpi di scure e fucilate, danaro e sangue, legname per far danaro, carbone per far danaro
– S’onori ’e su primu cropu ’e seguri dd’ìat bófiu issu, Beltrami – sìghit Ti’Arròtulu, o s’umbra ’e Ti’Arròtulu –, sa prima e i s’ùrtima borta chi fut benìu a Biddanoa	– L’onore del primo colpo di scure l’aveva voluto lui, Beltrami, – continua Ti’Arròtulu – la prima e l’ultima volta che era venuto a Biddanoa
Ma Beltrami no fut Beltrami, fut Gustavo, Beltrami ponìat is trassas e Gustavo su pagu dinai ’e su cumenzu, su dinai ’e su fradi mannu, de Cavour, su dinai del regno sardo-piemontese	Ma Beltrami non era Beltrami, era Gustavo di Cavour, Beltrami di suo metteva l’astuzia e Gustavo il poco danaro dell’inizio, il danaro del fratello maggiore, il danaro del regno
Ma innoi cussu dinai crescìat, crescìada, fut un’arrìu ’e dinai, mannu, prenu, chi currìat de is forèstasa isciusciàdas de Biddanoa, de Sterzìli, de Sàdili, i arribàt a Torinu, a arricchìri guvernus e guvernantis, e parenti’ de guvernantis	E questo danaro cresceva, cresceva, diventava un fiume di danaro, grande, gonfio, che correva dalle foreste distrutte di Biddanoa, di Esterzili, di Sàdali, e arrivava a Torino, ad arricchire governo e governanti, e parenti di governanti
– Ma no fut passau tempu’ meda, e Beltrami s’impresa dd’ìat passada a i cussus àturus dus furonis, a Marraccini i a Cignoni	– Non era trascorso molto tempo e Beltrami aveva ceduto l’impresa ad altri due ladroni, a Marraccini e a Cignoni
Cun issus s’arrìu ’e dinai ìat sighìu a ingrussai, i’ forestas a ’nd’arrui prus a lésturu, sa terra a s’ispollincai, a si preni ’e màncias che una conca arrungiosa, su mali mandiadori ’e sa seguri furistera fut destruendu is cussòrgiasSu fumu de centu e centu fogàias annappàt su soli, i a de notti sa luna	Con loro il fiume di danaro aveva continuato ad allargarsi, le foreste a cadere più rapidamente, la terra a spogliarsi, a riempirsi di chiazze nere come una testa rognosa, il cancro della scure forestiera stava distruggendo vaste regioni, il fumo di cento e cento carbonaie oscurava il sole, e di notte la luna
– Troppu dda scìant umperai sa maladitta seguri insoru, is prus de milli furisteris toscanus chi Marraccini e Cignoni ìanta beni sceberau tra càntusu ddui ’nd’ìat in cussu’ logus	– Troppo, sapevano usarla, la loro scure maledetta, gli oltre mille carbonai toscani che Marraccini e Cignoni avevano scelto tra quanti ce n’erano in quei luoghi
(Truppe scelte Cun d’un’arma noa, sa seguri furistera, chi fìat pru’ dannuA paragoni suu, sa seguri sarda fut unu gioghittu po pipìus).	(Truppe scelte Con un’arma nuova, la scure forestiera, che faceva danno maggiore Al suo confronto la piccola scure sarda sembrava un giocattolo).
– De s’impresa fùanta is barraccas accantu crocànta is crabonaxus, is dispenzas accantu pappànta e comporànta, a fidu, is cosas chi ddis abbisongiànta, su binu, i’ licoris	– Le baracche dove dormivano i carbonai erano proprietà dell’impresa, come le dispense dove mangiavano o compravano a credito le cose di cui avevano bisogno, il vino, i liquori
S’impresa penzàt a ddis fai pràngiu e cena, unu contabili tenìat is contus de totu, marcàt dónnia cosa chi pigànta	L’impresa pensava a cucinare, pranzo e cena, un contabile segnava tutto, ogni più piccolo acquisto
Pappai, allóggiu e ispesa s’indi dda scontànta ’e sa paga, ónnia cida, fendusidda pagai a dua’ bòrtas	Cibo, alloggio e spesa venivano detratti dalla paga, ogni settimana, per il doppio del loro importo
E fut un’àtara fura, un’àturu guadàngiu	Ed era un altro guadagno, un altro furto
(Truppe nemiche mandadas a cumbatti contras a nosu, e isfruttadas, che is ungheresus, che is islavus Nemigus chena ’e nexi, che i cuddus).	(Truppe nemiche mandate a combattere contro di noi, e sfruttate come gli ungheresi, come gli slavi Nemici senza colpa, come quelli).
– Su domìnigu a merì is furisteris arziànta a bidda	– La domenica sera i forestieri salivano in paese
Sa genti ddus cumbidàda a domu e bogàt pani pesau, casu e sartizzu, binu ’onu e pani ’e saba	La gente li invitava nelle case, offriva da mangiare, pane bianco, formaggio, salsicce, vino buono e pane di sapa
(Nosu puru a is presoneris ddis doniàus pagnottas, ciucculatti e zigarrus).	(Anche noi ai prigionieri offrivamo pagnotte, cioccolato e sigari).
– Sa primu cosa ch’ìanta fattu i’ milli furisteris de Marraccini e de Cignoni fut istétia una ’ia in mesu sa foresta, po fai passai is carrus ch’ìant’èssi tragau linnàmini e craboni de carriai in su trenu in sa firmàda ’e Bettìlli e in sa stazioni ’e innoi, chi fùant arrennéscius a dd’ottenni accantu ’ollìant issus, in su fossu asutta ’e Guntruxoni	– Per prima cosa i mille forestieri di Marraccini e di Cignoni avevano aperto una strada in mezzo alla foresta per far passare i carri che avrebbero trasportato legname e carbone da caricare sul treno alla fermata di Bettili e qui, nella stazione di Biddanoa, che erano riusciti a far costruire dove volevano loro, in quel fosso sotto Guntruxoni
– Poi fut cumenzau su degollu, e is carrus a arribai, pru’ di ottuxentus, di ónnia parti, finzas e de Brabàxa, carru’ di ónnia spézia, a arrodas prenas e no, cun lìngius e cun carrubbas	– Poi era cominciata la distruzione, e i carri ad arrivare, più di ottocento, da ogni parte, anche dalla Barbagia, carri di ogni tipo, a ruote piene e a raggi, con fiancate di ogni tipo
(Le salmerie Ìanta penzau a totu, is cumandantis furisteris, fìanta is cosas comenti tòccat).	(Le salmerie Avevano pensato a tutto, i comandanti forestieri, facevano le cose per bene).
– E bòis di ónnia manta, braxus, cinixalis, pertiazzus	– E buoi di manto diverso, pezzati, grigi, rabicani
Ma su pru’ mannu fu su jù de unu carradori ’e Gavoi, du’ bois che du’ montis, unu spanu e unu canùdu, mai bius che i cussus, nì innanti nì infattu	Ma il giogo più grosso era di un carrettiere di Gavoi, due buoi come due montagne, uno bianco ed uno rossiccio, mai visti come quelli, né prima né dopo
A unu ddi narànta Pregònta i a s’àturu Chie sò Ddu connoscìanta totus, su jù ’e Pregònta, is carradoris e i sa genti de Biddanoa, de Sàdili e de Sterzìli	Uno si chiamava Pregònta e l’altro Chie sò. Lo conoscevano tutti, il giogo di Pregònta, i carrettieri e la gente di Biddanoa, di Sàdali e di Esterzili
– Annus fut durau, cussu degollu, finzas a candu s’ùrtima mata fut abarràda strantàxa e i s’ùrtimu carradori fut torrau a bidda sua	– Anni, era durato, lo sfacelo, fintanto che l’ultimo albero era rimasto in piedi, e l’ultimo carrettiere era tornato al suo paese
– Apustis fut passau su fogu, ch’ind’ìat pappau ónnia cosa: cresuras, moddizzis e murdegus	– Dopo era passato il fuoco, che aveva incenerito ogni cosa: cespugli, lentischi, corbezzoli, cisti
– In terra fut abarràda sceti sa perda, perdas piticas e perdas mannas, tundas e biancas che conca’ de mortu	– Per terra erano rimaste soltanto le pietre, pietre piccole e pietre grandi, rotonde e bianche come teste di morto
Sara in Biddanoa ddui parìat nàscia e pesada	Sara in Biddanoa sembrava nata e cresciuta
Su primu incontru cun Biddanoa dd’ìat fattu su merì e totu chi fut arribàda, sa dì ’e sa Festa, candu Luisicu dd’ìat portàda a Sa Prazzitta a vedere i balli	Il primo incontro col paese l’aveva fatto lo stesso giorno in cui era arrivata, il giorno della festa, quando Luisicu l’aveva portata a Sa Prazzitta a vedere i balli
Cun d’unu bestìri ’e seda asulu, is pilus biundu scurzus, allìgra e ingeniosa, bella mancai èssit in cussu stadu, Sara fìat sa figura sua a su costau ’e Luisicu, artu e beni postu issu puru in sa divisa ’e pannu fini	Con un abito di seta azzurra, i capelli biondi tagliati corti, allegra e simpatica, bella benché la sua gravidanza fosse evidente, Sara faceva la sua figura al fianco di Luisicu, alto ed elegante nella divisa di panno fino
Diversus de totu s’àtara genti chi fut in Sa Prazzitta, issus dus parìant una festa in mesu sa festa	Diversi dall’altra gente che stava in Sa Prazzitta, loro due erano come una festa nella festa
Apustis de pagus minutus chi fùant arribaus issus, su ballu fut acabau (o su sonadori dd’ìat fattu acabai innanti ’e s’ora), e sa genti si fut accostiàda a ddis toccai sa manu, totu sa genti, biddanoesus e istràngius, ca sa fama ’e Luisicu no si firmàda in Biddanoa e sa simpatia ’e Sara fut manna	Dopo pochi minuti che erano in piazza, il ballo era terminato (o il suonatore l’aveva fatto terminare innanzi tempo) e la gente si era avvicinata per stringere loro la mano, tutta la gente, biddanoesi e forestieri, perché la fama di Luisicu non si fermava a Biddanoa, e la simpatia di Sara era grande
Po nèmus prus de Sara cussa festa fut festa	Per nessuno più di Sara quella festa era festa
Po issa fut festa ónnia cosa: su ballu, su sonu ’e su sonettu e de is launeddas, is boxis de is turronaius, de is piccioccheddus e de is arrùndilis, chi furriottànta in s’àiri a nuis, bàscias, chini scit echini ddas ìat cumbidàdas	Per lei era festa ogni cosa: il ballo, il suono dell’organetto e delle launeddas, le voci dei torronai, dei ragazzini e delle rondini che volteggiavano nell’aria a nuvole, chissà chi le aveva invitate
Forzis dd’ìanta fatta po issa custa festa, is paesanus de Luisicu, is paesanus suus, immoi, oh Biddanoa, che bene che ti voglio	Forse l’avevano voluta per lei, questa festa, i compaesani di Luisicu, i compaesani suoi, adesso, oh, Biddanoa, che bene che ti voglio
Ma che buona sa carapìnnia, sa gazzosa, su turroni, is mustazzolus	Ma che buona la “carapìnnia”, la gazzosa, il torrone, i mostaccioli
Sara tastàt dónnia cosa, e dónnia cosa ddi praxìat, che buono, che buono	Sara assaggiava di tutto e tutto le piaceva, che buono, che buono
E Luisicu cuntentu de biri a Sara prexàda che una pasca, ingiriàda de piccioccas e de piccioccus chi chistionànta totus impari, contendiddi arriendu cosas chi issa no cumprendìat ma chi dda fìant arrìri su própiu, che una pipìa	E Luisicu contento di vedere Sara felice, attorniata da ragazze e da ragazzi che parlavano tutti insieme, raccontandole cose che lei non capiva ma che la facevano ridere ugualmente come una bambina
E cras – penzàt Luisicu, sériu totu in d’una – cras o pusticràs o un’àtara dì, candu Sara at a torrai a passai in Sa Prazzitta e de Sa Prazzitta at èssi sparéssiu finzas e s’arregódu ’e sa Festa, is paràdas, s’alligrìa, e at a biri sa genti coment’è dónnia dì, bestìa mali, azzappulada, scurza, a bòrtas; candu at a biri totu sa tristura ’e Biddanoa chi ’énit a pillu, sa tristura ’e is domus, de s’imperdàu a trettus acciuvàu o movi movi, cun is màncias birdàngias chi ddui làssanta i’ bois, a merì, candu contóniant	E domani – pensava Luisicu, serio all’improvviso – domani o dopodomani o un altro giorno, quando Sara ripasserà in Sa Prazzitta e da Sa Prazzitta sarà scomparso perfino il ricordo della Festa, le bancarelle, l’allegria, e vedrà come è la gente negli altri giorni della settimana, malvestita, con gli abiti rattoppati, scalza, a volte; quando vedrà tutta la tristezza di Biddanoa che viene a galla, la tristezza delle case, del selciato a tratti smosso o incassato, con le macchie verdognole che vi lasciano i buoi, la sera, tornando dai campi
Innui ci at a acabai, tandu, s’alligrìa ’e Sara	Dove finirà, allora, l’allegria di Sara
Ma su martis a mangianu Sara fut torràda a passai in Sa Prazzitta cun sa própiu cara allìgra de sa dì ’e sa Festa	Ma il martedì mattina Sara era ripassata in Sa Prazzitta con la stessa aria felice del giorno della Festa
Portàt unu muccadori arrùbiu in conca, strintu in fronti e accappiau a parti ’e palas, e unu cadinu ’e pannus a s’anca	Portava un fazzoletto rosso in testa, stretto sulla fronte e legato alla nuca, e una cesta piena di panni poggiata sull’anca
Cun Lionora a su costau, chi ’ndi portàt un’àturu in conca, fut andendu a Su Forraxi, a ddus isciaquai	Con Lionora al fianco che ne portava un’altra sulla testa, andavano a Su Forraxi, a lavarli
In su Forraxi àtaras feminas ingenugadas in s’óru ’e s’aqua, frigànta is pannus in d’una códula, ddus pistànta cun sa spàdula, ddus torrànta a intrai in s’aqua, ciacciarrendu, cantendu	In Su Forraxi altre donne inginocchiate ai bordi del torrente strofinavano i panni su grossi ciottoli, li battevano con la spatola, li immergevano nuovamente nell’acqua, chiacchierando o cantando
Candu fut arribàda Sara s’indi fùanta pesàdas totus e si dd’ìanta posta in mesu, dda bolìanta biri di accanta, dda bolìanta toccai, intendi chistionendu	Quando era giunta Sara si erano alzate e l’avevano sistemata in mezzo a loro, volevano vederla da vicino, volevano toccarla, sentirla parlare
E Sara fut allìgra che sa dì ’e sa Festa in Sa Prazzitta, e domandàt su nòmini a donniùna, ddu torràt a arrepiti, e si ddas imprassàt a una a una, che sorris circadas e agatadas innoi, in s’óru ’e custu arrìu ’e Biddanoa prenu de spuma bianca, ciacciarroni issu puru	E Sara era allegra come il giorno della festa in Sa Prazzitta, e chiedeva il nome a ciascuna, e lo ripeteva e le abbracciava, come sorelle a lungo cercate e ritrovate qui, nelle rive di questo torrente di Biddanoa pieno di schiuma bianca, chiacchierone anche lui
E cuddas a fai pregontas, in sardu o in italianu porceddinu, de innui fudi, cant’annus tenìat, coment’ìat connotu a Luisicu, cand’ìat èssi nàsciu su pipìu, e àtaras cosas ch’interèssant a is féminas	E quelle a far domande, in sardo o in italiano approssimativo, di dove sei, quanti anni hai, come hai conosciuto Luisicu, quando nascerà il bambino e altre cose che interessano le donne
Sara circàt di arrespundi a totu su chi arrennescìat a cumprendi, cun is fueddus, cun is accìnnidus, cun s’arrisu, ca s’italianu suu no fut meda prus craru de s’italianu de is feminas de Su Forraxi	Sara cercava di rispondere alle domande che riusciva a capire, con parole, con cenni, con sorrisi, perché il suo italiano non era migliore di quello delle donne di Su Forraxi
Candu no cumprendìat ddas castiàt in facci cun cuddus ogus colori ’i àiri, si scaringiàt a arrìri o istendiàt sa manu e dda passàt in pilus a una picciocchedda chi ddi parìat prus bella ’e is àtaras, o s’imprassàt una beccixedda chi dd’arregordàt, forzis, un’àtara beccixedda	Quando non le capiva le guardava in faccia con quegli occhi color d’aria, si apriva in un sorriso o tendeva la mano e carezzava sui capelli una ragazzina che le sembrava più bella delle altre, o abbracciava una vecchietta che gliene ricordava, forse, un’altra
Candu si fùanta torradas a ponni a frigai, su mellus postu, cun sa códula prus manna, dd’ìanta lassau a Sara, po èssi prus còmoda, cun sa brenti chi portàda	Quando si inginocchiarono di nuovo sulla riva del torrente per riprendere il lavoro, il posto migliore, col ciottolo più grande, l’avevano riservato a Sara perché stesse più comoda
E is duas piccioccas chi portàt a su costau, fattu-vattu, senza ’e s’indi fai acatai, allonghiànta sa manu, pigànt unu de is pannus de Sara, ddu sciaquànta, e s’inci ddu torrànta a ponni in su cadinu, lìmpiu	E le due ragazze che le stavano ai lati, di tanto in tanto, senza farsene accorgere, allungavano la mano, prendevano uno dei panni di Sara, lo lavavano e glielo rimettevano nella cesta, pulito
A mesudì s’ìant attuau is cadinus a conca e si fùant incamminadas facci a bidda	A mezzogiorno, con le ceste sul capo, si erano incamminate tutte verso il paese
Sara in mesu, prus arta, parìat una santa in prucissioni	Sara, in mezzo, più alta, sembrava una santa in processione
No fut passàda una cida de candu fut arribàda, chi a Sara ddi bolìat beni totu sa bidda	Non era passata una settimana dal suo arrivo e a Sara voleva bene tutto il paese
E, fattu curiosu, in d’una bidda accantu linguamalas e santicas no ’ndi mancànta, nèmus ìat tentu ita nai, no solu ca Sara e Luisicu no fèssinti coiàus, ma chi no ’nd’èssinti mancu tentu intenzioni ’e ddu fai	E, fatto curioso, in un paese dove bigotte e malelingue non mancavano, nessuno aveva avuto da ridire non solo per il fatto che Sara e Luisicu non fossero sposati, ma nemmeno perché, a quanto sembrava, non avessero intenzione di farlo
Fanceddus, tandu	Concubini, allora
A nèmus in bidda fut bessìu ’e bucca cussu fueddu	A nessuno in paese era uscita di bocca quella parola
A crésia, però, Sara ddu andàt su própiu, su domìnigu, a missa manna	In chiesa, però, Sara vi andava ugualmente, la domenica, alla messa cantata
Si bestìat de repiccapunta, cun iscarpinus e borsetta, e a brazzettu cun Luisicu, beni cuncordau issu puru, cun sa bestimenta noa del pacco vestiario, colletto e cravatta, si fìant unu giru prima ’e sa missa, passànta in Sa Prazzitta e in su stradoni e currìanta saludus tra issus e sa genti firma in is portas abertas: bongiorno Sara, bongiorno Minnìa, bongiorno zia Grazia, bongiorno Amalia	Si vestiva di tutto punto, con scarpe di vernice e borsetta, ed al braccio di Luisicu, elegante anche lui nel vestito nuovo del pacco vestiario, colletto e cravatta, prima della messa facevano un giretto in Sa Prazzitta, passeggiavano nello stradone, e correvano saluti tra loro e la gente ferma davanti alle porte aperte: Buongiorno Sara, buongiorno Minnìa, buongiorno zia Grazia, buongiorno Amalia
Bongiorno Sara, bongiorno Sara	Buongiorno Sara, buongiorno Sara
Luisicu fìat de conca, tra bregungiosu e cumpràxiu	Luisicu chinava appena la testa, compiaciuto
Arribaus a prazza ’e crésia, Luisicu dda lassàda e andàt a arrexonai, a s’umbra, cun cuddus chi, che issu e totu, torraus de sa guerra a crésia no ddui fùant intraus prus	Giunti nel piazzale della chiesa, Luisicu la lasciava ed andava a chiacchierare con quelli che, come lui, tornati dalla guerra in chiesa non avevano più messo piede
Sara intràda e s’ingenugàda in mesu a is àtaras feminas, a bòrtas sola in is gradinus de sa barandìglia, e pregàda, a iscusi	Sara entrava e si inginocchiava in mezzo alle altre donne, a volte sola nei gradini della balaustra, e pregava, a fior di labbra
Ma fattu-vattu si firmàda, is ogus fissus attesu, forzis penzendu a un’àtara missa, in d’un’àtara crésia, a cosas e a genti chi no arrennescìat a s’indi spiccigai ’e su coru	Ma di tanto in tanto taceva, forse pensando a un’altra messa, in un’altra chiesa, a cose ed a persone che non riusciva a togliersi dal cuore
Biddanoa fut una bidda sonnigosa, Biddanoa fut una mammesonnu, piccigàda a su monti che una mammesonnu a sa perda	Biddanoa era un paese sonnolento, Biddanoa era una “mammesonnu” appiccicata al monte come una “mammesonnu” alla pietra
In annus e annus ìat abertu is ògus pagus bòrtas, ma ddus ìat torraus a serrai luegu, su sonnu fut prus forti	Nel corso degli anni aveva aperto gli occhi poche volte, ma li aveva richiusi subito, il sonno era pressante
Una fut candu ’nd’ìanta segau is forestas e ìanta fattu sa stazioni, ma partìus is furisteris e is carradoris cabesusesus, e bistu su trenu passendu ónnia dì in Pranu ’e Crastus, su sonnu fut torrau a calai, grai	Una volta fu quando avevano tagliato le foreste e costruito la stazione, ma partiti i carbonai forestieri e i carrettieri logudoresi e visto il treno passare tutti i giorni in Pranu ’e Crastus, il sonno era sceso di nuovo, profondo
Annus de sonnu fùant ancora passaus, e fut benìa sa guerra	Lunghi anni di sonno erano ancora trascorsi ed era scoppiata la guerra
Biddanoa ìat torrau a aberri is ogus po prangi is binti mortus	Biddanoa aveva riaperto gli occhi per piangere i suoi venti morti
In dónnia domu, salvu cuddas, si fut pesau su teu	In ogni casa, salvo quelle dei “latifondisti”, si era udito il lamento
Ma sa guerra puru fut passàda, e in parti su prantu	Ma anche la guerra era cessata, e in parte il pianto
Fùant abarraus, che unu sinnali, is bestìris nieddus de is feminas e is pantalonis grigioverdi cun calincunu zàppulu in genugus	Erano rimasti, per ricordarla, i vestiti neri delle donne e i pantaloni grigioverdi dei combattenti con qualche pezza alle ginocchia
In cuddu trettu ’e Sa Prazzitta accantu Elias contàda is contus de trincera, no si ddui firmàt prus nèmus	In quel tratto di Sa Prazzitta dove Elias faceva i suoi racconti di trincea, adesso non si fermava più nessuno
Elias, solu, si sezzìat in d’una perda fumendu cun su zigarru a fogu a intru e ispudendu in su prùini fattu-vattu, penzamentosu	Elias, solo, si sedeva su una muriccia fumando il suo sigaro a fuoco in dentro, sputando di tanto in tanto nella polvere, pensieroso
Abituau comenti fut a intendi, po cantu attesu, dónnia sonu, dónnia boxi e dónnia pispisu, dd’arribànta crarus a orìgas is fueddus sèmpiri inténdius, is pagus fueddus de sa genti chi a una cosa sceti penzàda: a bivi, a campai di òi a cras, istraccendindi unu mùssiu ’e pani a sa terra perdosa, un’arrogu ’e casu a su tallu illainau, si accumpangiàt s’annàda, aqua soli e bentu	Abituato com’era a udire, per quanto lontano, ogni rumore, ogni voce e ogni bisbiglio, gli giungevano chiare alle orecchie le parole udite da sempre, le poche parole della gente che non si preoccupava d’altro se non di vivere, di campare dall’oggi al domani, strappando un boccone di pane alla terra pietrosa, un pezzo di formaggio al gregge affamato, se favorevole era l’annata, acqua sole e vento
E tandu – penzàt Elias – custa genti è torrendu a fai sa vida chi fìat prima, tribuliàda e miserabili, tandu sa guerra no è serbìa a nudda, no at cambiau nudda, tandu fùanta	E allora – pensava Elias – questa gente ha ripreso la vita di un tempo, tribolata e miserabile, allora la guerra non è servita a nulla, non ha cambiato nulla, allora erano balle
fàulas is cosas chi si narànta in trincera, fut fàula ca sa guerra ìat èssi cambiau medas cosas, finzas e in Biddanoa	quelle che ci raccontavano in trincea, che la guerra avrebbe cambiato molte cose anche a Biddanoa
Ma chini e comenti ddas ìat èssi dépias fai cambiai	Ma chi e come le avrebbe dovute cambiare
Né a custas né a àtaras pregontas chi fìat a issu e totu, Elias iscìat arrespundi	Né a queste né ad altre domande che faceva a se stesso Elias sapeva rispondere
Ma cumprendìat e bìat ca dì po dì is chi no si fùant arréndius a is austriacus immoi fùant arrendendusì a sa miseria, a su fàmini, a su sonnu ’e Biddanoa chi duràt de centu e cent’annus	Ma capiva e vedeva che chi non si era arreso agli austriaci ora si stava arrendendo alla miseria, alla fame, al sonno di Biddanoa, che durava da cento e cento anni
Scaréscia sa guerra, tandu	Dimenticata la guerra, allora
No, sa guerra torràt a iscoppiai dónnia domìnigu a merì, in Sa Prazzitta	No, la guerra scoppiava di nuovo ogni domenica, in Sa Prazzitta
Calincunu soddu currìat: su sussìdiu alle famiglie dei combattenti ìanta sighìu a ddu pagai apustis ch’is cumbattentis fùanta torraus a domu, congedaus; medas ìant arriccìu dinai di arretratti, po una cosa o po s’àtara, màssima is graduaus, caporalis, caporalis maggioris e calincunu sergenti, penzionis fùanta cumenzendu a arribai a mutilati e invalidi	Qualche soldo correva: alle famiglie dei combattenti avevano continuato a pagare il sussidio anche dopo che i combattenti erano tornati a casa, congedati Molti avevano ricevuto arretrati di paga, specie i graduati, caporali e qualche sergente, pensioni cominciavano a essere pagate a mutilati e a invalidi
E chini no ìat pigau nudda o no ddi fut abarrau nudda de su ch’ìat pigau, po fai dinai s’ìat béndiu su paccu vestiario a chini no ìat fattu sa guerra	E chi non aveva ricevuto nulla o chi aveva già speso tutto, per racimolare qualche soldo aveva venduto il pacco vestiario per poche lire a chi non aveva fatto la guerra
Su cognac, chi po annus ddis ìanta passau in trincera finzas e in doppia razione, prima ’e movi all’assalto, po issus fut diventau un’abitùdini, no ’ndi podìanta fai ’e mancu	Il cognac, che in trincea era stato distribuito anche in doppia razione, prima di muovere all’assalto, per loro era diventato un’abitudine, non potevano farne a meno
Ma cognac in bidda no s’ind’agatàda, Tia Grazia in buttega tenìada sceti binu nieddu e ànici: ànici, Tia Grazia, tandu, unu dus, tres, quattru cicchettus, tòrrit a ghettai, Tia Grazia, dinai c’ind’at ancora	Ma cognac in paese non se ne trovava, Tia Grazia nella sua bettola vendeva soltanto vino nero e anice: anice, allora, Tia Grazia, due, tre, quattro bicchieri, versi di nuovo, Tia Grazia, soldi ce n’è ancora
E buffa, tui, buffa, ca seus a riposo, immoi, in trincera no ddui depeus torrai	E bevi, tu, bevi che siamo a riposo, adesso, in trincea non dobbiamo tornare
Su cognac, però, fut un’àtara cosa, bogàt prus s’azza	Il cognac, però, era un’altra cosa, rendeva più audaci
Ma a ddis bogai s’azza ddu ìat penzau Buffalubrodu, una dì, senza ’e ’ndi tenni mancu s’idea	Ma a renderli più audaci ci aveva pensato Buffalubrodu, un giorno, senza averne nemmeno l’intenzione
Circhendu in d’unu stàulu chini scit eita strepu, Buffalubrodu ìat agatau unu lambiccu, abbandonau de su tempus de sa fillòssera	Cercando in una soffitta chissà quale arnese, Buffalubrodu aveva trovato un alambicco, abbandonato dai tempi della fillòssera
Buffalubrodu, chi fut ómini de dónnia imbentu, dd’ìat beni spruinau, e in d’unu mengianu dd’ìat torrau a trassa	Buffalubrodu, che era uomo di grande inventiva, l’aveva ripulito ben bene e in una mattinata l’aveva rimesso in funzione
Sa dì e totu (fuaus in s’atóngiu) fut lambicchendu sa primu aquardenti	Lo stesso giorno (eravamo in tempo di vendemmia) stava distillando la prima acquavite
Bona, mellus de su cognac, forzis, ìat nau calincunu chi dd’ìat tastàda	Ottima, migliore del cognac, forse, aveva detto qualcuno che l’aveva assaggiata
E tandu aquardenti, Tia Grazia, pòngiat is tassas, tòrrit a ghettai, Tia Grazia, buffai, piccioccus	E allora acquavite, Tia Grazia, metta i bicchieri, versi di nuovo, Tia Grazia, bevete, ragazzi
A is tres, is quattru ’e merì, donniunu fut in trincera, seguru, coraggiosu comenti fut in trincera apustis chi s’ìat buffau sa doppia razioni ’e cognac, prima ’e movi all’assalto	Alle tre, le quattro, ognuno era in trincea, sicuro di sé, coraggioso com’era in trincea dopo aver bevuto la doppia razione di cognac, prima di uscire all’assalto
E donniunu contàda is contus chi no ìat contau mai, donniunu ìat fattu cosas chi is àturus no ìanta mai fattu, donniunu fut su mellus de totus	Ed ognuno raccontava le cose che non aveva raccontato mai, ognuno aveva compiuto prodezze che gli altri non avevano mai compiuto, ognuno era il più valoroso di tutti
Su cunfrontu, immoi, no fut tra sardus e continentalis, in massa, comente in guerra, e nimmancu tra sa Brigata Sassari e is àtaras brigatas, o tra su centuxinquantunu e su centuxinquantadùs, tra terzo battaglione e is àturus tres, tra sa décima e is àtaras cumpagnias, ma tra ómini e ómini, tra unu biddanoesu e un’àturu biddanoesu	Il confronto, adesso, non era tra sardi e continentali, in massa, come in guerra, e nemmeno tra la Brigata Sassari e le altre brigate, o tra il centocinquantuno e il centocinquantadue, tra il terzo battaglione e gli altri tre, tra la decima e le altre compagnie, ma tra uomo e uomo, tra un biddanoese e un altro biddanoese
E no po is cosas de su presenti, comenti fut tandu sa guerra, ma po cosas passàdas de tres, quattr’annus, chi però immoi s’aquardenti apporrìat craras a sa memoria comente chi fèssinti cosas de su presenti	E non per i fatti del presente, come allora in guerra, ma per i fatti di tre, quattro anni prima, che però l’acquavite porgeva chiari alla memoria come fossero fatti del presente
E candu, cicchettu infattu ’e chicchettu, in sa buttega ’e Tia Grazia sa guerra no ddui capìat prusu, ’ndi bessìat a Sa Prazzitta	E quando, cicchetto dopo cicchetto, nella bettola di Tia Grazia non c’era più spazio per tutti, la guerra traboccava in Sa Prazzitta
E fut una guerra curiosa, parìat chi dónnia reggimentu, dónnia battallioni, sa Brigata e totu, fèssinti cumpostus de unu sordau sceti, chi fut issu, su prus coraggiosu, su prus arriscau, su prus imbriagu	Ed era una strana guerra, sembrava che ogni reggimento, ogni battaglione, tutta la Brigata, fossero composti di un solo soldato, che era lui, il più coraggioso, il più spericolato, il più ubriaco
Fut issu, issu solu, ch’ìat conquistau o diféndiu la trincea delle Frasche, dei Razzi, Monte Zebio, Monte Fior, Asiago e la Bainsizza	Era lui, lui da solo, quello che aveva conquistato o difeso la trincea delle Frasche, dei Razzi, di Monte Zebio, Monte Fior, Asiago, la Bainsizza
Issu, a sa sola, o calincuna ’orta cun su capitanu Lussu e cun Luisicu, ìat fattu centu presoneris, ìat fattu sartai in àiris duecento metri di reticolati nemici cun d’unu tubu de gelatina infattu ’e s’àturu, fut arribau sèmpiri su primu in dónnia trincera austriaca, ìat boccìu prus austriacus issu chi no totu sa Brigata Macerata	Lui, da solo, o qualche volta in compagnia del capitano Lussu o di Luisicu, aveva fatto cento prigionieri, aveva fatto saltare in aria duecento metri di reticolati nemici con un tubo di gelatina dietro l’altro, era arrivato sempre primo in ogni trincea austriaca da solo, aveva ucciso più austriaci che non tutta la brigata Macerata
E tui, eita as fattu, tui	E tu, cos’hai fatto, tu
Innui fust’imboscau	Dov’eri, imboscato
In retrovia, no	In retrovia, no
Imboscau ’eu	Io imboscato
Degradau ’eu	Io degradato
Deu in su plotoni di esecuzioni	Io nel plotone di esecuzione
Deu Brigata Lepre	Io Brigata Lepre?
Aquardenti che cognac, donniunu s’agatàt a ananti un’austriacu e si ddi ghettàt asuba a pinnigosus, a cazzottus, a corpus de conca, s’arrumbulànt in terra insanguentaus, scorriàus, bruttus de prùini e di àturu	Acquavite come cognac, ognuno si trovava davanti un austriaco e gli si buttava addosso a pugni, a cazzotti, a testate, rotolavano per terra sanguinanti, i vestiti a brandelli, sporchi di polvere e d’altro
Cand’arribànta is carabineris e circànta de ddus parzìri, si ddis furriànta contras: comenti ti permittis, tui, carabineri imboscau in retrovia, carabineri spioni de dónnia cumandu, comenti ti permittis de toccai unu sordau de sa Brigata, un decorato al valore, chi no at mai tìmiu mancu dexi battallionis austriacus e immoi ìat a depi timi a tui, carabineri ’e merda	Quando arrivavano i carabinieri e cercavano di separarli, si rivoltavano contro di loro: come ti permetti, tu, carabiniere spione di ogni comando, come ti permetti di toccare un soldato della Brigata, un decorato al valore che non ha mai avuto paura nemmeno di dieci battaglioni austriaci ed ora dovrebbe aver paura di te, carabiniere di merda
Ma su “carabineri ’e merda” fùanta tres, cun tres arrivortellas, e issus puru bolìanta fai biri a sa genti ca no timìant a nèmus	Ma il “carabiniere di merda” erano tre, con tre rivoltelle, ed anche loro volevano far vedere alla gente che non temevano nessuno
E mancai cun calincun’ogu pistau e sa facci prena ’e scarràffius, arrennescìant a ci portai a caserma i più valorosi, is prus imbriagus, e a ci ddus ficchìri in camera di sicurezza	Ed anche se con qualche occhio pesto e la faccia piena di graffi, riuscivano a portare in caserma i più valorosi, i più ubriachi, e a ficcarli in camera di sicurezza
Mentris is carabineris circànta de s’aderezzai, su brigaderi si sezzìat a tavolino e iscrìat su verbali: ubriachezza, oltraggio, resistenza, vie di fatto contro agenti in servizio di ordine pubblico	Mentre i carabinieri si rimettevano in sesto, il brigadiere si metteva alla scrivania e compilava il verbale: ubriachezza, resistenza, vie di fatto contro agenti in servizio di ordine pubblico
E su restu	Ed il resto
Su lunis a mangianu, cun is ferrus in is bruzzus comente malefattoris, accappiàus s’unu a s’àturu cun d’una cadenitta, unu carabineri pe parti cun sottogola e muschettu, is valorosus di ariseru a merì ’ndi bessìant ’e caserma	Il lunedì mattina, con i ferri ai polsi come malfattori, legati uno all’altro con le catenelle, un carabiniere per parte con sottogola e moschetto, i valorosi di ieri sera uscivano dalla caserma
Passànta in Sa Prazzitta asseliàda, bregungiosus, a conca incrubàda, in su stradoni ananti ’e totu is portas serradas, a pei finzas a istazioni, po pigai su trenu chi andàt facci a Seui, al carcere mandamentale	Passavano in Sa Prazzitta ormai tranquilla, vergognosi, a testa bassa, nello stradone davanti alle porte chiuse, a piedi fino alla stazione per prendere il treno che li avrebbe portati a Seui, al carcere mandamentale
Candu su trenu si movìat, a bellu, in artu Biddanoa ìat giai torrau a serrai is ògus	Quando il treno si muoveva, lentamente, in alto Biddanoa aveva già richiuso gli occhi
Debolezza, su bandidori sciancau, tenìat unu cani, unu bellu cani colori ’e meli, mannu che unu vitellu, di arrazza fonnesa, naràt su mèri, attrivìu, capassu de firmai unu malloru arrùi, naràt su mèri, si dd’èssit benìu a trettu	Debolezza, il banditore sciancato, aveva un cane, un bel cane color miele, grosso come un vitello, di razza fonnese, diceva il padrone, azzardato, capace di fermare un toro selvatico, diceva il padrone, se gli fosse capitato a tiro
Parìat unu lioni, no unu cani, po cussu dd’ìat postu Lioni	Sembrava un leone, non un cane, per questo l’aveva chiamato Lioni
Una bella dì de donniassantu, Debolezza e Lioni fùant andaus a circai cardolinu, facci a Is Taccus	In una bella giornata di novembre Debolezza, con Lioni, era andato a funghi, verso Is Taccus
A bell’a bellu Debolezza, cun su bàculu e una bertuledda a coddu, currendu ananti e infattu Lioni, firmendusì fattu-vattu a fragai una perda o a arziai sa camba in d’un’àtara, prexau comente chi fèssit andendu a festa	Adagio Debolezza, col bastone e una bisaccina in spalla, correndo avanti e indietro Lioni, fermandosi di tanto in tanto a odorare un sasso o ad alzare la zampa in un altro, contento come se stesse andando ad una festa
Mischinu	Meschino
Arribaus a Is Taccus, mentris Debolezza fut girendu passu passu, circhendu a conca bàscia in d’unu paris accantu creìat chi ddu èssit cardolinu pezza, de palas de una màccia ’e moddizzi ’ndi stùppat tot’in d’una unu malloru nieddu	Giunti a Is Taccus, mentre Debolezza gironzolava passo passo scrutando il terreno a testa bassa in uno spiazzo dove credeva che vi fossero cardoncelli, da dietro un macchione di lentischio sbuca fuori all’improvviso un gigantesco toro nero
Arrùi	Selvatico
Comenti bit a Lioni, su malloru, sulendu che una pìbera, s’inci ddi scùdit asuba a conca bàscia, sciamiendu is corrus accuzzus, circhendu de ddu ferri a morti cun d’unu scàviu infattu ’e s’àturu	Come vede Lioni, il toro, soffiando come una vipera, gli si butta sopra a testa bassa, dimenando le corna aguzze, cercando di colpirlo a morte con una cornata dopo l’altra
Ma Lioni no est unu cani ’e bértula, e si ddi furriàt a dentis in foras murrungendu, zaulendu a curzu a curzu, airàu, mussiendiddu cun feli accantu pòdit, a su zugu, a su pitturrali, a su fundu ’e s’origa	Ma Lioni non è un cane da nulla, e gli si rivolta a denti in fuori minaccioso, abbaiando sotto tono, fitto, poi tenta di azzannarlo dove può, al collo, al pettorale, alla base dell’orecchio
Su malloru però no si fìrmat s’indi scùtulat su cani e cammìnat, iscàviat e cammìnat, passu passu, finzas a chi ci pòrtat a Lioni accanta ’e unu spérrumu	Il toro però non si ferma, si scuote il cane di dosso e cammina, dimena le corna e cammina, passo dopo passo, finché non porta Lioni sull’orlo di un precipizio
Po unu pagheddu su certu sìghit inguni, cun su malloru chi cun is corrus di azzàrgiu bòlit donai a su cani s’ùrtimu corpu, su corpu chi pòngat fini a su certu, ma su cani no tènit gana ’e s’arrendi, est abettiosu e attrivìu, si mòvit che un’anguidda, si cràvat a su malloru che unu dimóniu, pesendusindi ’e terra e murrungendu, cun sa baulada in bucca, su pilu azzuzzudau, mussiendu cun feli accantu arrennèscit a arribai	Per un po’ il combattimento continua in quel punto, col toro che con le corna d’acciaio vuol dare al cane il colpo definitivo, il colpo mortale che metta fine alla lotta, ma il cane non vuole arrendersi, è testardo e coraggioso, si muove come un’anguilla, si avventa come un demonio, sollevandosi da terra e abbaiando, la bava alla bocca, il pelo irto, azzannando con rabbia il toro nelle parti che ha scelto a bersaglio
Ma senza ’e s’ind’acatai, torrendu asegus comenti cammìnat su malloru, Lioni è lómpiu a s’óru ’e su spérrumu	Ma senza accorgersene, retrocedendo man mano che il toro avanza, Lioni è giunto sull’orlo estremo del precipizio
S’ind’acàtat su malloru, però, chi abascendu lésturu sa conca arrennèscit a ddi ponni tot’a is dus corrus asutta ’e brenti, e pèsat a bolai su cani	Se ne accorge il toro, però, che abbassando rapido la testa riesce a piazzare entrambe le corna sotto la pancia del cane e a sollevarlo da terra
Lioni furriòttat in s’àiri, e cun d’unu zàulu disisperau ci arrùit in su spérrumu	Lioni carambola nell’aria, e con un lamento disperato cade nel precipizio
Tandu su malloru àrziat prus in artu sa conca, superbu, si fùrriat, marrascèddat, pèsat unu corrinu e s’inc’istésiat a passu adasiau, cun s’àiri ’e su bincidori	Allora il toro solleva più in alto la testa, superbo, si volta, scalpita, muggisce e si allontana adagio, con l’aria del vincitore
Debolezza, firmu, cun su bàculu in d’una manu e unu	Debolezza, fermo col bastone in una mano e un fungo
cardolinu in s’àtara, at bistu totu ma no at póziu fai nudda	nell’altra, ha visto tutto ma non ha potuto far nulla
At provau a zerriai a Lioni, ma su cani no ddu pòdit intendi	Ha tentato di chiamare Lioni per sottrarlo alla mischia, ma il cane non poteva udirlo
Candu dd’at bistu arruendinci in su spérrumu, Debolezza ci at fuliau su cardolinu, e cun su bàculu e su passu chi ddi permìttint is cambas pagu seguras, a pampadas, arrumbulendu in sa calàda prena ’e spina, acùdit accantu pènzat chi pòzat èssi arrutu su cani	Appena l’ha visto precipitare nel burrone, però, col passo delle sue gambe malferme, carponi, rotolando nella china cosparsa di spine, raggiunge il punto in cui pensa che il cane possa essere caduto
Intèndit unu zùnchinu e bit a Lioni: c’est arrutu in pizzus de unu muntoni ’e perda e de spina, ddi béssit sànguni de bucca e di orìgas, ma candu Debolezza ddi pònit sa manu in conca sénzat de zunchiai	Sente un lamento e vede Lioni: è caduto sopra un mucchio di pietre, perde sangue dalla bocca e dalle orecchie, ma quando Debolezza gli passa una mano sulla testa cessa di lamentarsi
Pàrit mortu	Sembra morto
Però connòscit sa manu ’e su mèri, sa boxi, cumprèndit is fueddus, e apustis de unu pagheddu mòvit appenas sa coa	Però riconosce la mano del padrone, la voce, comprende le parole, e dopo un po’ muove debolmente la coda
Oras pàssanta, cun Debolezza carinniendu su cani mesu mortu comente chi dd’èssit póziu donai vida cun sa manu amorosa	Passano ore, con Debolezza che accarezza il suo cane mezzo morto, come se potesse ridargli vitalità con la sua mano amorosa
Poi, aillargu, s’intèndint is arrodas de unu carru	Dopo, lontano, si sente il rumore delle ruote di un carro
Debolezza aspèttat, su carru s’accóstiat, Debolezza fuèddat cun su carradori, poi pònit sa bértula in su sterrimentu ’e su carru, su carradori pìgat su cani in brazzus e cun delicadesa, comente chi èssit lìggiu in su coru ’e Debolezza, ddu pònit asuba ’e sa bértula	Debolezza attende, il carro si avvicina, Debolezza parla col carrettiere; poi stende la sua bisaccia sul fondo del carro, il carrettiere prende in braccio il cane e delicatamente, come se avesse letto nel cuore di Debolezza, lo adagia sulla bisaccia
Ìntrant in bidda ch’est iscurigau	Entrano in paese che è già buio
Su carru si fìrmat ananti ’e sa domu ’e su bandidori, su carradori tòrrat a pigai su cani in brazzus e Debolezza sa bértula, ìntrat e dda pònit accanta ’e sa ziminera Su carradori, a lébiu a lébiu, ci pònit asuba a Lioni	Il carro si ferma davanti alla casa del banditore, il carrettiere riprende il cane in braccio, Debolezza la bisaccia, entra, la distende vicino al camino ed il carrettiere vi depone il cane
Su cani, cun is ògus mes’abertus càstiat su meri e tòrrat a movi appenas sa coa	Lioni guarda il padrone con gli occhi socchiusi e muove appena la coda
Debolezza si ddi sèzzit accanta in d’una cadiredda e tòrrat a ddi passai sa manu in conca, in sa schina, a lébiu, timendu de ddi fai mali	Debolezza, seduto accanto, lo accarezza a lungo, sulla testa, sulla schiena, lieve, temendo di fargli male
Poi ddi bénit un’idea: nàrat calincuna cosa a su cani, ci béssit e no pàssat meda chi tòrrat cun Buffalubrodu	Poi gli viene un’idea: sussurra qualcosa a Lioni, esce rapido, e dopo un po’ ritorna con Buffalubrodu
Buffalubrodu “vìsitat” su cani mellus de unu dottori, citìu, tocchendiddu cun is didus in dónnia logu, firmendusì candu a su cani ddi béssit unu zùnchiu, poi nàrat sa sua: Lioni pòrtat duas cambas segadas, una ananti e una asegus, e tres còstas, sa schina zinniàda; su sànguni chi at fattu dèpit èssi de figàus	Buffalubrodu “visita” il cane meglio di un dottore, zitto, palpandolo attentamente dappertutto, fermandosi quando emette un lamento, poi dice la sua: Lioni ha due gambe spezzate, una anteriore ed una posteriore, tre costole rotte, la colonna vertebrale incrinata, il sangue che ha vomitato forse dipende dal fegato
Ma forzis si sàrvada	Ma forse si salva
Ddi pònit una tauledda in donniuna de is cambas segadas, beni strinta cun tiras de tela; po is còstas no si pòdit fai nudda, po sa schina nimmancu	Gli lega strettamente una tavoletta in ciascuna delle gambe spezzate, ben stretta con strisce di tela, per le costole non si può far nulla, per la schiena neppure
Donaddi calincuna cullera ’e latti, ma arziaddi sa conca a bell’a bellu	Dagli qualche cucchiaio di latte, ma sollevagli la testa con attenzione
Torru cras a merì	Torno domani sera
Fut torrau dónnia merì, dis e dis	Era tornato tutte le sere, per giorni e giorni
Debolezza ìat curau a Lioni che unu pipìu, che unu fillu, fendu totu su chi ddi naràt Buffalubrodu, abarrendu accanta ’e su cani dónnia momentu chi podìat, dormendu accanta sua a su notti, in d’una stòia	Debolezza aveva curato il suo cane come se fosse un bambino, come un figlio, attenendosi scrupolosamente alle prescrizioni di Buffalubrodu, restando quasi costantemente vicino a Lioni, dormendo accanto a lui la notte, su una stuoia
Dd’ìat aiscau cun latti e brodu, e appenas Lioni ìat póziu pappai, cun arrogheddus de pezza beni cotta	L’aveva imboccato con latte e brodo, e, quando era stato in grado di mangiare, con pezzetti di carne ben cotta
Cun passiénzia, cun amori, comenti si fàit cun d’unu fillu	Con pazienza, con amore, come si fa con un figlio
Apustis de unu mesi, unu mangianu, candu fut pesendusindi, Debolezza s’ìat agatau a Lioni accanta ’e sa stòia, strantàxu: portàt su zugu trotu, sa schina acciuvàda, e candu si fut móviu camminàt che su mèri	Dopo un mese, una mattina, destandosi, aveva visto Lioni accanto alla stuoia, ritto sulle zampe malferme: aveva il collo storto, la schiena incavata, e muovendosi camminava come il padrone
Cun cuddus ogus de cristianu parìat domandendu perdonu di èssi comenti fut, movendu sa coa bregungiosu	Con quegli occhi da cristiano sembrava chiedergli perdono di essere così malridotto, muovendo timidamente la coda
Po Debolezza fut comente chi Lioni èssit tentu su fueddu: dd’ìat passau sa manu in conca, in sa schina, a bell’a bellu, scaringendusì a arrìri: tra cani e meri no ddu ìat bisóngiu ’e fueddus	Per Debolezza era come se Lioni gli avesse parlato: gli aveva sfiorato con la mano la testa, la schiena, lievemente, sorridendogli: no, tra loro non c’era bisogno di parole
Tres dis apustis Debolezza ìat dezìdiu de bessìri cun Lioni, a ghettai unu bandu, coment’ìat fattu sèmpiri in cussus annus	Alcuni giorni dopo Debolezza aveva deciso di uscire con Lioni, per un bando, come aveva sempre fatto in quegli anni
Ma timìat	Ma temeva
Timìat chi is biddanoesus èssinti fattu cun su cani coment’ìanta fattu cun issu, candu, apustis de su chi ddi fut suzzédiu, fut bessìu de domu sciancau, cun su bàculu, e dd’ìanta postu cuss’annomìngiu	Temeva che i biddanoesi si comportassero col cane come si erano comportati con lui, quando, dopo la disgrazia, era uscito di casa sciancato, col bastone, e gli avevano appioppato quel soprannome
Ma bai a cumprendi is biddanoesus: candu ddus ìanta bius in Sa Prazzitta, sciancaus tot’a is dus, si ddus ìanta postus in mesu pedendiddis novas, frandighendu su cani, alligrendusì de ddu biri torra cun su mèri	Ma va’ a capire i biddanoesi: quando li avevano visti insieme in Sa Prazzitta, sciancati tutti e due, li avevano attorniati chiedendo come stavano, accarezzando il cane, rallegrandosi di vederlo nuovamente col padrone
Totus iscìanta cun cali coràggiu Lioni ìat affrontau su malloru	Tutti sapevano con quale coraggio Lioni aveva affrontato il toro
E, cosa ’e no crei, Debolezza fut torrau a èssi Domianu, e su cani fut abarrau Lioni	E, cosa da non credere, Debolezza era tornato ad essere Domianu ed il cane era rimasto Lioni
Ddi fut abarrau su verenu e un’àxiu senza ’e sfogu chi no ddu lassàt unu momentu	Gli era rimasta la rabbia ed un’angoscia senza sfogo che non lo abbandonava un momento
A bortas ddi parìat chi a trint’annus sa vida sua fèssit acabàda, a bortas chi èssit dépia ancora cumenzai	A volte gli sembrava che, a trent’anni, la sua vita fosse finita, a volte che non fosse ancora incominciata
De custa cunfusioni no iscìat a chini donai nexi, ma cumprendìat, mancai in manera pagu crara, di èssi stétiu treulau, comente tantis àturus in àtaras maneras, de fattus chi forzis un’ómini solu no ìat bófiu, o chi ddi fùanta fuìus de manu e fùant andaus po contu insoru, crescendu, illarghendusì, strascinendu in d’un’atrepógliu maladittu óminis e óminis	Di questa confusione non sapeva a chi dar colpa, ma capiva, seppure vagamente, di essere stato travolto, come tanti altri, da eventi che un uomo solo, forse, non aveva scatenato, o che gli erano sfuggiti di mano procedendo per proprio conto, crescendo, spandendosi, trascinando in uno scompiglio maledetto uomini ed uomini
E infattu no s’ìanta lassau sceti sànguni e làmbrigas, cussus fattus, ma rovinas di ónnia spézia in sa vida de meda genti, ingiustizias mannas	E dietro questo scompiglio sangue e lagrime, e rovine di ogni specie, materiali e morali, ingiustizie immense
Ma s’ingiustizia prus manna ddi parìat sa chi fut toccàda a issu candu dd’ìanta privau de totu su chi s’ìat guadangiau arrischendu sa vida milli e milli bòrtas	Ma l’ingiustizia più grande gli sembrava quella che aveva colpito lui, quando era stato privato di ciò che aveva raggiunto rischiando la vita mille e mille volte
Cun is gradus ch’immoi, a guerra acabàda, no dd’ìant èssi serbìus prus po boccìri àturus óminis o po cumandai àturus óminis a boccìri, ìat èssi póziu fai una vida diversa foras de Biddanoa, foras de sa miseria ’e Biddanoa, de s’accorru ’e Biddanoa che una dì o s’àtara dd’ìat èssi allupau	I suoi gradi adesso, a guerra ultimata, non gli sarebbero più serviti per uccidere altri uomini, o per comandare altri uomini ad uccidere, ma gli avrebbero consentito di fare una vita diversa, lontano da Biddanoa, dalla miseria, dal chiuso di Biddanoa che un giorno o l’altro l’avrebbe soffocato
E una vida diversa ìat èssi fattu Sara, chi po totu su ch’ìat passau po issu, dd’ìat èssi minéscia	Una vita diversa avrebbe fatto anche Sara, che l’avrebbe meritata, dopo tutto ciò che aveva affrontato per stargli vicino
Sara, ch’in àturus tempus ìat finzas e isperau de podi passai totu sa vida a brazzettu de cuddu sordau bestìu sèmpiri cun d’una bella divisa, de cuddu sordau ch’ìat connotu a sa bessìda ’e sa missa, una dì, in d’unu logu stràngiu, attesu Sara, chi po dd’abarrai a su costau fut benìa cun issu a Biddanoa senza ’e sposai, allìgra, tranquilla, castiendu firma sa vida cun is ogus colori ’i àiri, mancai èssit iscìpiu ca pagu cosa sa vida dd’ìat èssi donau	Sara che un giorno aveva sperato di poter trascorrere la vita al fianco di quel soldato dalla bella divisa, conosciuto in un giorno lontano, in un paese ormai lontano; Sara che per seguirlo a Biddanoa aveva rinunciato anche al matrimonio, allegra, serena, guardando coraggiosamente la vita con i suoi occhi color d’aria; Sara conscia ormai del fatto che la vita ben poco avrebbe potuto darle
E su chi fut po nasci	E la creatura che stava per nascere
Penzendu a custa criatura, Luisicu a bòrtas si cummovìat, ma a bòrtas intendìat crescendiddi s’arrennégu chi si ddi fut pinnigau in su coru che unu niu ’e scorpionis	Pensando a lei Luisicu a volte si commoveva, ma a volte sentiva crescere dentro di sé la rabbia che gli si era accumulata nel cuore come un nido di scorpioni
Eppuru fut abettendidda, custa criatura, casi cun su própiu appéddiu ’e Sara, chi però amostàt sèmpiri sa própiu cara trancuilla	Eppure stava attendendola, questa creatura, quasi con la stessa ansia di Sara, che però mostrava sempre il suo solito aspetto tranquillo
E fut nàsciu, su pipìu, unu mangianu a chizzi	Ed era nato, il bambino, una mattina all’alba
Appenas Sara si fut inténdia mali, Luisicu ’nd’ìat iscidau a Lionora, e Lionora ci dd’ìat mandau a zerriai a Tia Zerafina, chi fìat de maista ’e partu, mancai maista ’e partu no fèssit	Appena Sara si era sentita le doglie Luisicu aveva svegliato Lionora e l’aveva spedita di corsa a chiamare Tia Zerafina, la donna che fungeva da levatrice
Tia Zerafina fut benìa luegu	Tia Zerafina era venuta subito
Ogéniu ìat fattu su fogu in sa ziminera, e Luisicu, comenti dd’ìanta cumandau is féminas, ìat postu a callentai una cardaxola ’i aqua	Ogéniu aveva acceso il fuoco nel camino e Luisicu, come gli avevano ordinato le donne, aveva messo a bollire una caldarola d’acqua
Apustis chi fut passàda sì e no mes’ora, ma a issu ddi fut partu un’annu, de s’aposentu ’e lettu si fut inténdiu unu scràmiu, forti, spasimau, longu, ch’ind’ìat prenu s’aposentu, sa coxina, totu sa domu, sa prazza, su bixinau, e si fut appenas asseliau candu si fut imbàttiu in is primus cannas de su soli, chi fut bessendu	Dopo che era trascorsa sì e no mezz’ora, ma che a lui era sembrata un’eternità, dalla stanza da letto si era udito uno strillo, forte, spasimato, lungo, che aveva riempito la stanza, la cucina, tutta la casa, il cortile, il vicinato, spegnendosi quando si era imbattuto nei primi raggi del sole, che stava sorgendo
Po Luisicu, avvesu prus a is centu boxis differentis de sa morti chi a cussa boxi prepotenti e inchieta de una criatura chi fut nascendu, fut comente biri sa vida in d’un’àtara manera, a dda biri de su cumenzu, anzis che de s’acabu, comenti troppus bortas dd’ìat bista	Per Luisicu, abituato più alle cento voci differenti della morte che a quella prepotente ed inquieta di una creatura appena nata, era come vedere la vita da un altro lato, dall’inizio anziché dalla fine, come sempre l’aveva vista
Poi, de s’enna scaringiàda, dd’ìant amostau una cosa spollinca, cun d’una conca ’e pilus nieddus, lèggia, ddi fut partu, ch’ìat senzau ’e prangi e fut arroendusì is pinnigosus	Poi dalla porta socchiusa gli avevano mostrato un vermiciattolo nudo con una testa di capelli neri, brutto, gli era sembrato, che aveva cessato di piangere e stava rodendosi i pugni chiusi
No fut passau meda e dd’ìanta fattu intrai in s’aposentu: sa cosa lèggia immoi fut in su lettu, bestìa, cun sa conca imbarada a su brazzu ’e sa mamma, suendu	Passati alcuni minuti l’avevano fatto entrare nella stanza: il vermiciattolo adesso era vestito, in braccio alla madre, e succhiava
Si fut accostiau a su lettu in punta ’e pei, bregungiosu, ìat passau sa manu in pilus a Sara, comenti fìat sèmpiri, ma issa si dd’ìat pigada, si dd’ìat posta in conca ’e su pipìu e ìat pesau is ogus: in sa miràda portàt totu sa luxi ’e su soli	Luisicu si era avvicinato al letto in punta di piedi, confuso, aveva accarezzato Sara sui capelli, col suo gesto abituale, ma lei gli aveva preso la mano e gliela aveva posata sulla testa del bambino Aveva alzato lo sguardo e nei suoi occhi c’era tutta la luce del sole
Bellu meda no ddi parìat, po moi assummancu, ma cussu pipìu parìat chi fèssit meda importanti, cun quattru personis mannas prontas a ddu serbìri, chini a ddi donai a pappai, chini a dd’anninniai, chini a ddu pigai in brazzus, si prangìada	Molto bello non gli sembrava, per adesso, almeno, ma quel bambino sembrava che fosse molto importante, con quattro persone pronte a servirlo, chi a dargli da mangiare, chi a cullarlo, chi a prenderlo in braccio se piangeva
A parti sa mamma, chi po s’alligrìa immoi parìat finzas e prus bella, e su babbu, chi no fut sèmpiri incillìu comente prima (mancai ancora, a bòrtas, èssit torrau a camminai a passus	A parte la madre, che per la gioia sembrava anche più bella, per il padre che non era più accigliato come prima (quantunque ancora di tanto in tanto andasse su e giù per la
longus de una parti e s’àtara ’e coxina cun is manus in palas, penzendu) po Lionora, sa zia, chi fillus no nd’ìat tentu, custu nebodeddu fut che unu fillu suu nàsciu a trigadìu, e po Ogéniu, chi cumenzàda a èssi anzianu, fut comente chi s’èssit agatau ajàju tot’a una borta, senza di èssi stétiu mai babbu	cucina con le mani dietro la schiena, pensieroso), ma anche per Lionora, la zia, che figli non ne aveva avuto, questo nipotino era come un figlio nato fuori stagione, e per Ogéniu, già anziano, era come essersi ritrovato nonno tutto in una volta, senza essere mai stato padre
De battiai su pipìu no s’ind’ìat mancu chistionau, poita, tantis Sara, chi puru dd’ìat èssi pràxiu, che Lionora e Ogéniu, connoscìant is ideas de Luisicu in fattu ’e religioni, e nèmus ìat abertu bucca	Di battezzare il bambino non si era parlato nemmeno, perché tanto Sara, quantunque le sarebbe piaciuto, quanto Lionora ed Ogéniu conoscevano le idee di Luisicu in fatto di religione e quindi nessuno aveva aperto bocca
Però, de ddu portai a su municipiu po denunziai la nascita entro i cinque giorni, comenti bolìat sa lèi, no s’indi podìat fai ’e mancu	Però non si poteva fare a meno di portarlo in Municipio per denunciarne la nascita, entro cinque giorni, come voleva la legge
E unu mangianu, Luisicu, beni bestìu, cun d’una picciocchedda ’e bixinau a innanti cun su pipìu in brazzus, beni cuncordau issu puru cun d’unu bestìri biancu longu longu e beni imboddiau in d’unu sciallu, ca fut cumenzendu a fai frìus, si fut incamminau facci a su Municipiu	E una mattina Luisicu, ben vestito, con una ragazzina del vicinato che gli camminava davanti col bambino in braccio, agghindato anche lui nel suo vestitino bianco e lungo, coperto con uno scialle perché cominciava a far freddo, si era incamminato verso il Municipio
Su Segretariu ddus ìat fattus intrai, ìat fattu sezzi sa picciocchedda, e ìat nau a Luisicu ca fùanta necessarius dus testimòngius	Il Segretario li aveva fatti entrare, aveva fatto sedere la ragazzina col bambino ed aveva detto a Luisicu che erano necessari due testimoni
In foras de s’enna Luisicu ìat agatau a tiu Pepi, s’uscieri, e unu pastori cumpàngiu suu ’e trincera chi fut benendu a s’Offìziu po unu bollettinu ’e bestiàmini, e ddus ìat fattus intrai	Fuori dalla porta Luisicu aveva incontrato Tiu Pepi, l’usciere, ed un pastore suo compagno di trincea e li aveva fatti entrare
Su Segretariu ìat fattu sezzi a totus, s’ìat fattu donai il registro delle nascite de Tiu Pepi, dd’ìat abertu e si ddui fut asubau cun is parmus de is manus	Il Segretario li aveva invitati a sedere, si era fatto portare da Tiu Pepi il registro delle nascite, aveva inforcato gli occhiali, aveva aperto il registro e vi si era appoggiato con i palmi delle mani
Poi s’ìat arziau is occhialis asuba ’e sa fronti, s’ìat iscrariau sa boxi, e ìat cumenzau a fueddai	Poi aveva sollevato gli occhiali sulla fronte, si era schiarito la voce, ed aveva incominciato a parlare
Cun grandu imbarazzu, parìat, comente chi fèssit seguru de nai cosas chi Luisicu, comenti fut beru, no iscìat	Con molto imbarazzo, sembrava, come se fosse certo di dire cose che Luisicu non sapeva
Su Segretariu, in sustànzia, ìat nau custu:	Il Segretario, in sostanza aveva detto questo:
Luisicu fut cumenzendu a si fai grogàngiu	Luisicu aveva incominciato a impallidire
“Però se la madre naturale si presenta all’Ufficiale dello Stato civile entro i cinque giorni dalla nascita, ddi pòdit donai su sangunau suu”.	“Però, se la madre naturale – aveva continuato il segretario – si presenta all’ufficiale dello Stato civile entro cinque giorni dalla nascita, può dargli il suo cognome”.
Luisicu s’indi fut pesau strantàxu, grogu che sa cera:	Luisicu si era alzato in piedi, pallido come un morto:
“Quindi, de una manera o de s’àtara, fillu miu pòdit èssi dennunziau sceti comente fillu de una bagassa”.	“Quindi, per un verso o per l’altro, mio figlio può essere denunciato solo come un figlio di bagàscia”.
Cun d’una facci chi sceti su cumpàngiu suu ’e trincera dd’ìat bistu àtaras bortas, ’nd’ìat istracciau su pipìu de brazzus de sa picciocchedda sprexurìa, ìat isbambarriau sa porta cun d’una ficchida ’e pèi e ci fut bessìu, incristau che unu sirboni	Con una faccia che soltanto il suo compagno di trincea aveva visto altre volte, Luisicu aveva strappato il bambino dalle braccia della ragazzina terrorizzata, aveva spalancato con un calcio la porta ed era uscito, inferocito come un cinghiale
Cun su pipìu in brazzus, sulendu che una pìbera, ìat tirau facci a domu, a passu léstru	Col bambino in braccio, soffiando come una vipera, aveva tirato diritto verso casa
(Tenìant arrexoni is anarchicus, malladìttasa i’ lèis e chi ddas fàidi, autoridadi schifosa, bònusu sceti a morteficai sa genti e a dda tenni asutta ’e is peis, una ’utta ddis càllidi a totu i’ boginus chi cumàndanta…).	(Avevano ragione gli anarchici, maledette le leggi e chi le fa, autorità schifosa, buona soltanto a mortificare la gente e a tenerla sotto i piedi, un fulmine vi scenda, a voi e a tutti i boia che vi comandano…).
Candu Sara ìat bistu a Luisicu intrendu in domu cun su pipìu in brazzus, birdi che su feli, s’indi fut assiccàda, ma no dd’ìat donau a biri: issa sceti scìat comenti ddu pigai candu fut foras de sèi	Quando Sara l’aveva visto entrare in casa col bambino in braccio, verde come il fiele, si era spaventata ma non l’aveva dato a vedere: soltanto lei sapeva come prenderlo quando era fuori di sé
Sara ìat postu su pipìu in su barzólu (su pipìu dormendu fut, e dormendu fut abarrau), s’ìat fattu contai su chi fut suzzédiu in s’Offìziu e ìat donau arrexoni a Luisicu	Sara aveva rimesso il bambino nella culla (il bambino aveva continuato a dormire tranquillo) e si era fatta raccontare ciò che era successo e per prima cosa aveva dato ragione a Luisicu
Ma poi dd’ìat fattu cumprendi, cun is modus chi tenìat issa, ca si cussa fut sa lèi, giusta o no (e ca no fut giusta ddu bìat donniùnu), no si podìat fai in àtara manera	Ma poi gli aveva fatto comprendere, in quel suo modo persuasivo, che se quella era la legge, giusta o no che fosse, lui non avrebbe potuto cambiarla
Mai chi dd’èssit bessìu ’e bucca su fueddu matrimonio	E senza che le fosse uscita di bocca la parola matrimonio
Parìat chi in totu sa chistioni issa no c’èssit intrada po nudda	Sembrava che in tutta la questione lei non entrasse per nulla
Cantu Luisicu èssit bófiu beni a Sara fut cosa scìpia	Quanto bene Luisicu volesse a Sara era cosa risaputa
E cantu Sara nd’èssit bófiu a issu, su própiu	E quanto Sara ne volesse a lui, la stessa cosa
In prus, si Sara ddi donàt unu cunzillu, Luisicu dd’ascurtàda e si cumportàt segundu su cunzillu ch’ìat arricìu	Inoltre, se Sara gli dava un consiglio, Luisicu lo accettava e si comportava di conseguenza
Dd’ìat ascurtàda e dd’ìat postu menti custa borta puru	L’aveva ascoltata e le aveva dato retta anche stavolta
Fut torrau a s’Offìziu	Era tornato in Municipio
Su Segretariu parìat chi no s’èssit móviu di accantu fudi: sézziu, cun su registru ananti, abertu, e is manus asuba, is occhialis in fronti	Il Segretario sembrava che non si fosse mosso dalla sedia: seduto, col registro davanti, aperto, le mani sopra, gli occhiali sulla fronte
Is testimòngius, iscudi-scudi, fùanta torraus a intrai issus puru	I testimoni, quatti quatti, erano rientrati nell’ufficio
Su Segretariu s’ìat aderezzau is occhialis e ìat pesau sa conca:	Il Segretario si era aggiustato gli occhiali sul naso ed aveva alzato la testa:
“Cognome?”.	“Cognome?”.
“Su chi ddi pràxidi”.	“Quello che vuole”.
“Nome?”.	“Nome?”.
“Bacunino”.	“Bacunino”.
“Comenti?”.	“Come?”.
“Bacunino, apu nau”.	“Bacunino, ho detto”.
Candu fut torrau a domu parìat tranquillu	Quando era tornato a casa sembrava finalmente tranquillo
A Sara, chi dd’ìat pregontau ita nòmini ìat postu a su pipìu, dd’ìat arrespustu ca dd’ìat postu Nino, comenti ddu zérrias tui	A Sara, che gli aveva chiesto quale nome aveva dato al bambino, aveva risposto che l’aveva chiamato Nino, come tu lo chiami
In bidda ddi narànta Ninnu, Ninnu ’e Luisicu	In paese lo chiamavano Ninnu, Ninnu di Luisicu
Su Maistu fut andau a Casteddu e indi fut torrau cun tres timbrus, tundus: in d’unu, a ingìriu, ddui fut iscrittu A.N.C., in su segundu A.N.M.I.G., e in su de tres A.N.F.C.G	Su Maistu era andato a Cagliari ed era tornato con tre timbri, rotondi Nel primo, tutto intorno, c’erano tre lettere, A.N.C.; nel secondo A.N.M.I.G e nel terzo A.N.F.C.G
Totu a is tres, in mesu, SEZIONE DI VILLANOVA	In tutti e tre, nel mezzo, SEZIONE DI VILLANOVA
Unu merì Su Maistu fut passau in Sa Prazzitta e ìat chistionau cun custu e cun cuddu	Una sera Su Maistu era passato in Sa Prazzitta ed aveva parlato con questo e con quello
A cabudexena, a unu a unu, si fùanta presentaus a domu sua setti o ottu cumbattentis, personis sérias	Dopo cena si erano presentati a casa sua sette od otto combattenti, persone serie
Su Maistu ìat cumenzau nendu ca tenìat intenzioni di costituire a Biddanoa puru, comenti si fut giai fattu o si fut fendu in dónni àtara bidda, la sezione dell’A.N.C., cioè dell’Associazione Nazionale Combattenti	Su Maistu aveva esordito dicendo che aveva intenzione di costituire anche a Biddanoa, come già si era fatto o si stava facendo in tutti gli altri paesi, la Sezione dell’A.N.C., cioè Associazione Nazionale Combattenti
Scopu de cust’Associazioni fut, principalmente, l’assistenza ai combattenti per ottenere su chi finzas a òi no ìant ottentu, comente indennidadis de gradu o di àturu, paghe non corrisposte, su paccu vestiario o il diploma di una medaglia al valore o della croce di guerra	Scopo di questa associazione era, principalmente, l’assistenza ai combattenti al fine di far sì che ottenessero ciò che finora non erano riusciti ad ottenere, come indennità di grado o altro, paghe non corrisposte, il pacco vestiario o il diploma di una medaglia al valore o della croce di guerra
E altre provvidenze chi dónnia dì fùanta cuncedendu agli ex-combattenti	E altre provvidenze che ogni giorno stavano concedendo agli ex-combattenti
Finzas a òi is cumbattentis de Biddanoa fùanta stétius abbandonaus a se stessi, senza chi nèmus s’èssit assunto l’impegno di curare i loro interessi	Fino ad oggi i combattenti di Biddanoa erano stati abbandonati a se stessi, senza che nessuno si fosse assunto l’impegno di curare i loro interessi
La Sezione, si s’ìat èssi costituia, ìat èssi dipéndia dalla Federazione Provinciale di Cagliari, che a sua volta dipendeva dalla Presidenza Nazionale dell’A.N.C., chi fut in Roma	La Sezione, se si fosse costituita, avrebbe fatto capo alla Federazione Provinciale di Cagliari, che a sua volta dipendeva dalla Presidenza Nazionale dell’A.N.C., che stava a Roma
Per comprendere l’importanza di questa Associazione bàstat a penzai che Segretario della Sezione di Cagliari, che è la più numerosa della Sardegna, naturalmente, è il capitano Emilio Lussu, chi bos’àturus totus connoscéis	Per comprendere l’importanza di questa Associazione basta pensare che il Segretario della Sezione di Cagliari, che è la più numerosa della Sardegna, naturalmente, è il capitano Emilio Lussu, che voi tutti conoscete
Po fai funzionai la Sezione, però, ci vuole un Segretario, che oltre la capacità necessaria, tèngat tempus e passiénzia, e sopratutto connoscénzias in Casteddu e in Roma, a is calis potersi rivolgere po facilitai la soluzione positiva di ogni pratica e di ogni eventuale rivendicazione	Per far funzionare la Sezione, però, ci vuole un Segretario, che oltre la capacità necessaria, abbia tempo e pazienza e soprattutto che abbia conoscenze sia a Cagliari che a Roma alle quali potersi rivolgere per facilitare la soluzione di ogni pratica o di ogni eventuale rivendicazione
Luchinu:	Luchinu:
“Chi est aici, po mei no c’è che fustei chi pozat fai su secretariu de cust’Associazioni”.	“Se è così, per me non c’è che lei che possa fare il Segretario di questa associazione”.
Su Maistu:	Su Maistu:
“Si is àturus funti di accórdiu, àrzinti sa manu”.	“Se gli altri sono d’accordo alzino la mano”.
Totu is manus si fùant arziàdas e Su Maistu ìat compilato il verbale in duplice copia da cui risultava che alla presenza e con la partecipazione dei signori: Luchinu, Pissenti, Chiccheddu, Efiluisu, Boricu, ecc tutti ex-combattenti, si era costituita la Sezione di Villanova dell’A.N.C., Associazione Nazionale Combattenti	Tutte le mani si erano alzate e Su Maistu aveva compilato il verbale in duplice copia, dal quale risultava che alla presenza e con la partecipazione dei signori Luchinu, Pissenti, Chiccheddu, Efiluisu, Boricu, ecc., tutti ex-combattenti, si era costituita la Sezione di Villanova dell’A.N.C., Associazione Nazionale Combattenti
Su Maistu ìat isceberau su timbru giustu tra is tres chi fùant in sa mesa, ìat timbrau is verbalis, e ìat acabau nendu ca cras e totu ìat èssi richiesto alla Federazione di Cagliari distintivus e tesseras per i soci fondatori	Su Maistu aveva scelto il timbro giusto fra i tre che aveva davanti sul tavolo, aveva timbrato i verbali e aveva terminato dicendo che domani stesso avrebbe richiesto alla Federazione di Cagliari distintivi e tessere per i soci fondatori
Po is àturus, po chini si bòlit iscriri all’A.N.C., ap’a fai ghettai unu bandu, cras o pusti	Per gli altri, per chi si vorrà iscrivere all’A.N.C., farò dare un bando domani o dopo
In seguito eus a fai una riunione di tutti gli iscritti	In seguito faremo una riunione di tutti gli iscritti
Poi i soci fondatori ìant abettau chi Su Maistu èssit bogau a buffai	Poi i soci fondatori avevano atteso che Su Maistu portasse da bere
Mancai in sa Brigata Su Maistu no ddu èssit mai stétiu, mancai calincunu èssit nau ca no si fut mai móviu de is retrovias, imboscau, e calincun’àturu, comente Luisicu e Elias candu chistionànta tra issus, dd’èssit zerriau Brigata Lepre, Su Maistu fut un invalido di guerra Ferito ad un braccio, a su brazzu derettu, da un colpo di fucile sparato da una trincea austriaca; o de s’attendenti suu e totu, comenti naràt calincuna lingua mala	Benché Su Maistu nella Brigata non vi fosse mai stato, benché qualcuno dicesse che non si era mai mosso dalle retrovie, imboscato, e qualche altro, come Luisicu e Elias, quando parlavano di lui lo chiamassero Brigata Lepre, Su Maistu era un invalido di guerra, ferito ad un braccio, al braccio destro, da un colpo di fucile sparato da una trincea austriaca O dal suo attendente, come diceva qualche malalingua
Sa ferida no depìat èssi cosa ’e pagu contu, si no ddi permittìat de girai su brazzu in artu a parti ’e palas, tantis chi si ddi benìat papìngiu a sa mola ’e su zugu, fut custrintu a si scraffi cun sa manu ’e manca	La ferita non doveva essere cosa di poco conto se non gli permetteva di sollevare il braccio e di ruotarlo all’indietro, tanto che se gli veniva prurito alla nuca era costretto a grattarsi con la mano sinistra
E forzis fut po cussu – narànta – chi dd’ìanta donau sa penzioni	E forse era per questo – si diceva – che gli avevano assegnato la pensione
Ddu narànta is linguas malas de Biddanoa, si cumprèndit, is imbidiosus de Biddanoa, chi no fùanta pagus	Lo dicevano solo le malelingue di Biddanoa, si capisce, gli invidiosi di Biddanoa, che non erano pochi
“…domandas fattas mali, fattas de genti chi, non per sua colpa, no at fattu sa guerra e de custas cosas non ne capisce nulla, documentazioni incomplete, dati mancanti, ecc	“…domande fatte male, fatte da gente che, non per sua colpa, non ha fatto la guerra e di queste cose non ne capisce nulla, documentazioni incomplete, dati mancanti, ecc
Senza ’e contai che la Commissione Medica si tènit is praticas sotto tappeto, firmas, mesis e mesis, se non c’è qualcuno con una certa esperienza capassu de ddas fai movi	Senza contare che la Commissione medica trattiene le pratiche sotto tappeto, ferme, per mesi e mesi, se non c’è qualcuno con una certa esperienza capace di farle muovere
“Po custu – ìat sighìu Su Maistu – è necessario costituire anche qui, in Biddanoa, coment’anti fattu in is àtaras biddas, una sezione dell’A.N.M.I.G., cioè dell’Associazione Nazionale Mutilati e Invalidi di Guerra	Per questo – aveva continuato Su Maistu – è necessario costituire anche qui, come hanno fatto negli altri paesi, una sezione dell’A.N.M.I.G., cioè Associazione Nazionale Mutilati e Invalidi di Guerra
Cun d’unu Segretariu che sia in grado, prima di tutto, de s’interessai veramente de is praticas in corso e poi di avviare nel giusto modo is àtaras che da ora in poi verranno presentate	Con un Segretario che sia in grado di interessarsi, innanzi tutto, delle pratiche in corso, e poi di avviare nel giusto modo le altre, quelle che verranno avviate da oggi in poi
Unu chi tèngat veramenti gana de fai custas cosas a vantaggio dei mutilati e degli invalidi”.	Una persona, insomma, che abbia veramente voglia di fare queste cose a vantaggio dei mutilati e degli invalidi”.
Cìcciu:	Cìcciu:
“No c’è che fustei, mi pàrit, chi è capassu, ferìu e penzionau”.	“Non c’è che lei, mi sembra, che è capace, ferito e pensionato”.
Manus arziàdas, e la Sezione di Villanova dell’Associazione Nazionale Mutilati e Invalidi di Guerra è costituita	Mani alzate, e la Sezione di Villanova dell’Associazione Nazionale Mutilati e Invalidi di Guerra è costituita
Verbale in duplice copia, timbrau cun su segundu de cuddus timbrus, chi Su Maistu tenìat giai prontu	Verbale in duplice copia timbrato col secondo di quei timbri, che Su Maistu teneva pronto sul tavolo
Cras o pusti su bandu	Domani o dopo il bando
E bufféus	E beviamo
Abarràt un’àturu timbru, ma de custu s’indi fut dépia interessai Sa Maista	Rimaneva il terzo timbro, ma di questo se n’era dovuta interessare Sa Maista
Unu domìnigu fut andàda a crésia a missa bàscia, sa missa de is viudas e de is mammas bestìas de nieddu, ìat chistionau cun cincu o ses de issas, e ddas ìat cumbidadas a domu sua po su merì: ddis depìat chistionai de una cosa meda importanti	Una domenica era andata in chiesa, alla prima messa, la messa delle vedove e delle madri vestite di nero, aveva parlato con alcune di loro, e le aveva invitate a casa sua per il pomeriggio: doveva parlare di una cosa molto importante
Ma chini	Ma chi
No si dda intendìat nèmus, fùanta totu féminas de pagu lettura	Non se la sentiva nessuna, erano tutte quasi analfabete
Mentris fùanta discutendu, in s’aposentu ’e prandi fut intrau Su Maistu, ìat ascurtau, poi ìat fattu una proposta: segretaria, de nòmini, s’ìat a podi fai a Tia Lica, ch’è sa prus anziana	Mentre stavano discutendo, nella stanza da pranzo era entrato Su Maistu, aveva ascoltato, poi aveva fatto una proposta: segretaria, di nome, si potrebbe eleggere Tia Lica, che è la più anziana
Is praticas, mancai, ddas pòdit isbrigai mulleri mia	Le pratiche le potrebbe sbrigare mia moglie
Un’aggiudu e unu cunzillu, d’altronde, ddu pòzu donai deu puru	Un aiuto e un consiglio, d’altronde, potrei darlo anch’io
Cosa fatta Verbalis, lettura, e su de tres timbrus ìat fattu issu puru su doveri suu	Cosa fatta: verbale, lettura, e il terzo timbro aveva fatto anche lui il suo dovere
Poi Sa Maista ìat passau su caffeu	Poi Sa Maista aveva offerto il caffè
E prova a mi nai ancora ca Biddanoa fut una bidda sonnigosa, una mammesonnu, cun totu custas soziedadis e associazionis ch’immoi ddui fùanta	E prova a dirmi ancora che Biddanoa era un paese sonnacchioso, una “mammesonnu” con tutte queste società e associazioni che adesso vi si potevano contare
Conteus: is Fillas de Maria, chi finzas a cattódixi-quindix’annus (dipendìat de su sviluppu) andànta a is prucissionis bestìas de biancu, cun su velu biancu in conca, e in pizzus de su velu una corona ’e froris de carta velina, biancus grogus e asùlus	Contiamole: le Figlie di Maria, che fino ai quattordici-quindici anni (dipendeva dallo sviluppo) andavano alle processioni vestite di bianco, col velo bianco in testa, e sopra il velo una corona di fiori di carta velina, bianchi, gialli e azzurri
Apustis de cuss’edadi e finzas a bint’annus, in is prucissionis portànta sceti sa fetta celesti cun sa patèna dell’Immacolata; ma calincuna, senza chi nèmus s’ind’èssit sapìu, furriàt sa patèna e s’àtara parti, chini scit poita; sa Soziedadi ’e su Coru ’e Gesusu	Dopo quell’età e fino ai vent’anni, nelle processioni portavano soltanto il nastro celeste con la medaglia dell’Immacolata; ma qualcuna, senza che nessuno vi badasse, voltava la medaglia dall’altra parte, chissà perché; la Società del Cuore di Gesù
Ddui fùanta is piccioccas chi tenìanta prus de bint’annus, is bagadìas mannas, is coiàdas e is viudas	Vi appartenevano le ragazze che avevano più di vent’anni, le zitelle di una certa età, le sposate e le vedove
In is prucissionis e cand’andànta a missa manna, portànta sa fetta arrùbia cun sa patèna de su Coru ’e Gesusu	Nelle processioni e quando assistevano alla messa solenne portavano il nastro rosso con la medaglia del Cuore di Gesù
Fut sa soziedadi prus manna; sa Cunfrarìa	Era la società più numerosa; la Confraternita
Is cunfrarus fùant una bintena, bestìus de biancu, cun su cordoni in sinzu	I confratelli erano una ventina, vestiti di bianco col cordone alla vita
In is prucissionis, quattru portànta su Santu, is àturus cantànta s’arrosàriu infattu ’e is féminas de su Coru ’e Gesusu	Nelle processioni quattro di essi portavano il Santo, gli altri cantavano il rosario seguendo le donne del Cuore di Gesù
Su cunfraru maggiori fut Tiu Noratu, su ferreri	Il confratello maggiore era Tiu Noratu, il fabbro
Tiu Noratu scìat liggi su latinu, e tenìat unu lìburu ’e crésia cun s’óru ’e is follus colori ’i òru, che su de is predis	Tiu Noratu sapeva leggere il latino, ed aveva un libro di chiesa col bordo color d’oro, come quello dei preti
In is funzionis de Cida Santa, Tiu Noratu, de palas de su coru, cantàt su Miserere e is àturus salmus a trivas cun s’Arrettori	Nelle funzioni di settimana santa Tiu Noratu, dal coro, cantava il Miserere e gli altri Salmi a gara col Rettore
A ingìriu is àturus cunfrarus, accuguddaus; s’Associazione Cumbattenti; s’Associazione Mutilati; s’Associazione Famiglie dei Caduti in guerra, chi sa genti ddi naràt s’Associazioni ’e is mortus in guerra, fendu penzai prus a una soziedadi ’e pantàsimas che de féminas bestìas de nieddu, prantuleas is mammas, apponziàdas is viudas	Intorno gli altri confratelli, incappucciati; l’Associazione Combattenti; l’Associazione Mutilati; l’Associazione Famiglie dei Caduti in Guerra, che la gente chiamava l’associazione dei morti in guerra, facendo pensare più ad una società di fantasmi che di donne vestite di nero, piagnucolose le mamme, un po’ affettate le vedove
Ses soziedadis, immoi, in Biddanoa, e forzis s’ìat a podi nai setti, e forzis no	Sei società, adesso, in Biddanoa, e forse si potrebbe dire sette, ma forse no
Eus a biri	Vedremo
Ma torreus pagu pagu in palas, a is cunfrarus	Ma torniamo un po’ indietro, ai confratelli
Is cunfrarus fùanta massaieddus, giorronaderis e àturus pòburus, genti tenta ’e contu, però, prus po s’onestadi che po su bestìri biancu	I confratelli erano piccoli agricoltori, giornalieri e altri poveri, gente tenuta in una certa considerazione più per l’onestà che per il vestito bianco che indossavano
Manc’unu de is propietarius fut intrau mai in sa cunfrarìa, e mai ddu ìat èssi intrau	Nemmeno uno dei proprietari aveva mai fatto parte della confraternita, e mai ne avrebbe fatto parte
Sa superbia, mancai no s’èssit bista, fut troppu manna, prus manna de sa devozioni chi fìanta biri	La loro superbia, quantunque non fosse evidente, era troppo grande, più grande della devozione che mostravano
Issus no s’ìant èssi mai imbesturaus cun sa genti chi no contàt nudda	Loro non si sarebbero mai confusi con gente che non contava nulla
Però fùant abarraus solus e cun pagu genti arrallànta, datu chi no fùanta né cunfrarus, né cumbattentis, né mutilaus, né nudda	Però erano rimasti soli, e con poca gente trattavano, dato che non erano né confratelli, né combattenti, né mutilati, né niente
In tempus de guerra, liggendu a bòrtas unu giornali, o iscurtendu unu de is maresciallus de famìlia, is propietarius ìant inténdiu certus fueddus chi no ddis fùanta pràxius meda, anzis nudda	Durante la guerra, leggendo a volte il giornale o ascoltando uno dei marescialli di famiglia, i proprietari avevano sentito certe frasi che non li avevano per nulla rassicurati
Fùant is fueddus de is promissas chi in cussus annus fìant a is cumbattentis, la terra ai contadini che non ne hanno, narànta, quando torneranno alle loro case, ecc., ecc	Erano le frasi delle promesse che in quegli anni si facevano ai combattenti, la terra ai contadini che non ne hanno, dicevano, quando torneranno alle loro case, ecc ecc
Ma sa terra de chini penzànta	Ma la terra di chi pensavano
De is chi ndi tènint, è craru, sa terra de is propietarius, sa terra nosta, dei “latifondisti”.	Di quelli che ne possiedono, è chiaro, dei proprietari, la nostra terra, la terra dei “latifondisti”.
Già, dei latifondisti Custu fut unu fueddu ch’ìanta malamenti cumpréndiu, e forzis po custu ddis fìat un’effettu curiosu: de una parti ddis ponìat tres parmus de lardu, penzendu ca issus puru fùanta “latifondisti”, grandus propietarius, comenti fùant arribaus a crei in s’ignorànzia e in sa presunzioni insoru; de s’àtara, si is promissas fèssint stétias manténnias, su èssi latifondisti po issus ìat èssi stétia sa rovina	Già, dei “latifondisti”. Questa era una parola che malamente capivano, e forse per questo faceva loro un effetto curioso: per un verso li rendeva tronfi, pensando che anch’essi erano “latifondisti”, grandi proprietari, come erano arrivati a credere nella loro ignoranza e nella loro presunzione; per l’altro, se le promesse che si facevano ai combattenti fossero state mantenute, l’essere “latifondisti” per loro avrebbe significato la rovina
Ma no, penzànta, po si conzolai, fùanta promissas de s’ora ’e s’appretu, passata la festa gabbato lo santo	Ma no, pensavano per consolarsi, erano promesse dell’ora del pericolo, passata la festa, gabbato lo Santo
Però a su notti is propietarius fìant ancora bisus lèggius, is bisus de s’unu s’assimbillànt a is bisus de s’àturu, forzis fut su própiu bisu, su chi fìanta totus impari, a sa propi’òra, ónnia notti: si bìanta bèccius, malàidus, iscorriàus, fuliàus in d’un’óru ’e coretta pedendu sa lemùsina a manu téndia a un’arriccu brentudu chi fut passendu a cuaddu Sèmpiri su própiu: unu serbidori preizzosu e furoni chi unu de issus, tres annus innanti, c’ìat bogau	Ma la notte i proprietari facevano brutti sogni, anzi facevano tutti lo stesso sogno, alla stessa ora, ogni notte: sognavano se stessi vecchi, malati, laceri, buttati ai bordi di una cunetta tendere la mano per chiedere l’elemosina a un riccone panciuto che stava passando a cavallo: un servo ladro e poltrone che uno di loro, tre anni prima, aveva licenziato
E immoi custus tres bandus, unu infattu ’e s’àturu	E adesso questi tre bandi, uno appresso all’altro
In mesu Sa Prazzitta, Domianu si fut asubau a su mazzuccu abettendu a Lioni, chi fut benendiddi infattu zoppi-zoppi, cun sa conca nàiga-nàiga	In mezzo a Sa Prazzitta, Domianu si era appoggiato al bastone in attesa che sopraggiungesse Lioni, che gli veniva dietro zoppicando, la testa traballante
Candu su cani strupiau si ddi fut postu a ananti cùmburu a terra, Domianu ìat arziau sa trumbitta, e cun su primu sonu ndi fut bessìa l’Associazione Combattenti	Quando il cane storpio si era accucciato davanti al suo padrone, Domianu aveva alzato la trombetta e dal primo suono era venuta fuori l’Associazione Combattenti
Intendendu cussu bandu maladittu, su propietariu chi fut passendu in Sa Prazzitta si fut firmau in truncu: “Cazzu”.	Sentendo quel bando maledetto, il proprietario che stava passando in Sa Prazzitta si era fermato di colpo: “Cazzo”.
Candu su sonu ’e sa trumbitta ind’ìat bogau is àtaras duas associazionis, su propietariu s’indi fut iscidau e si fut móviu: a domu, a domu	Quando dal suono della trombetta erano scaturite le altre due associazioni, il proprietario si era scosso: a casa, a casa
In domu s’ìat ghettau una tassa ’e binu, ìat cenau de mala gana e si fut corcau	In casa si era versato un bicchiere di vino, aveva cenato di malavoglia ed era andato a letto
Ìat trigau a pigai sonnu, però, e ìat fattu bisus istróllicus	Aveva tardato a prendere sonno, però, ed aveva fatto sogni strani
Ma a chizzi ddi fut partu ’e biri ca in Biddanoa puru, immoi, ìanta fattu un’àtara soziedadi, sa prus manna ’e totus, accantu intrànta totus, calincunu finzas amarolla, ma i “latifondisti” comente issu ddu intrànta con tutti gli onori	Ma all’alba un sogno diverso: gli era sembrato che a Biddanoa, adesso, fosse stata fondata un’altra associazione, la più grande di tutte, dove tutti erano ammessi e qualcuno si iscriveva di malavoglia, ma i “latifondisti” come lui vi erano accolti con tutti gli onori
Fut una soziedadi chi parìat fatta a mesura sua, ch’indi dd’ìat pigau dónnia timorìa, dónnia penzamentu	Era una associazione che sembrava fatta su misura per lui, gli aveva tolto ogni preoccupazione, ogni pensiero
Poi una bella picciocca chi assimbillàt a sa chi fut in su paperi ’e bullu, dd’ìat donau una tessera chi però no fut arrennésciu a liggi	Poi una bella ragazza che somigliava a quella che si vede nella carta bollata gli aveva consegnato una tessera che però non era riuscito a leggere
E iscaringendusì a arrìri dd’ìat postu in sa furriàda ’e sa giacchetta unu distintivu, verde bianco e rosso, cun d’una cosittedda in mesu, colori ’i òru	E sorridendogli gli aveva appuntato sul bavero della giacca un distintivo verde, bianco e rosso, con un affarino al centro, color d’oro
Candu dd’ìanta richiamau, Federicu, su fillu ’e Ti’Arròtulu, tenìada giai corant’annus e dus piccioccheddus mannittus	Quando l’avevano richiamato, Federicu, il figlio di Ti’Arròtulu, aveva già quarant’anni e due figli, grandetti
Massaieddu, bivìat cun su babbu, viudu de medas annus	Piccolo agricoltore, viveva col padre, vedovo da molti anni
Candu a Pàula, sa pobidda ’e Federicu, Ti’Arròtulu ddi naràt filla mia, cussus dus fueddus ddi bessìanta ’e su coru	Quando Ti’Arròtulu chiamava figlia mia la moglie di Federicu, Pàula, quelle due parole gli uscivano dal cuore
Po Federicu sa guerra no fut durada meda, pagus mesis, poi fut torrau a bidda in d’una carrozzella, cun dus sordaus de Sanidadi di accumpangiamentu	Per Federicu la guerra non era durata molto, pochi mesi, poi era tornato in paese su una carrozzella accompagnato da due soldati di Sanità
Su prantu ’e Pàula, in istazioni, su prantu ’e is piccioccheddus	Il pianto di Pàula, alla stazione, il pianto dei ragazzi
Ti’Arròtulu parìat unu murcioni Federicu, cun is ogus a terra, asciuttus, una statua ’e perda	Ti’Arròtulu sembrava un tizzone, Federicu con gli occhi per terra, asciutti, una statua di pietra
A su carru ’ndi dd’ìanta tirau is lìngius po ddui podi accappiai in pizzus sa carrozzella cun Federicu	Al carro avevano tolto le sponde per potervi sistemare la carrozzella con Federicu
Forzis po no biri a nèmus, po no fai accostiai a nèmus, po no si fai lastimai ’e nèmus, Federicu, de sa carrozzella, ìat bófiu is ordinagus in manus: is bois ìanta connotu sa manu e andànta sélius in su stradoni, facci a bidda	Forse per non vedere nessuno, per non lasciar avvicinare nessuno, per non farsi compiangere da nessuno, Federicu dalla carrozzella sopra il carro aveva voluto in mano le redini: i buoi avevano riconosciuto la mano ed andavano placidi per lo stradone, verso Biddanoa
Is sordaus pe parti ’e su carru, totu is àturus infattu	I due soldati uno per parte del carro, tutti gli altri dietro
A nèmus bessìat mùsciu, su sonu ’e is arrodas in sa giarra, su zicchìrriu ’e is arrodas in is buttus senza ’e ungi	Nessuno parlava, il rumore delle ruote nella ghiaia, il cigolio delle ruote nei mozzi asciutti
De pizzu’ de su carru, Federicu castiàt incillìu terras e matas, celu e nuis, e Biddanoa chi fut accostiendusindi e dd’ìat giai postu is ògus asuba, incillìa issa puru, senza ’e mùsciu che is àturus de candu fùant intraus in su stradoni	Dall’alto Federicu guardava accigliato terra ed alberi, cielo e nuvole e Biddanoa che stava avvicinandosi e gli aveva già puntato addosso lo sguardo, accigliata anch’essa, senza parola anch’essa, come la gente che seguiva il carro
In prazza ’nd’ìanta calau de su carru sa carrozzella cun Federicu e fùant intraus in domu	Nel cortile avevano portato giù dal carro la carrozzella con Federicu ed erano entrati in casa
Is sordaus, sézzius in punta ’e sa cadira, ìanta castiau ónnia corrazzu, poi unu ìat nau:	I soldati, seduti sul bordo della sedia, guardavano dappertutto, poi uno di loro aveva detto:
S’oghiàda lèggia ’e Federicu dd’ìat alluttu	Lo sguardo feroce di Federicu l’aveva fulminato
No ìanta nau prus nudda, né s’unu né s’àturu	Non avevano detto più nulla, né l’uno né l’altro
Citìa Pàula, annendu e torrendu de coxina a s’aposentu, asciughendusì a iscusi cun sa manu calincuna làmbriga chi ddi fuìat citìus is piccioccheddus créscius a léstru, fattus óminis in cussus pagus mesis chi fut mancau su babbu; citìu Ti’Arròtulu, cun sa pipa studàda chi ddi tremìat in bucca impari cun is penzamentus chi ddi passànta in conca	Muta Pàula nel suo va e vieni dalla cucina alla stanza, asciugandosi di nascosto qualche lacrima che non riusciva a trattenere; muti i ragazzi cresciuti alla svelta, diventati uomini in quei pochi mesi in cui il padre era stato assente; muto Ti’Arròtulu con la pipa che gli tremava spenta in bocca insieme ai pensieri che lo incupivano
E citìu Federicu, firmu che unu stràngiu in domu sua, unu stràngiu chi parìat chi no èssit connotu nudda de su chi portàt a ananti, né sa genti né sa domu, né is trastus appiccaus, sa pagu luxi, is pagus sonus ch’intrànta de s’enna scaringiàda	E muto Federicu, immobile, come un estraneo nella propria casa, un estraneo al quale sembrava di non aver mai visto, in passato, ciò che gli stava davanti, né la gente, né la casa, né gli oggetti appesi al muro, la poca luce, i pochi rumori che entravano dalla porta socchiusa
Is ogus pérdius chini scit einnui, e cuddu nuu chi si ddi fut postu de truessu in gùtturu e no dd’ìat lassau ingurti nudda	Lo sguardo perduto chissà dove, e quel nodo fermo in gola che non gli aveva permesso di mandar giù un solo boccone
Sceti is dus sordaus de Sanidadi ìanta pappau cun appititu, is ogus a intru ’e su prattu	Soltanto i due soldati di Sanità avevano mangiato con appetito, gli occhi dentro il piatto
Su guastu suu fut in sa schina, a intru, in su moeddu	Il suo male era nella schiena, dentro, nel midollo
Dd’ìat ammoddiau is cambas, ma in is brazzus sa forza ddi fut abarràda, e in is manus, in is farràncas chi ancora nd’ìant’èssi póziu tirai s’arrogu	Gli aveva rammollito le gambe, ma le braccia avevano conservata intera la loro forza, le dita delle mani erano gli artigli di sempre
De sa strantaxàda ’i ómini chi fudi, fut abarrau su bustu, ch’indi bessìat de sa carrozzella ancora cun s’imponénzia ’e unu monti	Del gigante di un tempo era rimasto il busto, che usciva dalla carrozzella ancora con l’imponenza di una montagna
Ma forza e imponénzia no ddi serbìanta prus a nudda, e fut sa tristura sua	Ma forza ed imponenza non gli servivano più a nulla, ed era la sua tristezza
Apustis de is primus passus in s’aposentu cun is dus bastonis, ci fut bessìu a prazza appenas ìat bistu un’ogu ’e soli	Dopo i primi passi nella stanza con le due stampelle, appena visto il sole era uscito in cortile
A bell’a bellu, timendu ’e s’inci furriai, cun Pàula infattu chi ddu sustenìat cun is ogus, fut andau a si sezzi a su costau ’e	Piano, temendo di cadere, con Pàula dietro che lo sorreggeva con lo sguardo, era andato a sedersi a fianco del padre che sembrava addormentato,
su babbu chi parìat dormìu in sa muredda, arrumbau a su muru cun su mazzuccu in mesu cambas e sa pipa studàda in d’una manu	seduto nella muriccia, con le spalle appoggiate al muro ed il bastone fra le gambe, la pipa spenta in una mano
Seu torrendu pipìu, penzàt Federicu tra sé e sei, abettendu chi su babbu s’ind’èssit iscidau, ca tenìat gana di arrexonai	Sto ridiventando bambino, pensava Federicu tra sé, in attesa che il padre si svegliasse Aveva voglia di chiacchierare
Débili che unu pipìu apusti ’e una maladìa, seu, comente candu babbai mi contàda is contus di Antoni Maria Mulas	Sono debole come un bambino dopo una malattia, come quando babbo, per trattenermi, mi raccontava le storie di Antoni Maria Mulas
Po ’moi, cun su chi tenìat, Luisicu podìat bivi trancuillu	Per adesso Luisicu con ciò che aveva poteva vivere tranquillo
Tra sa paga de sottufficiali, chi fut bona, prémius e àtaras indennidadis, calincuna cosa ìat postu a parti	In passato, tra la paga di sottufficiale, che era buona, premi e indennità, qualcosa aveva messo da parte
Pagu spendìat candu andàt a riposo, pagu buffàda (e in trincera nudda).	Poco spendeva quando andava a riposo, poco beveva (e in trincea nulla).
No fut che cuddus chi a riposo si sperdiziànta finz’a s’ùrtimu soddu in binu, licoris o àturus divertimentus No fut unu santu manch’issu, no, ma su dinai ddu castiàda, ca no ’nd’ìat biu meda, in vida sua	Non era fra quelli che a riposo spendevano fino all’ultimo soldo in vino, lui al danaro ci badava perché non ne aveva visto molto in vita sua
E poi Sara no fut benìa a manus bùidas	E Sara non era venuta a mani vuote
Mancai fèssit “contadina”, comenti naràt issa, no fut una poberittedda piccigada a terra	Quantunque fosse “contadina” come essa diceva, non era una poveretta “attaccata a terra”, come si diceva a Biddanoa
Mortu su babbu e sa mamma in cussus annus de guerra, in Friuli, Sara fut andàda a bivi cun su ziu e cun sa zia, “in pianura”. Candu fut partìa cun Luisicu, e prima ancora, nèmus ìat tentu ita nai: donniunu sìghit su distinu suu, bonu o malu chi sìat	Morti il padre e la madre in quegli anni di guerra, in Friuli, Sara era andata a stare con lo zio e con la zia, “in pianura”. Quando era partita con Luisicu, e prima ancora, nessuno aveva avuto da ridire: ognuno segue il suo destino, buono o cattivo che sia
Su ziu e sa zia dd’ìanta donau cant’ìanta póziu, de su chi fut cosa sua e de su chi fut cosa insoru	Lo zio e la zia le avevano dato quanto avevano potuto, ciò che apparteneva a lei e parte di ciò che apparteneva a loro
E aìci, tra su de Luisicu, su de Sara, e su chi arrennescìant a pinnigai a pari Ogéniu e Lionora, cun sa ceréxia de Is Arrìus e s’ortalìzia e cun calincuna giorronada in contu ’e trigu, abbisóngiu, po ’moi, in domu no ddu ind’ìat	E così, tra i risparmi di Luisicu, ciò che aveva Sara, ciò che riuscivano a racimolare Lionora ed Ogéniu con le ciliegie di Is Arrius e gli ortaggi, e con qualche giornata di lavoro in conto a grano, bisogno, per adesso, in casa non ce n’era
Anzis, ddu ìat alligrìa, s’alligrìa ch’ìat portau Ninnu, su pipìu bellu e de bon’ìndula, chi passàt de unu a s’àturu comente chi fèssit unu gioghittu	Anzi c’era allegria, l’allegria che aveva portato Ninnu, il bambino bello e di buon’indole che passava tra le braccia dell’uno e dell’altro come se fosse un giocattolo
Ma cras	Ma domani
Luisicu alligru meda no fut mai, cun totu ca su pipìu fèssit po issu puru sa cosa chi contàt de prus	Luisicu non era mai eccessivamente allegro, con tutto che il bambino era anche per lui ciò che contava di più
Cuddus penzamentus lèggius chi ddi fùanta benìus a conca sa dì chi fut arribau, no ci fut mai arrennésciu a s’indi ddus iscarèsci de su totu, sparessìant e torrànta, segundu sa dì o is cosas chi suzzedìant, is cosas ch’intendìat	Quei brutti pensieri che l’avevano angustiato il giorno del suo arrivo non era ancora riuscito ad allontanarli del tutto: sparivano e ricomparivano, secondo la giornata o le cose che accadevano, le cose di cui sentiva parlare
In prus, immoi si preoccupàt de s’incràs, no fut comente in trincera, candu sa vida si bivìat dì po dì, poita podìat capitai chi s’incràs no èssit benìu mai	In più adesso si preoccupava dell’indomani, non era come in trincea, quando la vita si viveva giorno per giorno, e poteva capitare che l’indomani non sarebbe mai venuto
Immoi fut differenti, s’incràs, a léstru o a tardu, ìat èssi arribau e issu no iscìat comenti dd’ìat èssi fattu facci	Adesso era differente, l’indomani presto o tardi sarebbe arrivato, e lui non sapeva come avrebbe potuto fargli fronte
No iscìat fai nudda, arti a su tempus suu no nd’ìat póziu imparai, comenti scieus, no nd’ìat tentu né su tempus né sa possibilidadi	Non sapeva far nulla, a suo tempo non aveva potuto imparare alcun mestiere, come sappiamo, non ne aveva avuto né il tempo né l’opportunità
Quindi traballu po issu in bidda mancu s’umbra	Quindi lavoro per lui, in paese, nemmeno l’ombra
E tandu	E allora
Foras de bidda, in miniera	Fuori, in miniera
No, no, no ’nd’ìat bettìu a Sara de continenti po dda lassai sola cun su pipìu in d’una bidda chi, mancai totus dd’èssinti portàda in pramas de manu, po issa fut una bidda stràngia	No, non aveva portato Sara dal continente per lasciarla sola col bambino in un paese che, per quanto tutti la portassero in palma di mano, per lei era pur sempre un paese straniero
Bàstat, bàstat, po ’moi no ddui ’ollu penzai, no seu manc’annendu a s’allemùsina, porca miseria	Basta, basta, per adesso non voglio pensare a nulla, non sto mica andando a chiedere l’elemosina, porca miseria
E ci bessìat	Ed usciva
In Sa Prazzitta si ponìat a arrexonai cun chi ddi benìat a beni, bàsta chi no s’èssit fueddau ’e sa guerra, e prus pagu ancora de issu, de is prodesas suas	In Sa Prazzitta si fermava a chiacchierare con chi gli capitava, purché non si parlasse di guerra, e meno ancora di lui, delle sue prodezze
Oramai, de is pannus dell’aiutante di battaglia Luisicu ndi fut bessìu, fut Luisicu ebbìa, unu biddanoesu che is àturus, unu chi fut circhendu ’e scaresci cussus quattr’annus de guerra, chi però, senza chi issu s’ind’èssit acatau, ddi fùant abarraus piccigaus a su penzamentu	Ormai dai panni dell’aiutante di battaglia era venuto fuori definitivamente, adesso era soltanto Luisicu, un biddanoese che cercava di dimenticare quei quattro anni di guerra, che però, senza che lui se ne rendesse conto, gli erano rimasti incollati nella mente
Ddi praxìat a chistionai de Biddanoa, de is cosas chi fùanta suzzédias in Biddanoa in cussus quattr’annus chi fut mancau, e de cosas antìgas puru, cun is bèccius	Gli piaceva parlare di Biddanoa, di ciò che era successo in Biddanoa in quei quattro anni nei quali era stato assente, ed anche del tempo antico, con i vecchi
Mai però (e in custu fut aguali a is àturus biddanoesus) chi èssit chistionau de su tempus chi depìat benni: in Biddanoa si bivìat dì po dì, comente in trincera	Mai però (ed in questo era uguale agli altri biddanoesi) che parlasse del futuro, dei tempi che sarebbero venuti: in Biddanoa si viveva giorno per giorno, come in trincea
A bortas, candu fut de bona gana, andàt cun Ogéniu a Is Arrìus, sa terra chi fut istétia ’e su babbu	A volte, quando era di buon umore, andava con Ogéniu a Is Arrius, il terreno che era stato di suo padre
Aggiudàt su connau a incannizzai is tamàtas, su fasolu ’i arreìga, a ndi pesai unu muru chi ndi fut arrutu	Aiutava il cognato a sistemare le canne per sostenere i pomodori, i fagioli rampicanti, a tirar su un muro che era crollato
In custas cosas, senza chi nèmus dd’èssi amostau comenti si fìat, agatàt sa manera giusta ’e ddas fai, sa móvida giusta ’e is manus, comente chi fèssit nàsciu imparau, comente chi èssit suttu de sa titta ’e sa mamma sa capassidadi de fai cussas e àtaras cosas chi is mannus suus ìanta fattu prima ’e issu, po generazionis e generazionis, de tèmpus chi ndi fùanta bessìus de diora finzas e de sa memoria ’e sa genti	Queste cose, senza che nessuno gliele avesse insegnate, trovava il modo giusto di farle, il gesto preciso delle mani, come se fosse nato già capace, come se avesse succhiato dal seno materno la capacità di fare quelle ed altre cose che mani come le sue avevano fatto prima di lui, per generazioni e generazioni, da tempi che erano usciti perfino dalla memoria della gente
Ma custu, po Luisicu, no fut traballu, fut divertimentu, alligrìa, fut comente chi èssit torrendu a s’arei de sa cali s’indi fut istesiau, senza ’e sciri candu	Ma questo, per Luisicu, non era lavoro, era divertimento, allegria, era come un ritornare al branco dopo essersene allontanato senza sapere quando
Minnìa, oh, Minnìa	Minnìa, oh, Minnìa
Deu naru ca ddu fais apposta, candu torras de sa funtana ’e Giuanneddu, a merì, a ti ponni in conca sa màriga ’e s’aqua a una perra in su tidìli piticheddeddu chi adìziu si bidi	Io dico che lo fai apposta, quando torni dalla fontana di Giuanneddu, di sera, a metterti in bilico sulla testa la brocca dell’acqua sul cercine piccolissimo che appena si vede
Arrìbas a sa funtana cun is primas, ma abèttas chi totus àpanta prenu is màrigas asutta ’e su cannoni	Arrivi alla fontana con le altre, le prime, ma attendi che tutte abbiano riempito le brocche sotto il getto freschissimo
Tandu si ddas attuais e parteis: totus impari in su paris (ses, setti), ma candu su mori in arziàda s’ind’accóstiat, su mori strintu accantu bisòngiat a passai una infattu ’e s’àtara, via, allonghiàis su passu totu paris, donniuna bòlit èssi sa prima a intrai in su mori, sa prima ’e sa filera, sa prima a intrai in bidda	Allora con gesto leggero le sollevate sulla testa e partite: tutte in gruppo nel tratto pianeggiante, sei, sette, ma quando il sentiero in salita si avvicina, il sentiero stretto dove bisogna passare in fila, una dietro l’altra, via, allungate il passo tutte insieme, ognuna vuole essere la prima a entrare nel sentiero, la prima della fila, la prima a entrare in paese
Ma su passu tuu, Minnìa	Ma il tuo passo, Minnìa
Sa màriga tua è sa prus lestra, sa prus arta, ’ndi pàssat cincu, bòlat, ’ndi pàssat ses, setti, e tui ses sa prima a intrai in su mori, sa prima ’e sa filera	La tua brocca è la più svelta, la più alta, ne oltrepassa cinque, vola, ne oltrepassa sei, sette, e tu sei la prima ad entrare nel sentiero, la prima della fila
Infattu tuu, in sa pigàda, is àtaras allèntanta su passu, no ci dda fàinti, ma tui dd’allónghias ses unu bentu, Minnìa, su passu tuu è su bentu, e t’inzùllit s’aqua ’e Su Forraxi, ispuma e frùsia, sa coma arta ’e sa nuxi, su pispìsu biancu de su linnarbu chi t’assimbìllat	Dietro di te, nella salita, le altre rallentano il passo, non ce la fanno, ma tu lo allunghi, sei un vento, Minnìa, il tuo passo è un vento e ti aizza l’acqua de Su Forraxi, schiuma e rombo, la chioma alta del noce, il bisbiglio bianco del pioppo che ti rassomiglia
In d’unu momentu su bólidu est acabau, su mori est acabau, poni is peis in terra, Minnìa, ses sa prima, Minnìa, sa prima ’e sa filera, sa prima a intrai in bidda, sola, is àtaras mancu si binti	In un momento il tuo volo è finito, il sentiero è finito, metti i piedi per terra, ora, Minnìa, sei la prima, Minnìa, la prima della fila, la prima ad entrare in paese, sola, le altre non si vedono
Sa bia curza ’e sa canna, sa de Casteddu, Sa Prazzitta	La strada breve di Sa Canna, quella di Casteddu, Sa Prazzitta
Allonghiàda ’e su soli chi è cumenzendu a c’intrai, s’umbra tua, chi è tot’una cun s’umbra ’e sa màriga chi pòrtas in conca, illìscinat in s’imperdau e indi stùdat dónnia sonu, dónnia boxi	Allungata dal sole che tramonta, la tua ombra, che è tutt’una con l’ombra della brocca che porti sulla testa, scivola sul selciato e spegne ogni suono, ogni voce
Is óminis, giòvunus e anzianus, sézzius in is banghinas o ananti ’e sa muralla, pèsant is ogus e ti binti e pèrdinti contu e sentidu	Gli uomini, giovani e anziani, seduti nelle panchine o in piedi davanti alla muraglia, alzano gli occhi e ti vedono e perdono discorso e sentimenti
No pòrtanta chi ògus, sànguni abbrubuddau e ògus, totu is ògus e totu su sànguni funt una miràda sceti, puntàda a tui	Non hanno che occhi, sangue che bolle ed occhi, tutti gli occhi e tutto il sangue sono un solo sguardo puntato su di te
Oh, Minnìa	Oh, Minnìa
Su passu tuu s’abérit, s’isténdiat, s’allónghiat, cumbàttit cun su ’entu po ’ndi bessìri de sa gunnedda a mesu camba, totu is ògus de Sa Prazzitta adóbiant a cussu passu, a s’attaccadura ’e is cambas longas e derèttas	Il tuo passo si apre, si distende, si allunga, combatte contro il vento per venir fuori dalla gonna a mezza gamba, tutti gli occhi di Sa Prazzitta convergono a quel passo, all’attaccatura delle tue gambe lunghe e diritte
Frùsiat su ’entu e t’indi tìrat sa gunnedda, is ogus si fàint iscuriosus, fissus, malus, serràdas is buccas o mes’abertas	Fischia il vento e ti strappa la gonna, gli sguardi si fanno scuri, fissi, cattivi, serrate le bocche o socchiuse
Minnìa, oh Minnìa, Minnìa senza ’e brenti, Minnìa senza ’e camisa, si mòvinti cun su passu, de bàsciu a susu, de susu a bàsciu, is tùrturis iscappàdas chi pòrtas asutta ’e sa blusetta a froris, is tùrturis biancas chi cìrcant ’e ti stampai cun su biccu sa blusetta ’e cotoni	Minnìa, oh, Minnìa, Minnìa senza ventre, Minnìa senza camicia, si muovono col tuo passo, dal basso in alto, dall’alto in basso, le tortore prigioniere che porti sotto la blusetta a fiori, le tortorelle bianche che tentano di bucarti col becco aguzzo la blusetta di cotone
Totu is ògus a is tùrturis, immoi, Minnìa, is ògus t’indi tìranta sa blusetta, no t’at abarrau nudda: spollàda, camminas castiendu a ananti, sa màriga firma in conca, is brazzus chi bàndant e béninti staccaus de su bustu, is manus cun is didus furriàus a parti ’e fòras che is alas de unu pilloni chi è pesendusì a bolai	Tutti gli occhi alle tortore, adesso, Minnìa, gli occhi ti tolgono la blusetta fiorita, non t’è rimasto nulla: nuda, cammini guardando avanti impassibile, la brocca ferma sul capo, le braccia che vanno e vengono staccate dal busto, le mani con le dita rivolte in fuori come le ali di un uccello che sta per prendere il volo
Candu ’ndi béssis de Sa Prazzitta ti pàrit di ai camminau in d’unu pillu de froris ispinosus	Quando lasci Sa Prazzitta ti sembra di camminare su un tappeto di fiori spinosi
Ma ses abarràda in is ògus de totu is óminis chi t’anti bistu passendu, e nottesta donniunu t’at a portai in d’unu logu chi scit issu sceti, e at a carinniai cun is manus tremi-tremi is tùrturis appattàdas	Ma sei rimasta negli occhi degli uomini che t’hanno vista passare, e stanotte ognuno di essi ti porterà in un luogo che lui solo conosce, e carezzerà con mani tremanti le tortore acquattate
Pàssat s’Arrettori torrendu a domu cun su breviàriu in manus:	Passa il Rettore rincasando, col breviario in mano:
“Bonasera, pardìnu”.	“Bonassera, padrino”.
“Oh, Minnìa!”.	“Oh, Minnìa”.
Su chi contàt fut su distintivu	Ciò che contava era il distintivo
Su distintivu s’ìat fattu su niu in su trau de sa furriàda ’e sa giacchetta bona, e si passàt su domìnigu a merì passilla passilla in su stradoni, o firmu in Sa Prazzitta arrexonendu cun is àturus distintivus, oppuru buffendu in sa buttega ’e Tia Grazia	Il distintivo si era fatto il nido nel risvolto della giacchetta buona e passava la domenica sera passeggiando nello stradone o fermo in Sa Prazzitta discorrendo con altri distintivi, o bevendo nella bettola di Tia Grazia
Su distintivu de is cumbattentis fut tundu, piticu e asùlu, cun d’un’elmettu in mesu colori ’e prata Su de is mutilaus	Il distintivo dei combattenti era tondo, piccolo e azzurro, con un elmetto al centro colore d’argento; quello dei mutilati
fut prus mannu, tundu ma meda prus mannu, totu colori ’e prata, cun d’una corona ’e lauéru e di quercia, una stella e àtaras cosas	era più grande, rotondo ma molto più grande, tutto colore d’argento, con una corona d’alloro e di quercia, una stella e altre cose
Fùanta pagus	Erano pochi
Pagus is àturus puru, is distintivus degli invalidi, colori ’e prata issus puru, ma a forma di scudo, cun tres “gladii” in mesu, punta a susu	Pochi anche gli altri, i distintivi degli invalidi, sempre colore d’argento, ma a forma di scudo, con tre “gladii” in mezzo, a punta in su
In su distintivu delle Madri e Vedove dei Caduti ddu ìat “un’ara votiva” cun d’una stella e fut su prus appartau: andàda sceti a is prucissionis, a su costau de sa patèna ’e su Coru ’e Gesusu	Nel distintivo delle Madri e delle Vedove dei Caduti c’era “un’ara votiva” con una stella, ed era il più appartato: andava soltanto alle processioni, a fianco della medaglia del Cuore di Gesù
Dus cumbattentis, però, fùant abarraus senza ’e distintivu, poi unu sceti, poita Luisicu ìat bófiu chi Elias s’èssit postu in sa lista, in modu de sciri dónnia cosa de cust’Associazione Combattenti	Due combattenti, però, erano rimasti senza distintivo, poi uno solo, in quanto Luisicu aveva voluto che Elias si mettesse nella lista in modo da poter sapere ogni cosa di questa Associazione Combattenti
Issu no, l’aiutante di battaglia Luisicu no ìat èssi mai andau a peis de Brigata Lepre cun su congedu in manus che unu sordadeddu calisisìat po si fai scriri in sa lista, solu po chi Su Maistu èssit póziu ancora cumandai comente chi fèssit ancora ufficiale, mentris issu, Luisicu, immoi no fut prus nudda	Lui no, l’aiutante di battaglia Luisicu non sarebbe mai andato ai piedi di Brigata Lepre, col congedo in mano come un soldatino qualunque, per farsi iscrivere nella sua lista solo perché Su Maistu potesse dare ordini come se fosse ancora un ufficiale, mentre lui, Luisicu, non era più nulla
E poi, custas cosas s’indi ddas ìat bogàdas de conca, oramai, a sa guerra circàt de no ddui penzai prus, si podìat, maladitta sa guerra	E poi queste cose se le era tolte di testa, ormai alla guerra cercava di non pensarci più, se poteva, maledetta la guerra
Issu ’moi tenìat de penzai a cosas prus importantis, cun Sara chi fut abarràda gràvida un’àtara borta, e indi fut cuntenta	Lui adesso aveva da pensare a cose più importanti, con Sara che era rimasta incinta un’altra volta e ne era contenta
Su Maistu, de parti sua, no si fut arriscau a ddi nai nudda, connoscìat a Luisicu e iscìat su chi penzàt de issu l’aiutante, e custu ddi donàt fastìdiu, ma ddi donàt fastìdiu puru chi Luisicu no s’èssit iscrittu all’A.N.C	Su Maistu, da parte sua, non si era arrischiato a dirgli nulla, conosceva Luisicu e sapeva ciò che pensava di lui l’aiutante, e questo gli dava fastidio, ma gli dava fastidio anche il fatto che Luisicu non si fosse iscritto all’A.N.C
Fut un valoroso, non c’è che dire, meda connotu anche in alto	Era un valoroso, non c’è che dire, molto conosciuto in alto loco
Passiénzia	Pazienza
Ma chini scit chi no èssit capitàda l’occasione de ddu fai torrai a su tallu, una dì o s’àtara, a issu puru	Ma chissà che non capitasse l’occasione per far tornare nel gregge, un giorno o l’altro, anche lui
Po s’ùnicu chi mancàda all’Associazione Mutilati, Su Maistu scìat ca no ddu ìat nudda de fai	Per l’unico che mancava all’Associazione Mutilati, Su Maistu sapeva che non c’era niente da fare
Ddui fut abarrau mali candu Federicu, ch’ìat agatau una dì in su stradoni, dd’ìat nau craru e tundu ca issu abarràt po contu suu, ca no tenìat intenzioni de si ponni in peruna lista: su doveri miu dd’apu fattu e i si bidi, e chi ’òllidi sciri comenti dd’apu fattu bèngiada a domu e lìggiat su diploma de sa medaglia di bronzo chi m’anti ’onau	C’era rimasto male quando Federicu, che un giorno aveva incontrato nello stradone, gli aveva detto chiaro e tondo che lui rimaneva per proprio conto, che non aveva intenzione di iscriversi in alcuna lista: il mio dovere l’ho fatto e si vede, e se vuol vedere come l’ho fatto venga a casa mia e legga il diploma della medaglia di bronzo che mi hanno dato
Sa penzioni seu pighendidda e mi bàstat	La pensione sto prendendola e mi basta
In àtaras chistionis no ddui ’ollu intrai	In altre storie non voglio entrare
Su Monti Granàticu pigàt totu su pianu terrenu de sa Domu Cumunali	Il Monte Granàtico occupava tutto il piano terreno della Casa Comunale
Fut mannu meda, in mesu ddu ìat tres arcàdas, a ingìriu nòi ventanas cun s’arrecciàda, tres a sa bia ’e Tiriccu, tres a sa bia ’e caserma, e tres a prazza ’e su Buttegheri	Era molto vasto, in mezzo c’erano tre arcate, intorno nove finestre con l’inferriata, tre davano sulla via di Tiricu, tre alla via della Caserma e le altre tre nel cortile di Su Buttegheri
Tres is portas, tot’a is tres a Sa Prazzitta, cun is banghinas pe parti, dd’apu nau	Tre le porte, tutte e tre a Sa Prazzitta, con le panchine di pietra per parte, l’ho detto
Po carnevali in su Monti Granàticu ddui fìant is ballus, trigu ddu ind’ìat pagu, capìat in d’unu corrazzu	Per carnevale nel Monte Granàtico c’erano i balli, grano ce n’era poco, stava in un angolo
Po sa luxi quattru candèlas a carburu, de minadori	Per la luce quattro candele a carburo, da minatore
In is annus passaus, in su Monti Granàticu ddu ìanta fattu parlatas finzas Carboni-Boi e Cocco-Ortu, in tempus di elezionis, ma nèmus t’iscìat arrepiti su ch’ìanta nau, e mancu de cali partidu fèssinti	Negli anni passati nel Monte Granàtico avevano fatto “parlate” anche Carboni-Boi e Cocco-Ortu, in tempo di elezioni, ma nessuno sapeva ripetere ciò che avevano detto e non ricordavano nemmeno di che partito fossero
Riunionis de totu is cumbattentis Su Maistu no ddui ’nd’ìat fattu mai, mancai ’nd’èssit chistionau sa notti ch’ìat fundau l’A.N.C	Riunione di tutti i combattenti Su Maistu non ve ne aveva fatto mai benché ne avesse parlato la notte che aveva fondato l’A.N.C
De su restu no ddui ’nd’ìat istétiu bisóngiu: is cumbattentis ìant inténdiu su bandu e fùanta benìus a domu sua a unu a unu po s’iscriri all’Associazione, e a unu a unu benìanta candu ddis occurrìat calincuna cosa, una domanda, una richiesta di croce di guerra, di pòlizza, o àturu	Del resto non ce n’era stato bisogno; i combattenti avevano sentito il bando ed erano venuti a casa sua ad uno ad uno per iscriversi all’Associazione, e ad uno ad uno venivano quando avevano bisogno di qualche cosa, una domanda, una richiesta di croce di guerra, una polizza o altro
E aici fìant is mutilaus e is invalidus	E così facevano i mutilati e gli invalidi
Su Maistu scìat su fattu suu e iscìat accantu toccai, po dónnia cosa	Su Maistu sapeva il fatto suo e sapeva dove “bussare” per ogni cosa
E poi fìat totu de bonamori, sa beridadi	E i suoi amici rispondevano di buon animo, la verità
Dónnia mércuris arricìat “Il Solco”, su giornali del Movimento dei Combattenti, ma ddu liggìat issu sceti: tantis, de su chi ddui fudi scrittu is àturus no ’nd’ìant èssi cumpréndiu nudda, senza ’e contai ca fùanta pagus is chi scìanta liggi	Ogni mercoledì riceveva “Il Solco”, il giornale del Movimento dei Combattenti, ma lo leggeva soltanto lui; tanto di ciò che vi stava scritto non ne avrebbe capito nulla nessuno, senza contare che erano in pochi quelli che sapevano leggere
Su Maistu no fut andau mai a is cungressus dell’A.N.C., né a Macomer né a Oristanis, ìat mandau sèmpiri sa “delega”, a Lussu	Su Maistu non era mai andato ai congressi dei combattenti, né a Macomer né a Oristano, aveva mandato sempre la “delega” a Lussu
Calincuna borta, però, candu ddi capitàt di andai a Casteddu, andàda alla Federazione Regionale, ma tanti po si fai biri, e prus chi àturu po saludai calincun’amigu e podi arrexonai “con persone colte”, comenti naràt issu, diversas de is massaius e de is montàrgius ignorantis de Biddanoa	Qualche volta, però, quando gli capitava di andare a Cagliari, si recava alla Federazione Regionale, ma tanto per farsi vedere, o più che altro per salutare qualche amico e poter discorrere “con persone colte” come diceva lui, diverse dai contadini e dai pastori ignoranti di Biddanoa
Si a Biddanoa Su Maistu ìat costituiu is tres associazionis, fut poita Lussu dd’ìat pregau de ddu fai, e poi si podìat donai puru chi una dì o s’àtara su fattu di èssi Presidente dell’A.N.C., per esempio, dd’èssit póziu serbìri a calincuna cosa	Se a Biddanoa Su Maistu aveva costituito le tre associazioni, era perché Lussu l’aveva pregato di farlo, e poi poteva anche darsi che un giorno o l’altro il fatto di essere presidente dell’A.N.C gli servisse a qualche cosa
Po su restu, Su Maistu tenìat in pagu cunsiderazioni Biddanoa e is biddanoesus, genti, a parri suu, ignoranti e preizzosa	Per il resto Su Maistu aveva in poca considerazione Biddanoa e i biddanoesi, gente a suo parere ignorante e poltrona
No ’ndi balìat sa pena de ddis ispiegai il significato del Movimento dei Combattenti, tanti no ’nd’ìant èssi cumpréndiu mai nudda	Non valeva la pena di spiegar loro il significato del Movimento dei Combattenti, tanto non ne avrebbero capito nulla
E si puru calincuna cosa èssit arrennésciu a ddis fai cumprendi, is biddanoesus no s’ìant èssi mai assunto un impegno politico, preizzosus comenti fìanta finzas e po penzai	E, se pure qualcosa fosse riuscito a fargli capire, i biddanoesi non avrebbero mai assunto un impegno politico, poltroni com’erano anche per pensare
Comenti ìat èssi fattu, per esempio, a parlare di cooperative a genti chi no bìat che su cungiadeddu suu, che, nel migliore dei casi, andàda in lite per il presunto spostamento di un confine, sì e no de mesu parmu, o che in altri casi risolveva la questione a corpus de càvuna	Come avrebbe fatto, per esempio, a parlare di cooperative a gente che non vedeva che il proprio orticello, che nel migliore dei casi andava in lite per il presunto spostamento di un confine, sì e no di mezzo palmo, o che in altri casi risolveva la questione, quando la risolveva, a colpi di roncola
A genti per la quale l’agricoltura si fut firmàda all’aratro a chiodo e che si cuntentàt de seminai sceti cuddu tanti ’e trigu chi ddis abbisongiàt po sa provvista de totu s’annu	A gente per la quale l’agricoltura si era fermata all’aratro a chiodo, che si accontentava di coltivare soltanto quel po’ di grano che serviva per la provvista di tutto l’anno
Genti chi no cumprendìat assolutamente ita bolìat nai progresso, mancai medas, in continente, guerra a parte, calincuna cosa dd’èssinti bista	Gente che non capiva assolutamente cosa voleva dire progresso, benché molti, in continente, guerra a parte, qualcosa l’avessero vista
Preizzosus e indolentis, óminis e feminas, chi lassànta is piccioccheddus prenus de tracoma, o chi ddis ponìant unu berrettu troppu mannu chi ’ndi ddis calàt finz’a ogus po no si biri il cuoio capelluto, chi fut totu una crosta per la tigna all’ultimo stadio	Poltroni e indolenti, uomini e donne, che lasciavano i ragazzi con gli occhi pieni di tracoma, o che calcavano loro in testa un berretto troppo grande che gli scendeva fino agli occhi perché non si vedesse il cuoio capelluto, che era tutto una crosta per la tigna all’ultimo stadio
Totu per non prendersi il disturbo de ddus portai in tempo aundi ’e su dottori, che, del resto, fut diventendu indolente e preizzosu peus de is biddanoesus	E tutto per non prendersi il disturbo di portarli in tempo dal medico, che del resto stava diventando indolente e poltrone peggio dei biddanoesi
Fut una bella dì di abrìli de su bintunu, e Su Maistu fut fendu totu custas cunsiderazionis chi pagu onori fìant a is biddanoesus, fèssinti giustas o no, e ìat appena scrittu e impostau sa “delega” a Lussu per il IV Congresso dei Combattenti, chi si depìat riuniri a Oristanis su sexi e su dexesetti, fra pagus dis	Era una bella giornata di aprile del ’, e Su Maistu con queste considerazioni che poco onore facevano ai biddanoesi, fossero giuste o no, aveva impostato la “delega” a Lussu per il IV Congresso dei Combattenti, che si doveva tenere a Oristano il sedici ed il diciassette di quel mese di aprile, fra pochi giorni
Veramenti custa borta, prima de mandai sa delega, Su Maistu ìat èssi dépiu prima riunire l’assemblea dei soci, assummancu custa borta, poita scìat che dal IV Congresso dei	Veramente stavolta, prima di mandare la delega, Su Maistu avrebbe dovuto riunire l’assemblea dei Soci, perché sapeva
Combattenti ’nd’ìat èssi dépiu bessìri quel Partito Sardo d’Azione de su cali si fueddàt de meda tempus	che da quel IV Congresso dei Combattenti sarebbe dovuto venir fuori quel Partito Sardo d’Azione del quale si parlava da molto tempo
Ma comenti ìat èssi fattu a ispiegai a custus ignorantis che il Congresso era stato convocato con una certa urgenza poita erano prossime le elezioni politiche e il Partito Sardo d’Azione depìat mandai in Parlamento suoi propri rappresentanti, si bolìat contai calincuna cosa e interferire direttamente negli avvenimenti politici del momento	Ma come avrebbe fatto a spiegare a questi ignoranti che il Congresso era stato convocato con una certa urgenza perché erano prossime le elezioni politiche e il Partito Sardo d’Azione doveva mandare in Parlamento suoi propri rappresentanti, se voleva contare qualcosa e interferire direttamente negli avvenimenti politici del momento
E poi ìat èssi dépiu spiegai ca custas cosas ddas ìat iscìpias de is amigus de Casteddu, dagli articoli del “Solco” e dalle circolari chi no fìat liggi mai a nèmus	E poi avrebbe dovuto spiegare che queste cose le aveva sapute dagli amici di Cagliari, dagli articoli del “Solco” e dalle “circolari” che non faceva leggere a nessuno
No, no, niente riunione, mancu custa borta	No, no, niente riunione nemmeno questa volta
De candu fut cumenzau il Congresso, Su Maistu ’nd’ìat circau dónnia dì la cronaca con i vari interventi nell’“Unione Sarda”, e candu in su giornali de su dexiottu ìat lìggiu, in mannu, in prima pagina, che il giorno  aprile , dal Movimento dei Combattenti, ad Oristano, era stato fondato il Partito Sardo d’Azione, s’ìat postu su giornali in busciacca e fut torrau a domu po ddu fai liggi a sa mulleri, chi de custas cosas indi cumprendìat cantu e issu, sino de prus	Da quando aveva avuto inizio il Congresso Su Maistu ne aveva cercato ogni giorno la cronaca con i vari interventi nell’“Unione Sarda” e quando nel giornale del diciotto aveva letto, in grande, in prima pagina, che il giorno  aprile , dal Movimento dei Combattenti, ad Oristano, era stato fondato il Partito Sardo d’Azione, si era messo il giornale in tasca ed era tornato subito a casa per farlo leggere alla moglie, che di queste cose ne capiva quanto lui, se non di più
A Sa Maista, sa notizia dd’ìat fattu prexeri, poita fut segura ca su maridu, e no ci bolìat meda a ddu indovinai, ìat èssi stétiu il segretario del nuovo partito, un incarico politico meda importanti, segund’issa	A Sa Maista la notizia aveva fatto molto piacere, perché era certa che suo marito, e non ci voleva molto a indovinarlo, sarebbe stato il Segretario del nuovo partito, un incarico politico molto importante, secondo lei
E poi, finalmente, in Biddanoa puru ìat èssi intràda la politica, chini scit chi custa borta sa genti no s’ind’èssit iscidàda	E poi finalmente anche in Biddanoa sarebbe entrata la politica, e chissà che stavolta la gente non si sarebbe svegliata
No si pòdit nai ca Su Maistu puru no fèssit cuntentu, fut abettendiddu issu puru questo Partito Sardo, mancai is ideas suas no fèssinti tanti craras, po moi, cun is simpatias politicas chi tenìat, unu pagu nazionalistas, unu pagu dannunzianas	Non si può dire che anche Su Maistu non ne fosse rimasto contento, lo stava aspettando anche lui, questo Partito Sardo, benché le sue idee non fossero molto chiare, per adesso, con le simpatie politiche che aveva, un po’ nazionaliste e un po’ dannunziane
De su restu ddu scìanta totus ca simpatias po D’Annunzio ’ndi tenìat Lussu puru	Del resto lo sapevano tutti che simpatia per D’Annunzio ne aveva anche Lussu
Una cosa, poi, chi ddi fìat prexeri fut che nel Direttorio del Partito fùant intraus dus amigus suus comente Paolo Pili e Camillo Bellieni	Una cosa poi, che gli aveva fatto piacere, era stato l’apprendere che nel Direttorio del partito erano entrati due suoi amici, Paolo Pili e Camillo Bellieni
Immoi Bellieni, oltre che Delegato Regionale dei Combattenti, fut istétiu nomenau anche Direttore Regionale del nuovo partito	Adesso Bellieni, oltre che Delegato Regionale dei Combattenti, era stato nominato anche Direttore regionale del nuovo partito
Nel Direttorio no fut intrau Lussu, ma Su Maistu ìat cumpréndiu ca po Lussu era riservato un seggio in Parlamento, alle prossime elezioni	Nel Direttorio non era entrato Lussu, ma Su Maistu aveva capito che per Lussu era riservato un seggio in Parlamento, alle prossime elezioni
Però fut nervosu, Su Maistu, no bìat s’ora chi èssit arribàda la comunicazione ufficiale della fondazione del tanto atteso partito: custa borta sa riunioni dd’ìat èssi própiu dépia fai	Però era nervoso, Su Maistu, non vedeva l’ora che arrivasse la comunicazione ufficiale della fondazione del tanto atteso partito: stavolta la riunione avrebbe proprio dovuta farla
In su Monti Granàticu	Nel Monte Granàtico
– Antoni Maria Mulas bivìada ’nguddei, in cussa’ domus ch’immoi funti ’e Pissentica, sa pobidda ’e su Buttegheri	– Antoni Maria Mulas viveva là, in quelle case che adesso sono di Pissentica, la moglie di Su Buttegheri
Pissentica ddi fut netta, filla ’e su fillu, Sisinni, chi Antoni Maria no ìat bófiu mai biri poita naràt ca sa mamma fut morta po mori suu	Pissentica è sua nipote, figlia del figlio, di Sisinni, che Antoni Maria non aveva voluto mai vedere perché diceva che la madre era morta per causa sua
– Fùanta dua’ domu’ mànnasa, in d’una prazza manna	– Erano due case grandi, dentro un cortile molto grande
In sa ’omu ’e sa lolla ddui bivìanta is srebidoris e is srebidoras; in s’àtara, in sa ’omu noa, ddui bivìat Antoni Maria cun Bràbara, sa pobidda	Nella casa col loggiato stavano i servi e le serve; nell’altra, nella casa nuova, viveva Antoni Maria con Barbara, la moglie
Apustis chi Bràbara fut morta, ddui bivìat issu sceti, sollu	Dopo che Barbara era morta vi stava lui da solo
– Bah, sollu no ddui fut abarrau meda, chindighinò s’ìat èssi schissiau	– Bah, solo non c’era rimasto molto, se no sarebbe impazzito
– Ma gei ddu ìat penzau Coixedda a ddi xircai cumpangìa, de sa dì chi Antoni Maria dd’ìat béndiu s’ànima poita su disprexeri fut boccendiddu	– Ma ci aveva pensato Coixedda a cercargli compagnia, dal giorno che Antoni Maria gli aveva venduto l’anima, perché il dispiacere lo stava uccidendo
– Fattu-vattu, cun is setti srebidoris a cuaddu chi dd’ìat bettìu Coixedda, Antoni Maria callàda a Campidanu, i a su notti ’ndi torràt cun duas piccioccas, una a agroppas e una anant’’e sa sedda, e i si ddas crocàda in su lettu ’e crìspinis tot’a i’ dùasa	– Ogni tanto, con quei sette servi a cavallo, adesso Antoni Maria scendeva in Campidano e di notte ne tornava con due ragazze, una sull’arcione e una sulla groppa del cavallo, e se le portava tutte e due nel letto a cavalletti
– Ma sa notti ch’ind’ìat bettìu cuddas tres istàtuas callentis comenti èguas, chi campidanesa’ no fùanta, su lettu ’e crìspinisi ’ndi fut arrutu	– Ma la notte che aveva portato quelle tre statue, calde come cavalle, che campidanesi non erano, il letto a cavalletti si era rotto ed era caduto
Fut tandu chi s’ìat fattu fai de su buttaiu unu lettu chi ’ndi pigàt totu s’aposentu, cun is peis cravaus in terra	Allora si era fatto costruire dal bottaio un letto che prendeva tutta la stanza, con i piedi piantati per terra
De candu sa guerra ’ndi dd’ìat pigau cussu fillu chi parìat unu giganti e dd’ìat torrau custu pòbur’ómini chi podìat appena ponni passu cun is bacceddus e no podìat fai perunu traballu, né andai a monti né nudda, Ti’Arròtulu pagu bessìat de domu	Da quando la guerra gli aveva portato via quel figlio che sembrava un gigante e gli aveva restituito questo pover’uomo che poteva mettere appena pochi passi con le stampelle, e non poteva fare nessun lavoro, né andare in campagna né nulla, Ti’Arròtulu poco usciva da casa
Ddi parìat ca su doveri suu, immoi, fèssit de fai cumpangìa a su fillu, de dd’aggiudai a ci passai su tempus, chi po unu comente Federicu, avvesu a traballai de mangianu a notti in campu e in argiòla, fut malu meda a passai	Gli sembrava che il suo dovere, adesso, fosse quello di tenere compagnia al figlio, di aiutarlo a passare il tempo, che per uno come Federicu, abituato a lavorare da mattino a sera, era difficile far trascorrere
Po Ti’Arròtulu, Federicu fut che unu pipìu postu in castigu chena ’e nexi, lassau solu in d’unu logu desertu	Per Ti’Arròtulu, Federicu era come un bambino messo in castigo senza colpa, lasciato solo in un luogo deserto
E toccàt a issu a ddi fai cumpangìa comenti podìat, torrendu asegus cun is annus, candu Federicu, ancora piccioccheddu, si fìat contai de su babbu, chi scìat dónnia cosa, contus di antigóriu	E toccava a lui tenergli compagnia, nel modo che poteva, tornando indietro con gli anni, quando Federicu, ancora ragazzo, si faceva raccontare dal padre, che sapeva ogni cosa, storie del tempo antico
E immoi chi su giganti fut torrau a pipìu, ddi torràt a pedìri cuddus própius contus, e issu si ddus torràt a contai, aguàlis ma differentis, poita differentis fùant ìssus, cambiàus totu a is dus de su tempus chi fut passau	E adesso che il gigante tornato bambino gli chiedeva le stesse storie, lui gliele raccontava ancora, uguali ma diverse, così come erano diversi loro, cambiati dal tempo che era trascorso
– Antoni Maria Mulas fut un’ómini comente pàgusu ’ndi nàscinti, fut un’ómini ’e profettu, fut àbili e fut giustu	– Antoni Maria Mulas era un uomo come pochi ne nascono, era un uomo di valore, abile e giusto
E fut una strantaxàda ’i ómini, artu pru’ de du’ metrus, e grussu in proporzioni	Ed era una montagna d’uomo, alto più di due metri e robusto in proporzione
Forti che unu scrau, intràda in su tallu ’e i’ bàccas e giogàt cun i’ malloru’ de tres annus comente chi fèssinti crabìttus: ’ndi pigàt unu a unu corru e unu a s’àturu e indi ddusu bogàda a fora’ de su tallu fendiddus camminai a su passu chi ollìat issu	Forte come uno schiavo, entrava nella mandria delle vacche e giocava con i tori di tre anni come se fossero capretti: ne prendeva uno per un corno e uno per l’altro e li faceva camminare al suo fianco, al passo che lui voleva
Candu ddusu scappàda, i’ mallòrus si fuìanta comente chi fèssint amuscaus	Quando li liberava i tori fuggivano come se fossero assillati dalle mosche
E issu s’ind’arrìada: su scracàlliu di Antoni Maria s’intendìat de monti a monti, che unu sonu ’e campana	E lui rideva: la risata di Antoni Maria si sentiva di monte in monte, come un suono di campana
– E fut devotu: andàt ónnia ’omìnigu a crésia, a missa manna, e i si ponìat cun is àturus in sa cappella	– Ed era devoto: andava in chiesa ogni domenica, a messa grande, e stava con gli altri nella cappella
In mesu a is àturus parìat una turri, ingenugau parìada strantàxu	In mezzo agli altri sembrava una torre, inginocchiato sembrava in piedi
– Candu fut morta, in partu, Bràbara tenìat bintidùs annus	– Quando morì, di parto, Barbara aveva ventidue anni
Antoni Maria fut abarrau comente chi dd’èssit callau gutta	Antoni Maria era rimasto come se gli fosse sceso un fulmine
No ddi fut bessìu nì fueddu nì làmbriga, ìat pigau su pipìu a unu pei e i c’idd’ìat fulliau in su muntronàxu	Non gli uscì né parola né lagrima, aveva preso il bambino per i piedi e l’aveva buttato nel letamaio
(Indi dd’ìat boddìu luegu, po furtuna, una srebidora). Poi c’ìat bogau a totus e i si fut incungiau in s’aposentu cun sa morta	(Una serva l’aveva raccolto subito, per fortuna). Poi aveva cacciato via tutti e si era chiuso nella stanza con la morta
Ìat abertu s’enna apusti ’e tres oras: Bràbara fut in su lettu, cumposta, cun su ’estìri de cand’ìada sposau, e issu séziu a conca ’e lettu, mudu, nieddu che unu murcioni	Aveva aperto la porta dopo tre ore: Barbara era sul letto, composta, col vestito delle nozze, e lui seduto accanto al letto, muto, nero come un tizzone
– No si fut móviu finzas a sa dì infattu, candu ìanta portau su baullu	– Non si era mosso fino al giorno dopo, quando avevano portato la cassa
C’ìat torrau a bogai a totus, e candu ddus ìat lassaus intrai su baullu fut incravillau	Aveva di nuovo mandato via tutti, e quando li aveva fatti entrare la cassa era già chiusa, inchiodata
E issu in sa própiu cadira, mudu che unu truncu	E lui nella stessa sedia, muto come un tronco
– A s’ora ’e s’interru no ìat bófiu chi su baullu dd’èssit toccau nèmusu: si fudi incrubau, si dd’ìat attuau a palas, e camminendu ananti ’e su predi ci dd’ìat portau prima a crésia e poi a campusantu	– All’ora del funerale non aveva voluto che la cassa la toccasse nessuno: si era abbassato, se l’era caricata sulle spalle, e camminando davanti al prete l’aveva portata prima in chiesa e poi in cimitero
Issu dd’ìat posta in sa fossa, issu dd’ìada interràda	Lui l’aveva messa nella fossa, lui l’aveva seppellita
– Accuguddau, senza ’e pesai is ògus, fut torrau a domu	– Incappucciato, senza alzare gli occhi, era tornato a casa
Ottu dis incungiau in s’aposentu, senza ’e unu mùssiu ’e pani, senza ’e unu stiddìu ’i aqua	Otto giorni chiuso nella stanza senza un boccone di pane, senza un sorso d’acqua
Sa genti ’i ’omu ìada ’nténdiu baccanu, boxis, sumbullu: parìat chi cun Antoni Maria, in s’aposentu, ddui fèssinti totu i’ dimóniu’ de su ’nferru, cun d’unu chi abóxinat pru’ de is àturus	La gente di casa aveva sentito baccano, voci, subbuglio; sembrava che con Antoni Maria, nella stanza, vi fossero tutti i diavoli dell’inferno, con uno che gridava più degli altri
– A sa di ottu disi ’ndi fut bessìu de s’aposentu trancuillu, parìat finzas e prexau	– All’ottavo giorno era uscito dalla stanza tranquillo, sembrava perfino contento
Sa facci stendiàda, is ògus allùttus, no portàt perunu sinnali de su ch’ìat passau	La faccia distesa, gli occhi accesi, non portava alcun segno di ciò che aveva passato
Di ’omu ìat fattu sparessi santus, arrosàrius e patènas, poi ìada inseddau su cuaddu, e cun d’un’accirràda ’e spròni ci fudi stuppau che unu ’entu	Da casa aveva fatto sparire santi, rosari e medaglie, poi aveva sellato il cavallo e con un colpo di speroni si era precipitato fuori come un vento
Fut una notti ’e strasura: de is peis de su cuaddu si pesànta pampa’ de fogu	Era una notte di tempesta: dagli zoccoli del cavallo s’erano levate lingue di fuoco
In foras, in sa bia de Santa Maria, si fùant inténdius tres corpus de trumbitta, e poi sa boxi ’e Domianu:	Fuori, nella strada di Santa Maria, si erano uditi tre squilli di trombetta, poi la voce di Domianu:
“Si èttat custu bandu – cun su premissu de su sìndigu –.	“Si getta questo bando – col permesso del Sindaco –.
Avvértit Su Maistu – ca nottesta – a is ott’e mesu – in su Monti Granàticu – s’at a fai sa riunioni – de totu is cumbattentis – iscrittus a s’Associazioni – po comunicazionis – della massima importànzia –. Su Maistu – arreccumàndada – chi no mànchit nisciunu”.	Avverte Su Maistu che stanotte – alle otto e mezza – nel Monte Granàtico – si farà la riunione di tutti i combattenti – iscritti all’Associazione – per comunicazioni – della massima importanza –. Su Maistu – raccomanda – che non manchi – nessuno”.
“Sìgat su contu, babbai”.	“Continui il racconto, babbo”.
Prima de fai ghettai su bandu, Su Maistu s’ìat lìggiu la circolare medas bortas	Prima di far dare il bando, Su Maistu aveva letto la circolare molte volte
No chi no dd’èssit cumpréndia, issu dd’ìat cumpréndia, ma no iscìat comenti ìat èssi fattu a dda fai cumprendi a is àturus, a is cumbattentis	Non che non l’avesse capita, lui l’aveva capita, ma non sapeva come farla capire agli altri, ai combattenti
Veramenti a issu puru non è che certi punti della circolare dd’èssint andaus meda a géniu, mi lasciano perplesso, comenti, per esempio, accantu si lìggit che le Sezioni dei Combattenti “debbono” essere trasformate in Sezioni del Partito Sardo d’Azione	Veramente, non è che anche a lui molti punti della circolare andassero troppo a genio, mi lasciano perplesso, ecco, come questo, per esempio, dove si legge che le Sezioni dei Combattenti “debbono” essere trasformate in Sezioni del Partito Sardo d’Azione
Così, d’autorità, is cumbattentis “debbono” diventare sardistas, senza mancu si ddus domandai	Così, d’autorità, i combattenti “debbono” diventare sardisti, senza nemmeno domandarglielo
Mah	Mah
Ìat torrau a liggi la circolare:	Aveva riletto la circolare:
Ma comenti fazzu a isciri chini funti i simpatizzanti del Partito Sardo d’Azione, si custu partìdu è stato fondato s’àtara dì	Ma come faccio a sapere chi sono i simpatizzanti del Partito Sardo d’Azione, se questo partito è stato fondato solo l’altro giorno
E tandu, custa beneditta riunione cun chini dda depu fai	E allora questa benedetta riunione con chi la devo fare
No ìat dormìu totu sa notti penzendu alla riunione	Non aveva dormito tutta la notte pensando alla riunione
Candu fut cumenzendu a orbesci ’nd’ìat iscidau sa mulleri e ind’ìat fueddau cun issa	Quando stava albeggiando aveva svegliato la moglie e ne aveva parlato con lei
Sa Maista, senza ’e ddui penzai meda, dd’ìat donau su cunzillu giustu	Sa Maista, senza pensarvi troppo, gli aveva dato il suggerimento adatto
Ta femina	Che donna
Pronta, intelligente, e no fudi mancu lèggia meda	Pronta, intelligente, e poi non è nemmeno così brutta
Be’, mi pàrit ca custu mangianu	Be’, mi sembra che stamattina
ìat circau de si dd’accostiai, ma cudda cun d’un’oghiàda dd’ìat isfridau luegu	Aveva cercato di avvicinarsi, ma quella con un’occhiata l’aveva gelato
Ad ogni modo dd’ìat allebiau	Ad ogni modo l’aveva alleggerito
S’indi fut pesau e prus a tardu, andendu a iscola, fut passau a domu ’e Domianu e dd’ìat ordinau de ghettai su bandu	Si era alzato, e più tardi andando a scuola era passato da Domianu e gli aveva ordinato di dare il bando
Fut camminendu a passu léstru	Camminava a passo svelto
Fueddendu tra sè e sèi, in italianu comenti bolìat sa circustànzia, Su Maistu fut intrau a iscola frighendusì is manus: interessante, la politica: fut cumenzendu a ddui pigai gustu	Parlando tra sé, in italiano come voleva la circostanza, Su Maistu era entrato nell’aula della scuola fregandosi le mani: interessante, la politica, cominciava a prenderci gusto
Su merì, a is ottu e mesu, in su Monti Granàticu is candelas a carburu fùanta giài allutas e is cumbattentis fùanta cumenzendu a arribai, a unu a unu, a dus a dus, obbedientis	La sera alle otto e mezzo nel Monte Granàtico le candele a carburo erano già accese e i combattenti stavano arrivando, ad uno ad uno o in gruppi, obbedienti
Su Maistu, sézziu in d’una mesa pagu firma cun totu is paperis a ananti, ìat abettau finzas a is nòi oras, candu ddi fut partu chi ddu èssinti giai totus, poi s’indi fut pesau e ìat cumenzau a fueddai	Su Maistu, seduto dietro un tavolino malfermo sulle gambe con tutte le carte davanti, aveva atteso fino alle nove, quando gli era sembrato che fossero tutti presenti, poi si era alzato ed aveva incominciato a parlare
In italianu Già, poita “l’occasione è solenne”, coment’ìat nau	In italiano, l’occasione è solenne, come aveva detto
Ìat cumenzau nendu che il Movimento dei Combattenti, come sapete, fut nàsciu in trincea, col proposito già da allora di tutelare, innanzi tutto, gli interessi futuri dei combattenti e successivamente di imporsi al Paese come una forza capace di condizionare le scelte politiche della società	Aveva esordito dicendo che il Movimento dei Combattenti, come sapete, era nato in trincea, col proposito già da allora di tutelare innanzi tutto gli interessi futuri dei combattenti e successivamente di imporsi al paese come una forza capace di condizionare le scelte politiche della società
Ma sigomenti custu ddi fut partu un’argomentu troppo politico per ascoltatori chi de politica no ’ndi cumprendìant una cibudda, fut torrau al Movimento dei Combattenti sardi, alle sue realizzazioni, ai suoi Congressi	Ma siccome questo gli era sembrato un argomento troppo politico per ascoltatori che di politica non ne capivano una cipolla, era tornato al Movimento dei Combattenti Sardi, alle sue realizzazioni, ai suoi congressi
A is calis issu no fut andau mai	Ai quali lui non aveva mai partecipato
Su Maistu no fut un grande oratore, e is cumbattentis de Biddanoa fùanta cumenzendu a s’arrosci	Su Maistu non era un grande oratore, e i combattenti di Biddanoa cominciavano ad annoiarsi
Tandu Su Maistu, a lestr’a lestru, ìat nomenau a Lussu e a Bellieni, e poi, de malagàna, la brigata Sassari	Allora Su Maistu, svelto svelto, aveva nominato Lussu e Bellieni e poi, di malavoglia, la Brigata Sassari
Ìat lìggiu alcune parti della circolare, cioè cudda chi naràt che le Sezioni dei Combattenti debbono essere trasformate in Sezioni del Partito Sardo d’Azione, e cudd’àtara chi fueddàda di “simpatizzanti”, cioè di non combattenti, ch’ìant’èssi póziu far parte, issus puru, del Partito Sardo	Aveva letto alcune parti della circolare, cioè quella in cui si diceva che le Sezioni dei Combattenti debbono essere trasformate in Sezioni del Partito Sardo d’Azione e l’altra che parlava di simpatizzanti, cioè di non combattenti che avrebbero potuto far parte, anche loro, del Partito Sardo
Ma de custu ind’ap’a chistionai domìnigu a mengianu in Sa Prazzitta, speru ca no èis a mancai	Ma di questo parlerò domenica mattina in Sa Prazzitta, spero che non mancherete
A is noi oras e mesu la Sezione de Biddanoa del Partito Sardo d’Azione era fondata, ma parìat chi custus sardistas nous nous no s’ind’èssinti manc’acataus: abulici come sempre, ìat penzau Su Maistu, ma custa borta ’ndì ddus ap’a iscidai deu	Alle nove e mezza la Sezione di Biddanoa del Partito Sardo d’Azione era già fondata, ma sembrava che dell’avvenimento questi sardisti nuovi nuovi non si fossero nemmeno accorti Abulici come sempre, aveva pensato Su Maistu, ma questa volta li sveglierò io
Strantàxu comenti fudi, ìat asubau is pàrmas de is manus a sa mesa, ìat pesau sa conca, e cun cantu sùlidu portàda in purmonis ìat aboxinau:	In piedi com’era, aveva appoggiato le palme delle mani sul piano del tavolino zoppo, aveva alzato la testa, e con quanto fiato aveva nei polmoni aveva urlato:
… “Un’àtara borta depèis arrespundi hurràh”.	… “Un’altra volta dovete rispondere hurràh”.
– Fut torrau apust’’e unu mesi, una notti, cun cuddus sètti, a cuaddu issus puru, sètti dimónius	– Era tornato dopo un mese, una notte, con quei sette, a cavallo anch’essi, sette demoni
De ’nnui ’nd’èssinti própius no dd’ìada scìpiu mai nèmusu, e de ’nnui fèssinti no si cumprendìada, nì de su ’estìri nì de su fueddari, ca ’mbesturànta cabesusesu e campidanesu, ollastinu e meurreddu	Da dove li avesse portati non l’aveva saputo mai nessuno, di dove fossero non si comprendeva, né dall’abito né dal parlare, ché mescolavano logudorese e campidanese, ogliastrino e sulcitano
– Issu fut cambiau in totu, parìat finz’e pru’ mannu, prus imponenti	– Lui era cambiato in tutto, sembrava perfino più alto, più imponente
Bestìu che unu duca, sezzìat un’ègua chi parìat una pintura, cun frunimentus chi parìanta ’e prata che is ispronis chi portàda, chi de prata depìant èssi, a su sonu chi fìant is arrodèddas	Vestito come un duca, montava una cavalla che sembrava un dipinto, con finimenti che sembravano d’argento come gli speroni che portava, che d’argento dovevano essere a giudicare dal suono che facevano le rotelle
– De cuddu disisperu de candu ddi fut morta Bràbara, e mancu de Bràbara ’e totu, mancai èssit passau pagu pru’ de unu mesi parìat chi no s’ind’èssit arregodau prusu	– Della disperazione che l’aveva preso alla morte di Barbara, e di Barbara stessa, quantunque fosse trascorso soltanto un mese dalla sua morte, sembrava che non si ricordasse più
– In cuddas setti dis chi fut abarrau in s’aposentu ’e lettu apustis chi c’ìada interrau a Bràbara, Antoni Maria si fut pistau, s’ìada scutu sa conca a su muru, ìat frastimau a Deus i a Nostrassennora, ìat finzas e tentau de nai calincunu babbunostu, ma no fut arrennésciu a s’appaxiai: sa morti ’e Bràbara dd’ìat arrogau su coru e i su penzamentu	– Durante quei sette giorni in cui era rimasto chiuso nella stanza da letto dopo che aveva seppellito Barbara, Antoni Maria si era scatenato, aveva sbattuto la testa al muro, aveva bestemmiato Dio e Nostrassignora ed aveva anche tentato di dire qualche Padrenostro, ma non era riuscito a trovare pace: la morte di Barbara gli aveva spezzato il cuore e stravolto il pensiero
– A sa de tre’ dis ìat penzau ca s’ìat èssi finzas e béndiu s’ànima a su dimóniu, si s’Eremigu ’ndi dd’èssit bogau de su sentidu e de is ogus sa figura ’e Bràbara	– Al terzo giorno aveva pensato che se il Demonio gli avesse tolto dalla mente e dagli occhi la figura di Barbara avrebbe anche potuto vendergli l’anima
Luegu si fut inténdiu unu stragazzu, unu tronu e una ’oxi chi ’essìat di asutta ’e terra, e poi fut cumpartu s’Eremigu, chi dd’ìada ’nténdiu	Subito si era udito uno strepito, un tuono ed una voce che usciva da sottoterra, e poi era comparso lui, il Demonio, s’Eremigu, che l’aveva udito
– Innanti ìanta certau, ìant aboxinau, si fùanta strumpaus in terra, ma infinis si fùanta postu’ di accórdiu: Antoni Maria ìat béndiu s’ànima a s’Eremigu e i si dd’ìat èssi intregàda sa dì chi Coixedda dd’ìat èssi zerriau	– Prima avevano litigato, avevano urlato, si erano rotolati per terra, ma infine si erano messi d’accordo: Antoni Maria aveva venduto l’anima a s’Eremigu, e gliela avrebbe consegnata il giorno in cui “Coixedda” l’avrebbe chiamato a sé
In càmbiu s’Eremigu ’nd’idd’ìat èssi scancellau a Bràbara de sa memoria e de is penzamentus, dd’ìat èssi fattu scaresci sa cara sua, is ogus suus, sa ’oxi sua, e totu su ch’ìat passau candu fut morta	In cambio s’Eremigu gli avrebbe cancellato Barbara dalla memoria e dal pensiero, gli avrebbe fatto dimenticare il suo viso, i suoi occhi e la sua voce nonché tutto il dolore che aveva provato quando era morta
– “A mùssiu ’e cani, pilu ’e cani – dd’ìat nau Coixedda – féminas, t’ap’a donai, cantu ’nd’ast a bolli, totu is chi ast a bolli passai di ónni’arrazza, e lùmbus de ferru po ddas sezzi, i aìnas di azzràxu	– “A morso di cane pelo di cane” gli aveva risposto Coixedda, (che era come dire chiodo scaccia chiodo), “donne, ti darò, quante ne vorrai, quante ne vorrai passare, di ogni razza, e lombi di ferro per cavalcarle, e arnese d’acciaio
E dinai, e prendas, i òru cantu nd’ast a bolli, e setti ànimas pérdias po ti srebìri	E denaro e gioie e oro, tutto ciò che vorrai, e sette anime perse per servirti
Is ògus tuus ant’a biri a iscorìu i a tui no t’at a biri nèmus, chi no ast a bolli, i ast a podi intrai in dónnia logu, finzas e in su stampu ’e sa crai, senz’’e fai sonu perùnu	I tuoi occhi vedranno nel buio e tu non sarai visto da nessuno, se non lo vorrai, e potrai entrare in ogni luogo anche dal buco delle serrature, senza fare nessun rumore
Su cuaddu tuu at èssi che tui e totu, no at a lassai nì arrastu nì umbra, at a curri pru’ de su ’entu, e i dd’ast a podi carriai su mundu	Il tuo cavallo avrà le tue stesse doti, non lascerà né orma né ombra, correrà più del vento, sulla sua groppa potrai caricare il mondo
Nèmus t’at a toccai, nèmus t’at a sighìri, nèmus t’at a frimai”.	Nessuno potrà toccarti, nessuno potrà raggiungerti, nessuno potrà fermarti”.
– E immoi Antoni Maria, torrau a bidda cun cuddus setti dimónius, bivìat dì e notti cun cuddu’ du’ dillìrius: féminas e dinai	– E adesso Antoni Maria, tornato in paese con quei sette demoni, viveva giorno e notte con quei due deliri: donne e danaro
– Candu dd’azziàt a conca, a cabudexena, movìat facci a Campidanu, a furai féminas, cun i’ sett’ùmbras infattu, nieddas che i su scorìu	– Quando gli saltava in testa, dopo cena, partiva verso il Campidano, a rubare donne, seguito dalle sette ombre, nere come il buio
– Ddi praxìanta is campidanesas titta’ mànnas, forti’ de fiancus e de groppera	– Gli piacevano le campidanesi dai grandi seni rotondi, forti di fianchi e di groppa
Si ’ndi crocàt una pe parti ónnia notti, ma po cantu nd’èssint aguantau, a mengianu fùanta sfiancadas tot’a i’ dùasa	Se ne coricava una per parte ogni notte, ma per quanto ne reggessero, la mattina erano sfiancate tutte e due
– Cand’arribàda accantu scìat issu, Antoni Maria fìat frimai is setti cuaddigantis e intràda in bidda sollu, a de notti	– Quando giungeva dove sapeva lui solo, Antoni Maria faceva fermare i sette cavalieri ed entrava nei paesi da solo, di notte
Chenza chi nèmusu dd’èssit biu, senz’’e unu pispisu, intràda in is aposentus a iscorìu e i si sceberàda i’ duas crabiollas chi ddi parìanta pru’ maccioccis	Senza che nessuno lo vedesse, senza un bisbiglio, entrava nelle stanze buie e sceglieva le due capriole che gli sembravano più belle, più formose
Chenza chi cuddas s’ind’èssinti mancu sapìasa, si ddas attuàda a coddu dromìas e totu, e i s’indi ponìat una a agroppas e una ananti ’e sa sedda	Senza che le capriole se ne accorgessero, se le caricava in spalla ancora addormentate, poi ne sistemava una davanti all’arcione e una in groppa al cavallo, e via
Candu s’indi scidànta, is pipìas s’agatànta accappiàdas a Antoni Maria cun d’una soga, po no nd’arrùi ’e cuaddu	Quando le belle si svegliavano si trovavano legate con un laccio ad Antoni Maria; le legava perché, addormentate com’erano, non cadessero da cavallo
E issu chi arrìat che unu maccu, arrìat, arrìat, torrend’a bidda, po issu fut unu giogu, su giogu chi ddi praxìat de prusu	E lui che rideva, rideva, tornando in paese: per lui era un gioco, il gioco che gli piaceva di più
– Si ddas tenìat una xida, màssima, poi ci ddas torràt a mandai a bidda insoru, cun is setti dimónius e unu sacchitteddu de prendas e de marengus a donniùna	– Le teneva una settimana, al massimo, poi le rimandava ai loro paesi con i sette demoni ed un sacchetto di gioie e di marenghi d’oro a ciascuna
– A is campidanesas, su strepu di Antoni Maria narànta chi ddis èssit pràxiu meda, poita candu s’ind’andànta prangìanta che funtanas, pru’ de cand’arribànta	– Alle campidanesi l’arnese di Antoni Maria piaceva molto, tanto che quando partivano piangevano come fontane, più di quanto non avessero pianto quando erano arrivate
– Apusti de una parìga ’e disi andàt a s’indi circai àtara’ duas, a un’àtara ’idda	– Dopo qualche giorno Antoni Maria andava a cercarsene altre due, in un altro paese
– Ma sa ’orta ’e cuddas tres	– Ma la volta di quelle tre
Si e no ca ddu ind’ìat de mórigu, in s’aposentu	Sì e no che ce n’era stato di subbuglio, nella stanza
Su lettu ’e crìspinis nd’arruìat dónnia notti, su trumbullu fut troppu mannu, i a Antoni Maria no ddi praxìat a acabai is cosas suas in terra	Il letto a cavalletti cadeva ogni notte con grande fracasso, e ad Antoni Maria non piaceva finire le sue cose per terra
E poi in cussu lettu in quattru mancu ddui capìanta	E poi in quattro su quel letto erano stretti
– Fut tandu ch’ìat mandau a foresta ottu jùs ’i bois pru’ mannus chi tenìada, e dónnia jù nd’ìat bettìu a tragu unu truncu ’e zinnìbiri	– Fu allora che Antoni Maria aveva mandato in foresta sette gioghi di buoi, i buoi più grandi che possedeva, ed ogni giogo aveva portato a traino un tronco di ginepro
E illuegu e totu ìat fattu zerriai a Pulleu, su buttàiu, e in d’una dì dd’ìat fattu fai unu lettu de pru’ de quattru pràzzas, cun is taullonis incravillaus e is peis cravaus in terra	Subito Antoni Maria aveva fatto chiamare Puleu, il bottaio, e gli aveva fatto costruire, in un solo giorno, un letto di più di quattro piazze, con i tavoloni inchiavardati ed i piedi conficcati per terra
Ndi pigàda giai totu s’aposentu	Il letto era tanto grande che occupava quasi tutta la stanza
– Immoi sì, ca ddas podìat sezzi comenti ’ollìat issu, is tres purdeddas arestis, tenìanta gana de cardeddai, su lettu no ’nd’arruìat prusu	– Adesso sì, che poteva cavalcarle come voleva lui, le tre puledrine selvatiche Avevano voglia di scalciare, il letto non cadeva più
Ma moi, in is taullonis incravillaus de su lettu ’e zinnìbiri, fùant issas chi ddu ’nzullìanta	Ma adesso sul letto di tavoloni inchiavardati erano loro che lo aizzavano
A Antoni Maria no ddi parìat beru: si ddas passàt dónnia notti tot’a is tresi, assummancu dua’ bòrtas	Ad Antoni Maria non sembrava vero: se le passava ogni notte tutte e tre, almeno due volte
Po issu fut unu giogu, cun cussu’ lùmbus e i cussas aìnas chi dd’ìat azzraxau su dimóniu	Per lui era un gioco, con quei lombi e quell’arnese che gli aveva temperato il Demonio
Ti’Arròtulu ìat circau de s’allui sa pipa, ma su canneddu fut serregau e no tiràda: si dd’ìat torràda a ponni in busciacca, senza ’e insisti, castiendu a ananti cun d’un’arrisixeddu in is ogus de furittu	Ti’Arròtulu aveva cercato di accendere la pipa, ma il cannello era rauco e non tirava; se l’era rimessa in tasca senza insistere, guardando davanti a sé con un risolino negli occhi di furetto:
– Fùanta tres aràbas	– Erano tre arabe
Comenti ci fùant acabàdas in su lettu di Antoni Maria a mei mi dd’ìat contau babbai, bonànima	Come erano finite nel letto di Antoni Maria me l’aveva raccontato mio padre, buonanima
Candu tiràt bentu estu in Sa Prazzitta parìat chi ddu èssint adobiau totu is tiàulus	Quando soffiava il maestrale sembrava che in Sa Prazzitta si fossero dati appuntamento tutti i diavoli
Su Maistu, strantàxu in pizzu’ de sa mesa pagu segura, depìat abarrai a cambas abertas po no ’nd’arrùi	Su Maistu, in piedi sul tavolino malfermo, doveva rimanere a gambe aperte per non cadere
Su bentu fut forti e fridu e Su Maistu fut nervosu: foras de is cumbattentis, sa genti fut pagu, e a issu su bentu estu ’ndi ddi stracciàt is fueddus de bucca portendiddus in artu, asuba ’e is coberturas, in mesu a is nuis de prùini, aillargu, sa genti no ddus podìat intendi	Il vento era teso e freddo e Su Maistu era nervoso: oltre ai combattenti la gente era poca, e il maestrale gli strappava le parole di bocca portandole in alto, sopra i tetti, in mezzo a nuvole di polvere, lontano, la gente non poteva udirle
Ìat cumenzau finzas e beni, in d’unu momentu chi su bentu, cun d’unu furrióttu, parìat chi s’inc’èssit istesiau di accantu fut issu:	Aveva incominciato bene, nel momento in cui, con un mulinello, sembrava che il vento si fosse allontanato dal punto in cui lui si trovava:
Un’arremuliàda ’e bentu dd’ìat fattu furriai a s’improvvisu sa facci a s’àtara parti:	Una raffica di vento gli aveva all’improvviso fatto voltare la faccia dall’altra parte:
A su bentu estu, fut craru, il Partito Sardo d’Azione no ddi praxìat	Al maestrale, era chiaro, il Partito Sardo d’Azione piaceva poco
E chini connòscit su bentu estu ’e Biddanoa scit chi, candu sùlat cun totu is sentimentus, nèmus iddi pòdit tenni facci	E chi conosce il maestrale di Biddanoa sa che quando soffia con tutti i sentimenti nessuno gli può tener testa
Sa genti chi fut ananti ’e sa mesa si fut bia custrinta a furriai is palas a Su Maistu po no ci dd’intrai su prùini a ogus, e quindi de sa parlata ìat inténdiu sceti calincunu fueddu scambillau	La gente che stava davanti al tavolino, di fronte a Su Maistu, s’era vista costretta a dargli le spalle per evitare la polvere negli occhi, e quindi della “parlata” aveva sentito solo qualche parola scompagnata
Su Maistu, scrabionàu, arrennegàu, nervosu, fut abettendu chi su bentu dd’èssit donau pasu po nai sa cosa chi dd’interessàt de prus	Su Maistu, scarmigliato, furibondo, nervoso, attendeva che il vento gli desse un po’ di tregua per dire ciò che gli interessava di più
Ìat provau tres bòrtas e nudda	Aveva provato tre volte e niente
A sa de quattru ddi fut benìa un’idea: s’ìat postu is occhialis po dd’arreparai is ògus de su prùini e ìat arziau sa boxi; su bentu parìat chi dd’èssit donau respiru:	Alla quarta gli era venuta un’idea: aveva inforcato gli occhiali per ripararsi gli occhi dalla polvere ed aveva alzato la voce Sembrava che il vento volesse dargli respiro:
E spero anche che qualche eroico combattente ancora non iscritto vorrà fare quello che è un suo preciso dovere	Spero anche che qualche eroico combattente ancora non iscritto vorrà fare quello che è un suo preciso dovere
 (In Sa Prazzitta no ddu biu, ma calincunu si dd’at a nai).	(In Sa Prazzitta non lo vedo, ma qualcuno glielo dirà)”.
Su bentu estu parìat chi s’èssit asseliau Su Maistu ind’ìat approfittau:	Il maestrale sembrava che si fosse calmato, Su Maistu ne aveva approfittato:
Ìat pigau sùlidu:	Aveva preso fiato:
“Hurràh!”.	“Hurrah!”.
(“Mancu mali”).	(“Meno male”).
Cuntentu, ’ndi fut sartau ’e sa mesa e si fut incamminau facci a domu, cun su bentu chi ddu spingìat a parti ’e palas	Contento, era saltato dal tavolo e si era incamminato verso casa, col vento che lo spingeva da dietro
Mi sento pieno di attività, ìat nau Su Maistu a sa mulleri, intrendu in domu	Mi sento pieno di attività, aveva detto Su Maistu alla moglie, entrando in casa
Cuddus àturus dus, però	Quegli altri due, però
Cun Federicu, il bombardiere, il grande invalido, no ci at nudda ita fai, de sa guerra si bòlit arregordai una cosa solu, sa pensioni, una borta su mesi	Con Federicu, il bombardiere, il grande invalido, non c’è nulla da fare, della guerra vuol ricordare una cosa sola, la pensione, una volta al mese
E no ascùrtat a nèmus, sceti a su babbu, candu ddi còntat cuddus contus istróllicus de su tempus antigu	E non ascolta nessuno, solo il padre, quando gli racconta certe storie d’altri tempi
S’àturu, l’aiutante di battaglia, è tostau che una perda, vuol rimanere nella sua poco dorata solitudine	L’altro, l’aiutante di battaglia, è duro come un sasso, vuol rimanere nella sua poco dorata solitudine
E penzai ch’ìat a pod’èssi l’orgoglio della Sezione, potrebbe far parte anche lui del Direttivo, per i suoi meriti di valoroso combattente, ca po su restu no iscit né liggi né iscriri	E pensare che potrebbe essere l’orgoglio della Sezione, potrebbe far parte anche lui del direttivo per i suoi meriti di valoroso combattente, ché per il resto non sa né leggere né scrivere
Ma Su Maistu no iscìat ca in Sa Prazzitta, cand’ìat cumenzau sa parlata, ddui fut Luisicu puru, ascurtendu, in d’unu corrazzu ’e su portali ’e Tiu Màuru, accantu Brigata Lepre no ddu podìat biri	Ma Su Maistu non sapeva che in Sa Prazzitta, quando aveva incominciato a parlare, c’era anche Luisicu, che lo ascoltava quasi nascosto in un angolo del portale di Tiu Màuru, dove Brigata Lepre non poteva vederlo
Candu Su Maistu ìat acabau e s’indi fut andau, issu puru fut torrau a domu	Quando Su Maistu aveva finito ed era andato via, anche lui era rincasato
In sa ’ia ìat agatau a Elias:	Per strada lo aveva incrociato Elias:
“Ebbenis, aiutante, eita ’ndi ddi pàrit de custu Partidu Sardu?”.	“Ebbene, aiutante, cosa gliene sembra di questo Partito Sardo?”.
“A mei	“A me
Nudda No m’interèssada	Nulla, non mi interessa
Deu no seu né contadino, né pastore, né artigiano, e prus pag’ancora propietàriu	Io non sono né contadino, né pastore, né artigiano e meno ancora proprietario
Quindi no è su partidu miu, è su partidu insoru”.	Quindi non è il mio partito, è il loro partito”.
Ma comenti si fàit a arrexonai cun cussu dimóniu, chi mi zérriat comenti mi zérriat	Ma come si fa a discutere con quel demonio, che mi chiama come mi chiama
Poi, tot’in d’una, ddi fut benìa un’idea, s’idea giusta	Poi, d’improvviso, gli era venuta un’idea, l’idea giusta
S’ìat pigau sa conca a pinnigosus: “Ma comenti dimóniu no ddu apu penzau prima, conch’e molenti chi no se’ àturu	Si era preso la testa a pugni: “Come diavolo non ci ho pensato prima, testa d’asino che sono
A cust’ora Luisicu sarebbe stato dei nostri da un pezzo”.	A quest’ora Luisicu sarebbe stato dei nostri da un pezzo”.
Ìat pigau paperi e pinna e ìat cumenzau a iscriri:	Aveva preso carta e penna ed aveva incominciato a scrivere:
“Caro Lussu…”.	“Caro Lussu…”.
A Biddanoa automóbilis ind’arribànta dus o tres in totu s’annu, e totus de Casteddu	A Biddanoa automobili ne arrivavano due o tre in tutto l’anno, e tutte da Cagliari
De Cuccuru ’e Callia is piccioccheddus bìanta sa nui ’e su prùini calendu in Tacchenurri cun s’automobili a ananti, e dda sighìanta cun is ogus finzas a Cantonera ’e Stuppara Tandu, si s’automobili sighìat derettu, comenti suzzedìat giai sèmpiri, bolìat nai ca fut andendu facci a s’Ollasta, a Seui o a Lanusei, mentris si furriàt a manu ’e manca fut benendu a bidda	Da Cuccuru ’e Callia i ragazzini vedevano la nube di polvere scendere da Tacchenurri con l’automobile davanti e la seguivano con gli occhi fino alla cantoniera di Stuppara: se l’automobile continuava diritta, come accadeva quasi sempre, significava che era diretta in Ogliastra, a Seui o a Lanusei, mentre se svoltava a sinistra stava venendo in paese
Custu fut benendu a bidda	Questa stava venendo in paese
Àturus piccioccheddus, chi dd’ìanta bistu chini scit de innui, forzis de Pala ’e Nuraxi, fùant accudendu issus puru	Altri ragazzini, che l’avevano avvistata chissà da dove, forse da Pala ’e Nuraxi, stavano accorrendo anch’essi
Candu s’automobili fut arribau a Cuccuru ’e Callia, sa truma de is piccioccheddus iscurzus e iscorriàus dd’ìat postu infattu, scummittendu a chini ìat èssi arrennésciu a arribai a Sa Prazzitta impari cun s’automobili	Quando l’automobile apparve in Cuccuru ’e Callia, i ragazzini scalzi e laceri le corsero dietro, scommettendo a chi sarebbe arrivato a Sa Prazzitta insieme ad essa
Ingiriàus de is piccioccheddus, su sciaferru e s’àturu sennòri si fùanta fattus accumpangiai a domu ’e Luisicu	Attorniati dai ragazzini, lo “chauffeur” e l’altro signore si erano fatti accompagnare in casa di Luisicu
Issu ddus ìat bistus intrendu in prazza e si fut móviu po ddus adobiai	Lui li aveva visti entrare in cortile e gli era mosso incontro
“Oh, Aresu”.	“Oh, Aresu”.
“Bongiorno, aiutante, come sta?”.	“Bongiorno, aiutante, come sta?”.
Su sciaferru si fut postu sull’attenti e ìat presentau s’àturu, una persona di fiducia del capitano Lussu	Lo chauffeur si era messo sull’attenti ed aveva presentato l’altro, una persona di fiducia del capitano Lussu
Fùant intraus in domu, e Luisicu ìat presentau a Sara, la mia signora	Erano entrati in casa e Luisicu aveva presentato Sara, la mia signora
“Si accomodino”.	“Si accomodino”.
“Aiutante – ìat cumenzau la persona di fiducia – il Capitano la vuole vedere	“Aiutante – aveva cominciato la persona di fiducia – il capitano la vuole vedere
Se vuole venire con noi, domani stesso la torniamo ad accompagnare qui in paese, con l’automobile”.	Se vuole venire con noi, domani stesso la torniamo ad accompagnare qui in paese con l’automobile”.
(Casteddaiu, ìat penzau Luisicu, si cumprèndit de su fueddari).	(Cagliaritano – aveva pensato Luisicu – si capisce da come parla).
Fut accanta ’e mesudì:	Era vicino mezzogiorno:
“Prima pigaus unu bucconi”.	“Prima prendiamo un boccone”.
(Su capitanu mi òllit biri, apusti de dus annus Eita at a bolli).	(Il capitano vuole vedermi, dopo due anni Cosa vorrà).
Sa cosa ddi fìat prexeri, tenìat prexeri de ddu biri issu puru	La cosa gli faceva piacere, anche lui sarebbe stato contento di vederlo
Ma a su própiu tempus fut benendiddi comente una duda, chi su capitano dd’èssit zerriau po ddi donai un’órdini chi pagu dd’ìat èssi pràxiu	Ma allo stesso tempo gli veniva un sospetto, che il capitano l’avesse mandato a chiamare per dargli un ordine che poco gli sarebbe andato a genio
(Signor capitano, deu de sa guerra m’ind’ìa a bolli scaresci, finzas, poita mi pàrit ca no è serbìa a nudda, nì e mei nì a is àturus	(Signor capitano, io la guerra me la vorrei dimenticare, perché mi sembra che non è servita a nulla, né a me né agli altri
Gei ddu scit ca a mei m’anti donau medàllias e promozionis, ma no m’anti donau sa rafferma, che is àturus, e i custu mi pàrit una beffa, ca chi serbìa a calincuna cosa in tempu’ de guerra, ìap’èssi serbìu in tempu’ de paxi puru	Lei sa che mi hanno dato medaglie e promozioni, ma non mi hanno dato la rafferma come agli altri; e questo mi sembra una beffa, perché se servivo a qualche cosa in tempo di guerra, potevo servire anche in tempo di pace
Deu no iscìu fai nudda, no tèngiu nì arti nì parti, e i sa famìllia è crescendu	Io non so fare nulla, non ho né arte né parte, e la famiglia sta crescendo
Cudda parìga ’e soddus chi m’ia postu a parti funt’annendusindi	Quelle poche lire che avevo messo da parte se ne stanno andando
Penzioni no ’ndi tèngiu…).	Pensione non ne ho…).
(No mi seu scrittu a s’Associazioni ’e is Cumbattentis poita, si dd’apu nau, m’indi ’ollu scaresci de sa guerra	(Non mi sono iscritto all’Associazione dei Combattenti perché, glielo ho detto, mi voglio dimenticare della guerra
E poi Brigata Lepre pagu mi pràxidi).	E poi Brigata Lepre poco mi piace).
(Signorsì, cussu Calincunu nat ca fut finz’e imboscau, inveci pàrit chi sìat ferito di guerra, sa penzioni dda pìgat de seguru).	(Signorsì, quello Qualcuno dice che era anche imboscato, invece pare che sia ferito di guerra, la pensione la prende di sicuro).
(Deu no ddu scìa).	(Io non lo sapevo).
(A mei	(A me
No ddui creu meda).	Non ci credo molto).
(Sardista	(Sardista
Deu	Io
De politica no ’ndi cumprendu nudda, seu analfabetu, gei ddu scidi).	Di politica non ne capisco nulla, sono analfabeta, lei lo sa).
(Si custu est un’órdini, mi pràxat o no, ap’a fai comente is àtara’ bòrtas, in trincera	(Se questo è un ordine, mi piaccia o no, farò come le altre volte, in trincea
Ma crètada: ìa a bolli affrontai prusu mill’austriacus chi no andai accantu ’e i cussu).	Ma creda: vorrei affrontare meglio mille austriaci che andare da quello).
(Ma, mi pàrit ca fut mellus tandu).	(Mah, mi sembra che era meglio allora).
(M’ìat a fai prexeri meda).	(Mi farebbe molto piacere).
Apusti xena, a iscurìu, comenti Su Maistu s’ìat abettau, is propietarius fùant arribaus	Dopo cena, al buio, come Su Maistu aveva previsto, i proprietari erano arrivati
In tres, tres de is prus anzianus, ma si cumprendìat ca no fùanta benìus po contu insoru sceti	In tre, tre dei più anziani, ma si capiva che non erano venuti solo per proprio conto
Ìanta cumenzau fendu un’ingìriu mannu, fueddendu ’e su tempus, abrili at mortu su babbu a frìus, de su bentu estu, chi su mengianu no ìat permìttiu mancu de intendi beni sa parlata ’e Su Maistu, poi, a pag’a pagu, ci dd’ìant acabàda in “polìtica”.	Avevano incominciato con un giro di parole, parlando del tempo, “aprile ha ucciso il padre col freddo”, del maestrale che la mattina non aveva nemmeno permesso di sentir bene la “parlata” di Su Maistu, poi, piano piano l’avevano buttata in “politica”.
Su Maistu, cun d’unu pagu ’e maravìllia, si fut accatau ca calincuna cosa de politica ’ndi cumprendìanta, is cosas chi ddis interessànta, assummancu	Su Maistu, con una certa meraviglia, aveva notato che qualcosa di politica la capivano, le cose che li interessavano direttamente, almeno
De seguru, in is elezionis de su dexennoi no depìant ai votau senza ’e sciri su chi fìanta: calincunu ddus depìat ai cunzillaus	Di sicuro nelle elezioni del diciannove non avevano votato senza sapere ciò che facevano: qualcuno doveva averli consigliati
“Innoi in bidda, sa bona parti at votau Sanjust, de su partidu popollari, e gì è bessìu, ma génnuru miu, su marisciallu, m’at nau ca in totu su Campidanu est istétiu su chi at pigau pru’ votus, apusti ’e Carboni-Boi”.	“Qui in paese, buona parte degli elettori ha votato Sanjust, del partito popolare, ed è stato eletto, ma mio genero, il maresciallo, mi ha detto che in tutto il Campidano è stato quello che ha ottenuto più voti, dopo Carboni-Boi”.
“Beh, in Campidanu, si cumprèndidi, anti votau totus a ‘Due spighe’. Cussus candu binti spìgasa, si ’èttanta che cruculleus, no binti che i su trigu”.	“Beh, in Campidano, si capisce, hanno votato tutti ‘Due Spighe’. Quelli quando vedono spighe si buttano come passeri, non vedono che grano”.
“Eita ’òllis chi èssinti votau, ‘Falce e Martello’, sa giustizia ddus crùxada	“Cosa vuoi che votassero, Falce e Martello, la giustizia li perseguiti
Mancu malli ca in Sardìnnia de is sociallistas chi si fùanta postus candidaus no nd’at bessìu manc’unu”.	Meno male che dei socialisti che si erano presentati candidati non né è uscito nemmeno uno”.
“Grazias a Deus	“Grazie a Dio
Chindighinò una dì o s’àtara s’ind’ìant’èssi pigau finzas e i cussa parìga ’e mois de terra, coment’anti fattu in Russia”.	Se no un giorno o l’altro ci avrebbero tolto anche quella poca terra che possediamo, come hanno fatto in Russia”.
Su Maistu scurtàt e no naràt nudda: fut abettendu chi èssinti fatt’issus sa primu mossa, poi ìat èssi nau su chi depìat nai	Su Maistu ascoltava e non interveniva: attendeva che facessero la prima mossa, poi avrebbe detto ciò che doveva dire
Ma ìat dépiu abettai ancora:	Non aveva dovuto attendere molto:
“Custu Partidu Sardu…”.	“Questo Partito Sardo…”.
“Dónnia partidu, comenti m’at nau génnuru	“Ogni partito, come ha detto mio genero
(si fut firmau), dónnia partidu tènit unu progammu	(aveva taciuto per un po’) ogni partito ha un suo programma
Nòsu timeus, po sa beridadi, ca sigomenti custu partidu nou dd’anti fattu is cumbattentis, e is cumbattentis, custu’ de Iddanoa, salvu fustei, funti genti chi no possìdinti nudda, no iàus a bolli chi cudda storia chi s’è lìggia meda’ bòrtas in su giornalli, la terra ai contadini, no fèssit in su progammu de su Partidu Sardista	Noi temiamo, per la verità, che siccome questo nuovo partito l’hanno fondato i combattenti, e i combattenti, questi di Biddanoa, salvo lei, sono gente che non possiede nulla, non vorremmo che quella storia che si è letta molte volte sui giornali, la terra ai contadini, rientrasse nei programmi del Partito Sardista
Sa cosa no s’ìat a praxi”.	La cosa non ci piacerebbe”.
“Deu seu ’enìu poita apu penzau ca Su Maistu un’arrogheddu ’e terra ddu tènit issu puru, e ca no ìat a fai prexeri mancu a issu, a dda ’onai ai ‘contadini’”.	“Io sono venuto perché ho pensato che Su Maistu un pezzetto di terra lo possiede anche lui, e che nemmeno a lui farebbe piacere darlo ai contadini”.
“Génnuru miu (custa borta no si fut firmau in tempus) m’at nau ca in callincuna ’idda ’e Campidanu is cumbattentis anti fattu cooperativas…”.	“Mio genero (stavolta non si era fermato in tempo) mi ha detto che in qualche paese del Campidano i combattenti hanno costituito cooperative…”.
“Un’àtara cosa: m’anti nau ca zertus cumbattentis bòllinti separai sa Sardìnnia de s’Itallia, in manera chi sìat po contu suu	“Un’altra cosa: mi hanno detto che certi combattenti vogliono separare la Sardegna dall’Italia, in maniera che stia per conto suo
Deu ìa a bolli sciri si su Partidu sardu è de cust’idea	Io vorrei sapere se il Partito Sardo è di quest’idea
A mei idea ’ona no mi pàridi	A me idea buona non sembra
Su rèi è su rèi”.	Il re è il re”.
Immoi parìat chi no èssinti tentu de domandai prus nudda, e toccàt a Su Maistu a ispiegai su “progammu” del Partito Sardo d’Azione	Adesso sembrava che non avessero altro da chiedere e toccava a Su Maistu spiegare il programma del Partito Sardo d’Azione
No, un’ùrtima cosa:	No, un’ultima cosa:
“Comenti at ai cumpréndiu, nosu no seu’ benìus po contu nostu sceti, ma po contu di àturus puru, amigus e parentis	“Come avrà capito, noi non siamo venuti per conto nostro soltanto, ma anche per conto degli altri, parenti e amici
Si sa cosa s’àndat beni, a nosu i a issus, in sa lista de su Partidu Sardu iàus a bolli scriri is piccioccheddus puru, impari cun nosu”.	Se la questione va bene a noi e a loro, nella lista del Partito Sardo vorremmo iscrivere anche i ragazzi, insieme a noi”.
“Benissimo – ìat nau Su Maistu – si mi permitteis voglio dirvi ca mi pàrit che avete capito perfettamente quali sono le finalità del Partito Sardo d’Azione	“Benissimo – aveva detto Su Maistu, intervenendo finalmente – se mi permettete voglio dirvi che mi sembra che abbiate capito perfettamente quali sono le finalità del Partito Sardo
Innantis de dónnia cosa voglio dirvi che il nostro non è un partito separatista, l’Italia è pur sempre la Patria comune e la monarchia non è in discussione	Prima di tutto voglio dirvi che il nostro non è un partito separatista L’Italia è pur sempre la patria comune, e la monarchia non è in discussione
Il nostro impegno è quello di promuovere la rinascita della Sardegna (e fattu-vattu, senza chi cuddus s’ind’èssinti sapìus, ghettàt un’oghiàda allo ‘Statuto del Partito Sardo d’Azione’, chi portàt a ananti, in su taulinu) tutelandone gli interessi a mezzo di organi regionali (forzis no ’ndi cumprèndinti meda, ma in italianu fàit prus effettu) per ottenere l’autonomia economica ed amministrativa, che è cosa diversa dal separatismo, chiamando rappresentanti delle classi agricole, chi seis bosàturus, (ma no ìat lìggiu ‘ed operaie’) a sostenere nelle amministrazioni, cioè in is cunzillus cumunalis, i loro interessi, che sono gli interessi vitali dell’Isola	Il nostro impegno è quello di promuovere la rinascita della Sardegna (e di tanto in tanto, senza che quelli se ne accorgessero, buttava un’occhiata allo ‘Statuto del Partito Sardo d’Azione’ che aveva davanti, sul tavolo) tutelandone gli interessi a mezzo di organi regionali (forse non ne capiscono molto, ma in italiano, si sa, fa più effetto) per ottenere l’autonomia amministrativa ed economica, che è cosa diversa dal separatismo, chiamando rappresentanti delle classi agricole, che siete voi (ma non aveva letto ‘ed operaie’), a sostenere nelle amministrazioni, cioè nei consigli comunali, i loro interessi, che sono gli interessi vitali dell’isola
A custu propósitu, deu speru che alle prossime elezioni amministrative, candidendusì bosàturus puru, si possa ottenere la maggioranza al Consiglio Comunale	A questo proposito, io spero che alle prossime elezioni amministrative, candidandovi anche voi, si possa ottenere la maggioranza al consiglio comunale
Comenti bieis, funti cosas chi tòrrant a contu prus a voi proprietari che ad altre categorie	Come vedete, sono cose che convengono più a voi proprietari che ad altre categorie
In cantu alle cooperative, no depeis timi nudda, poita (un’àtara oghiàda allo ‘Statuto’), perché alle cooperative dovranno essere concesse le terre demaniali valorizzate, e in Biddanoa no c’indi funti	In quanto alle cooperative, non dovete temere nulla, perché (un’altra occhiata allo ‘Statuto’), perché alle Cooperative dovranno essere concesse le terre demaniali valorizzate, e in Biddanoa non ce ne sono
Quindi, torr’a nai, il programma del Partito Sardo d’Azione sembra fatto proprio nell’interesse dei proprietari terrieri come voi	Quindi, torno a dire, il programma del Partito Sardo d’Azione sembra fatto proprio nell’interesse dei proprietari terrieri come voi
E sigomenti mi pàrit ca c’est una cosa chi si preóccupat meda, arregordaisì che la Russia è tanto, tanto lontana anche dai nostri pensieri, e che se in Sardegna c’è un anticomunista convinto, questo si chiama Emilio Lussu	E siccome mi sembra che c’è una cosa che vi preoccupa molto sappiate che la Russia è tanto, tanto lontana anche dai nostri pensieri, e che se in Sardegna c’è un anticomunista questo si chiama Emilio Lussu
A dónnia modu, a mèi m’at fattu meda prexeri chi siais benìus, e m’at a fai prus prexeri ancora se verranno da me anche le persone che, per così dire, rappresentais	Ad ogni modo, a me ha fatto molto piacere che siate venuti, e mi farà ancora più piacere se verranno da me anche le persone che, per così dire, voi rappresentate
Anzi aggiungo, data la fiducia chi tengu in bosàturus, non appena verrà completata la Sezione con l’iscrizione, come spero, vostra e dei vostri amici e parenti, avrei piacere che uno di voi assumesse la carica di cassiere”.	Anzi aggiungo, data la fiducia che ho in voi, che non appena verrà completata la Sezione con l’iscrizione, come spero, vostra e dei vostri parenti ed amici, avrei piacere che uno di voi assumesse la carica di cassiere”.
Cunvìntus	Convinti
Tre domande d’ammissione firmàdas illuegu, e una bintina sa dì infattu	Tre domande d’iscrizione firmate subito, e una ventina l’indomani
Torrau de Casteddu, po Luisicu fut comente chi fèssit intrau in s’Ortu ’e is Olìas	Tornato da Cagliari, per Luisicu era come se fosse entrato nell’Orto degli Ulivi
Tres dis, c’ìat penzau, prima di andai a domu ’e Su Maistu	Tre giorni, ci aveva pensato, prima di andare in casa di Su Maistu
In cussas tres dis ìat frastimau, si fut pistau, si fut mesu cottu (issu chi pagu e nudda buffàda), e apustis chi si fut isfogau, in calincuna manera, e si fut assegurau di èssi ancora capassu de tenni is nérbius a frenu, si fut dezìdiu	In quei tre giorni aveva bestemmiato, si era dibattuto, si era quasi ubriacato (lui che poco beveva) e dopo che in qualche modo si era sfogato e si era assicurato di essere ancora capace di tenere i nervi a freno, si era deciso
Su Maistu fut abettendiddu:	Su Maistu stava aspettandolo:
“Mi fàit prexeri de ti biri, Luisicu”.	“Mi fa piacere vederti, Luisicu”.
Ma Luisicu tenìat pagu gana de fai arràllas:	Ma Luisicu aveva poca voglia di fare chiacchiere:
“Seu ’enìu po mi scriri in sa lista ’e is cumbattentis, e in cudd’àtara, in sa lista de su Partidu Sardu”.	“Sono venuto per iscrivermi nella lista dei combattenti E in quell’altra, la lista del Partito Sardo”.
Luisicu mudu, abettendu	Luisicu zitto, in attesa
Su Maistu si fut castiau beni de ’ndi tirai cudda chistioni de sa Brigata Lepre, però, mancai no fèssit ómini malu, una soddisfazioni si dd’ìat bófia pigai	Su Maistu si era guardato bene dal tirare in ballo la storia della Brigata Lepre, però, quantunque non fosse cattivo, un gusto aveva voluto toglierselo
Sciendu ca Luisicu fut analfabeta, ddi fàit, apporrendiddi dus follus de paperi protocollo:	Sapendo che Luisicu era analfabeta, gli fa, porgendogli due fogli di carta protocollo:
Calmu, Luisicu:	Calmo, Luisicu:
“Gei ddu scit ca deu sciu ponni sa frima ebbìa	“Lei sa bene che io so mettere solo la mia firma
Chi ddi bàstat, beni, chindighinò seu annendumindi”. E s’indi fut pesau	Se le basta, bene, se no me ne sto andando”. E si era alzato
Su Maistu scìat ca Luisicu s’ind’ìat èssi póziu andai diadéru, e dd’ìat fattu firmai is domandas, già predisposte	Su Maistu sapeva che Luisicu avrebbe potuto farlo davvero, non gli era rimasto che fargli firmare le domande già predisposte
Ìat abertu sa credenza e fut pighendu una carraffina:	Aveva aperto la credenza ed aveva preso una bottiglia di vino
“Lèssit, lèssit, tèngiu cosa ’e fai”.	“Lasci, lasci, ho da fare”.
Candu fut bessendinci, Su Maistu dd’ìat firmau:	Quando stava uscendo Su Maistu l’aveva trattenuto:
“Senti Luisicu, sigomenti bivis in su bixinau ’e Federicu, e mi pàrit ca seis finzas e parentis, di attesu, no ddu ìast a podi ponni unu fueddu po fai iscriri a issu puru, mancai all’Associazione Mutilati e Invalidi?”.	“Senti, Luisicu, siccome abiti nel vicinato di Federicu, anzi mi sembra che siate anche parenti, da lontano, non potresti mettere una buona parola per far iscrivere anche lui almeno nell’Associazione Mutilati e Invalidi?”.
“Nossi Federicu fut bombardieri, i a issu su capitanu Lussu no ddu connoscìada”.	“Nossignore, Federicu era bombardiere, e a lui il capitano Lussu non lo conosceva”.
– Unu de cuddus setti dimónius chi portàt sèmpiri piccigaus a paneri, dd’ìat fattu sa conca che unu caiddu cun is contu’ de is fémina’ maurrèddasa Àturu che campidanèsasa Mancai, no fùanta biancas che i sa nì, comente is campidanèsasa, ma po curri a parìllia	– Uno di quei sette demoni che portava sempre attaccati dietro gli aveva fatto la testa come un alveare con i racconti delle donne del Sulcis: forse non erano bianche come le campidanesi, ma per correre a pariglia
Sèmpiri insuias, andànta in i’ medaus a de dì i a de notti, circhendu a chini ddasa scraffi	Sempre in calore, andavano per la campagna, negli ovili, di giorno e di notte, cercando chi le grattasse
E ind’aguantànta ’e pillona: pàssas e pàssasa	E ne agguantavano, di fava, bracciate e bracciate
– Antoni Maria innanti dd’ìat lassau cantai, o aici fut partu, ma a agoa, una notti, ’ndi ddus ìada scidaus totu a is setti e fùanta móvius	– Antoni Maria prima l’aveva lasciato cantare, o così era sembrato, ma una notte li aveva svegliati tutti e sette ed erano partiti
– Comenti fìat sèmpiri, no ddis ìat nau accantu depìant andai	– Come faceva sempre, non aveva detto dove erano diretti
E cammina cammina, ci fùanta ’mbàttius in sa Maurreddìa	E cammina, cammina, erano finiti nel Sulcis
– A Antoni Maria no ddu ìat bisóngiu de dd’amostai logu perunu, issu connoscìat dónnia logu, scìat sèmpiri accantu fudi, mancai no ddu èssidi mai stétiu	– Ad Antoni Maria non c’era bisogno d’indicargli strade o luoghi, lui conosceva ogni luogo, sapeva sempre dove si trovava quantunque non vi fosse mai passato prima
A de dì si frimànta in callincunu furriadróxu abbandonau, i a su scorigadróxu torrànt a movi	Di giorno si fermavano in qualche casolare abbandonato, di notte ripartivano
Ma a Antoni Maria parìat chi nì su logu, nì is féminas chi bìada dd’èssinti pràxia’ meda	Ma ad Antoni Maria sembrava che né i luoghi, né le donne che vedeva fossero di suo gradimento
– Ma ìat sighìu a andai, de ’idda in bidda, finzas a chi su dimóniu chi portàda in crópusu ci dd’ìat fattu ’essìri a una idda mannita chi ddi narànta Sant’Antiogu	– Così aveva proseguito, di paese in paese, fintanto che il demonio che portava in corpo l’aveva fatto arrivare nei pressi di un paese piuttosto grandetto che si chiamava Sant’Antiogu
Custa idda parìat posta in mesu mari, ma no fut beru, ca ddu ìat unu camminu chi andàt finz’a terra, cun d’unu pontixeddu a s’acabàda	Questo paese sembrava piantato in mezzo al mare, ma non era così, perché c’era un cammino che arrivava a terra, con un ponticello alla fine
– Sigomenti candu fùant arribaus a pagu trettu ’e sa idda ci ollìat meda a obresci, e fùanta fadiàusu, Antoni Maria ci ddus ìat portaus in d’una grutta chi scìat issu, prena ’e tidòris, e i si fùanta crocaus	– Siccome quando erano arrivati nei pressi del paese mancava molto ad albeggiare ed erano stanchi, Antoni Maria li aveva portati in una grotta che lui conosceva, piena di colombacci, e si erano coricati
– Ma ìant appena serrau is ogus, chi unu sonu ’e scuppettadas ddus fàit saddìri	– Ma non avevano ancora chiuso gli occhi che un rumore di schioppettate li fa sussultare
Allùtanta is orìgas e indi ’èssint a forasa sprapalloccendu is ògus	Drizzano le orecchie e si precipitano fuori della grotta spalancando gli occhi
– Ddu ìat lugori, i Antoni Maria ìat apubau, in s’óru ’e su mari, unu bastimentu	– C’era la luna e Antoni Maria aveva visto, sulla riva del mare, un bastimento
De su bastimentu fùanta callendindi, a trùmasa, óminis cun d’una spézia ’i ’estìri biancu, una daga in sinzu e una scuppetta, e currìanta facci a bidda sparendu: morus, fùanta, aràbus, benìus di ’omu ’e dimónius po torrobai e furai feminas i óminis	Dal bastimento scendevano a torme uomini con una specie di vestito bianco, una daga alla cintura e uno schioppo in mano, e correvano verso il paese sparando: mori, erano, arabi venuti da casa del demonio per derubare e rapire donne e uomini
De is feminas gei scìanta eita ’ndi fai, is óminis ddusu bendìanta comente iscraus, chini scit einnui	Delle donne sapevano cosa fare, gli uomini li avrebbero venduti come schiavi, chissà dove
– Antoni Maria ìat donà’ órdini a i cuddus setti de no si movi ’e sa grutta: s’Eremigu chi fut a cumandu suu dd’ìada giai nau su chi depìat fai: s’ànima no s’idd’ìat bendìa po debadas	– Antoni Maria aveva ordinato a quei sette di non muoversi dalla grotta Intanto il Demonio che era al suo comando gli aveva già suggerito ciò che doveva fare: l’anima non gliela aveva venduta per nulla
– Chino bollìat issu, a Antoni Maria no ddu bìat nèmusu, no ddu ’ntendìat nèmusu, nì a issu nì a s’ègua sua niedda, chi no lassàt arrastu mancai fèssit passàda in s’arena ’e su mari	– Se lui non voleva, Antoni Maria non lo vedeva nessuno, non lo sentiva nessuno, né lui né la sua cavalla nera, che non lasciava traccia nemmeno se passava sulla sabbia del mare
– A cuaddu, a bell’a bellu, Antoni Maria ci fut accostiau facci a su bastimentu e i si fut cuau	– A cavallo, piano piano, Antoni Maria si era avvicinato al bastimento e si era nascosto
E ìat biu ca candu totu is aràbus cun sa scuppetta ’ndi fùanta callaus, genti chi depìat èssi abarrada in su bastimentu c’ìada ’ntrau sa scalla chi arribàt finz’a terra	Ed aveva visto che quando gli arabi con lo schioppo erano scesi tutti, gente che era rimasta sul bastimento aveva tirato dentro una scala che arrivava fino a terra
– Immoi, aillàgru, s’intendìanta scuppettadas, zérrius i aggiutóriusu	– Adesso, lontano, si sentivano schioppettate, urla e grida di aiuto
– Antoni Maria ’ndi fut callau ’e cuaddu, ìat accappiau s’ègua a una barca ’èccia, e i si fut accostiau ’e prus a su bastimentu, scurtendu: s’intendìanta fueddus chi no cumprendìada, boxis accuzzas fueddendu a léstur’a lésturu, àtaras fueddendu in gùtturu, e genti arriendu: feminalla	– Antoni Maria era sceso da cavallo, l’aveva legato ad una barca vecchia e si era avvicinato al bastimento, tendendo l’orecchio: gli erano arrivate parole che non comprendeva, voci acute e svelte, altre gutturali e gente che rideva: femminaglia
Coixedda no dd’ìat contau fràullas mancu custa ’orta	Coixedda non gli aveva raccontato balle nemmeno stavolta
– No ddu ìat pru’ lugori, ma in su scorìu, cun is ogus chi portàda, Antoni Maria ìat biu una funi grussa che i su brazzu, chi andàt de su bastimentu finz’a terra, accantu fut accappiàda a una ’itta	– Non c’era più la luna, adesso, e, con occhi che attraversavano il buio, Antoni Maria aveva visto una fune grossa come un braccio che scendeva dal bastimento fino a terra, dove era legata ad una bitta
– Lésturu che unu ’attu, si fut piccigau a sa funi, e che unu ’attu ci fut arziau a su bastimentu chenz’’e fai perunu stragazzu	– Svelto come un gatto, si era attaccato alla fune, e come un gatto era salito sul bastimento senza fare rumore
Sa genti chi fut aintru no si fut accatàd ’e nudda	La gente che era dentro non si era accorta di nulla
Si fut inténdiu sceti unu pagu ’e trumbullu, poi nudda	Da fuori si era udito un po’ di strepito, poi nulla
Apusti de unu pagheddu de su bastimentu ’ndi fut torràda a bessìri cudda scalla longa	Dopo un certo tempo dal bastimento era venuta fuori di nuovo la scala lunga
Candu fut arribada a terra, in punta ’e sa scalla, in artu, ddui fut Antoni Maria	Quando la scala aveva toccato terra, in cima c’era Antoni Maria
E infattu suu, masedas che angioneddas, tres aràbas	E dietro di lui, mansuete come agnelline, tre arabe
Issas puru portànta unu ’estìri longu finz’a peis e fùanta trogadas cun d’unu lenzoru	Anche loro portavano un vestito lungo fino ai piedi ed erano avvolte in un lenzuolo
In facci portànt unu muccadori, si ddisi bìanta sceti is ogus, nieddus che i sa pixi	Sul viso avevano un fazzoletto che lasciava vedere solo gli occhi, neri come la pece
E bèllasa, depìant èssi: Antoni Maria, cun s’aggiudu de totu’ i’ dimónius, gei scìada sceberai	E belle, dovevano essere: Antoni Maria, con l’aiuto di tutti i demoni, le sapeva scegliere bene, le sue pecorelle
Àturu che maurreddas cullu bàsciu	Altro che sulcitane culo basso
– Candu is sètti dimónius ddas ìanta bias intrendu in sa ’rutta, tot’a is tres in pizzu’ de s’ègua niedda di Antoni Maria, biancas che tres pantàsimas, fùant abarraus e bucca aberta	– Quando i sette diavoli le avevano viste entrare nella grotta, tutte e tre sulla cavalla nera di Antoni Maria, bianche come tre fantasmi, erano rimasti a bocca aperta
Ma Antoni Maria no ddis ìat donau mancu su tempu’ de dda serrai, ca fùanta giai in camminu, conca a bidda	Ma Antoni Maria non gli aveva dato nemmeno il tempo di chiuderla che erano di nuovo in cammino, verso Biddanoa
– A pàllasa ’nsoru s’intendìant ancora is aràbusu sparendu, e i sa genti de Sant’Antiogu aboxinendu e prangendu	– Alle loro spalle si sentivano ancora gli arabi che sparavano, e la gente di Sant’Antiogu che urlava e piangeva
De Casteddu fùant arribàdas is divisas, una trintina, po moi	Da Cagliari erano arrivate le divise, una trentina, per adesso
A Luisicu Su Maistu s’inci dd’ìat mandàda a domu cun Elias, no bolìat chi èssit cambiau idea	A Luisicu Su Maistu gliela aveva mandata a casa con Elias, non voleva che cambiasse idea
Candu fut intrau Elias, Luisicu no fut in domu	Quando era entrato Elias, Luisicu non era in casa
Sara ìat pigau sa divisa, pantalonis grigioverdi e camicia grigia, e dd’ìat posta in pizzu de su lettu, castiendu cun curiosidadi su stemma con i “Quattro Mori” chi bìat po sa primu borta	Sara aveva preso la divisa, pantaloni grigioverdi e camicia grigia, e l’aveva messa sul letto, guardando con curiosità lo stemma con i “Quattro Mori”, che vedeva per la prima volta
No ddi praxìat, cussa divisa, no parìat mancu una divisa	Non le piaceva, questa divisa, non sembrava nemmeno una divisa
Ìat provau a s’inci stesiai ’e su lettu e a dda castiai di aillargu, ma fut su própiu	Aveva provato ad allontanarsi e a guardarla da lontano ma era la stessa cosa
No, no si podìat paragonai a sa divisa di aiutante di battaglia, con i gradi in argento, chi una dì Luisicu s’ind’ìat dépiu bogai cun grandu disprexeri, e chi issa, Sara, ìat allogau in su guardaroba tocchendidda appenas cun sa punta ’e is didus, comente chi fèssit su bestìri de unu santu	No, non la si poteva paragonare alla divisa di aiutante di battaglia, con i gradi d’argento, che un giorno Luisicu aveva dovuto togliersi con suo grande dispiacere, e che lei, Sara, aveva conservato nel guardaroba toccandola appena con la punta delle dita, come se fosse il vestito di un santo
Cust’àtara divisa fut lèggia, sa camisa parìat una camisa ’e crabonaiu, cun cuddas quattru faccis nieddas a sa parti ’e su coru, bendate, chini scit poita, e is pantalonis grussus, mali fattus	Quest’altra divisa era brutta, la camicia sembrava quella di un carbonaio, con quelle quattro facce nere dalla parte del cuore, bendate, chissà perché, e i pantaloni mal fatti
No fut mancu segùra chi Luisicu si dd’èssit posta mai, cussa divisa, poita a Luisicu ddi fùanta pràxias sèmpiri is divisas beni fattas, de pannu fini, finzas e in trincera	Non era nemmeno certa che Luisicu l’avrebbe indossata quella divisa, perché a Luisicu erano sempre piaciute le divise ben fatte, di panno fino, anche quando era in trincea
De sa divisa ’e sardista fùanta chistionendindi in medas domus, sa dì	Della divisa da sardista stavano parlandone in molte case, quel giorno
No fut una cosa ’e nudda, po Biddanoa, una divisa de portai totus impari, una trintina ’i óminis, che una divisa ’e sordau	Non era un avvenimento da nulla, per Biddanoa, una divisa da portare tutti insieme, una trentina di persone, come una divisa da soldato
A is giòvunus chi no ìanta fattu sa guerra, e forzis dd’ìant’èssi bófia fai, a is fillus de is propietarius, ddis fut pràxia luegu, però: fut sèmpiri una divisa, mancai èssint iscìpiu ca cun cussa divisa no ìant èssi póziu fai is cosas ch’ìanta fattu is cumbattentis, anzis, ca cussa divisa no ddis ìat èssi serbìa mancu po ci bessìri ’e bidda	Ai giovani che non avevano fatto la guerra, e che forse avrebbero voluto farla, ed ai figli dei proprietari, era piaciuta subito, però: era sempre una divisa, benché sapessero che con questa non avrebbero potuto fare ciò che avevano fatto i combattenti, anzi non sarebbe servita nemmeno per uscir fuori dal paese
Ma fut mellus de nudda	Ma era meglio di nulla
E poi depìant obbidiri a babbai	E poi dovevano ubbidire a babbo
A is cumbattentis fùanta pràxius fetti is pantalonis grigioverdi cun is fàscias	Ai combattenti erano piaciuti solo i pantaloni grigioverdi con le fasce
Po is cumbattentis is pantalonis grigioverdi fùanta che una bandera, una maja, un’incantu, prus che un’arregodu	Per i combattenti i pantaloni grigioverdi erano una magìa, un incanto, più che un ricordo
Fùanta su trastu prus bellu, su chi si podìanta ponni, immoi, su domìnigu e in is dis de festa, cun sa giacchetta de lana o de pannarrigàda, mancai cun d’unu cintu largu quattru didus chi s’agganciàt cun d’una zibbìa ’e lattoni cun s’àchili a duas concas, unu de cuddus cintus chi portànta, in guerra, is sordaus austriacus	Erano l’indumento più bello, quello da indossare la domenica, adesso, e nei giorni di festa, con la giacchetta di lana o di velluto, con una cintura larga quattro dita che si agganciava con una fibbia d’ottone con l’aquila a due teste, una di quelle cinture che in guerra portavano i soldati austriaci
Candu Luisicu fut torrau ’e Casteddu e fut andau a domu ’e Su Maistu po s’iscriri in sa lista de is cumbattentis e de is sardistas, dd’ìat nau ca forzis su capitanu Lussu, unu de cussus domìnigus, ìat èssi benìu a Biddanoa po fai una parlata, prima de is elezionis, chi fùanta a curzu	Quando Luisicu era tornato da Cagliari ed era andato da Su Maistu per iscriversi nelle liste dei combattenti e dei sardisti, gli aveva detto che forse, una di quelle domeniche, il capitano Lussu sarebbe venuto a Biddanoa per farvi una “parlata”, prima delle elezioni, che erano vicine
Bene, ìat penzau Su Maistu	Bene, aveva pensato Su Maistu
E sùbitu, su due piedi, ìat dezìdiu ca sa primu bessìda in divisa is sardistas dd’ìant èssi fatta in occasione della venuta di Emilio Lussu per il comizio elettorale, l’ maggio prossimo, domìnigu	E subito, su due piedi, aveva deciso che la prima uscita in divisa i sardisti l’avrebbero fatta in occasione della venuta di Emilio Lussu per il comizio elettorale, l’ maggio prossimo, domenica
Una parìga ’e dis innanti, cun d’unu bandu, ìat pinnigau totu is sardistas a domu sua, accantu fut la Sezione del Partito (e is àtaras puru) per le istruzioni	Alcuni giorni prima, con un bando, aveva riunito tutti i sardisti a casa sua, dov’era la sezione del partito (ed anche le altre) per le disposizioni
Chi fùanta custas: domìnigu a is òttu tutti in Sezione, in divisa, naturalmente, e con le decorazioni; Lussu at a arribai verso le nove	Che erano queste: domenica alle otto tutti in sezione, in divisa, naturalmente, e con le decorazioni; Lussu arriverà verso le nove
Candu is piccioccheddus chi eus a collocai in Cuccuru ’e Callia, come sentinelle, ant a benni a avvertiri ca s’automobili ’e Lussu è calendu in Tacchenurri, (de is piccioccheddus occupadindi tui, Piricu) noi, inquadrati per tre, gli andremo incontro a passo di marcia, in tempo per incontrarlo a s’intràda ’e bidda e rendergli gli onori	Quando i ragazzini che collocheremo in Cuccuru ’e Callia come sentinelle ci avvertiranno che l’automobile di Lussu sta scendendo in Tacchenurri (dei ragazzini occupatene tu, Piricu) noi, inquadrati per tre, gli andremo incontro a passo di marcia, in tempo per incontrarlo all’entrata del paese e rendergli gli onori
Il gagliardetto lo porterà il più giovane, e il plotone lo comanderà Luisicu	Il gagliardetto lo porterà il più giovane e il plotone lo comanderà Luisicu
E arregordaisì, e questo lo dico soprattutto per le reclute, per i più giovani, voglio dire, per i non combattenti, chi candu su capitanu Lussu ’nd’at a calai de s’automobili e deu ap’a aboxinai: “E per Emilio Lussu, hip, hip, hip!” bosàturus depeis arrespundi hurràh	E ricordatevi, e questo lo dico soprattutto per le reclute, per i più giovani, voglio dire per i non combattenti, che quando il capitano Lussu scenderà dall’automobile e io griderò: “E per il capitano Emilio Lussu, hip, hip, hip!” voi dovete rispondere hurrah
cun d’un’abóxinu chi fàzzat tremi finzas e s’olìa ’e sa Dona, chi est ingun’accànta	con un urlo che faccia tremare anche l’ulivo di Sa Dona, che è lì vicino
Ma Lussu no fut benìu	Ma Lussu non era venuto
De s’automobili ’ndi fut bessìu un’omineddu grassittu, beni bestìu, chi si fut presentau a Su Maistu come membro del Direttorio, inviato da Lussu soprattutto per chiedere scusa ai sardisti e al popolo de Biddanoa di non essere potuto venire lui, il capitano Lussu, per tenere l’annunciato comizio, così come aveva detto all’aiutante di Battaglia Luisicu, a Cagliari, alcune settimane fa	Dall’automobile era sceso un ometto grassoccio, ben vestito, che si era presentato a Su Maistu come membro del Direttorio, inviato da Lussu soprattutto per chiedere scusa ai sardisti e al popolo di Biddanoa, per non essere potuto venire lui, il capitano Lussu, per tenere l’annunciato comizio, così come aveva detto all’aiutante Luisicu a Cagliari, alcune settimane fa
Poche, poita de immoi a custu merì devo parlare in altri cinque paesi	Poche, perché da qui a stasera devo parlare in altri cinque paesi
Cun Su Maistu a su costau, si fut incrarau in su curridóriu de su Municipiu, e a sa genti chi si fut pinnigàda asutta, a ingiru de is sardistas in divisa, ìat nau prus o mancu is cosas ch’ìat nau Su Maistu in cudda dì de bentu	Con Su Maistu al fianco, si era affacciato dal balcone del Municipio, e alla gente che si era raccolta in piazza intorno ai sardisti in divisa aveva detto press’a poco le stesse cose che aveva detto Su Maistu in quel giorno di vento
In ùrtimu ìat invitato a votare compatti per il Partito Sardo d’Azione e per Emilio Lussu, l’eroe purissimo, che col suo impegno in Parlamento avrebbe dato una nuova dignità alla Sardegna e ai sardi	In ultimo aveva invitato a votare compatti per il Partito Sardo d’Azione e per Emilio Lussu, l’eroe purissimo che col suo impegno in Parlamento avrebbe dato nuova dignità alla Sardegna e ai sardi
Si in Cuccuru ’e Callia s’hurràh ch’ìat èssi dépiu fai tremi s’olìa ’e sa Dona no fut iscoppiau, custu de Sa Prazzitta fut istétiu unu tronu, un’arrembombu ch’ìat fattu fuìri totu is istùrrus chi fùanta in is crobeturas accanta, fendusì su niu tra téula e téula	Se in Cuccuru ’e Callia l’hurrah che avrebbe dovuto far tremare l’ulivo di Sa Dona non era scoppiato, questo di Sa Prazzitta era stato un tuono, un rimbombo che aveva fatto fuggire gli storni che stavano sui tetti vicini, facendo il nido tra tegola e tegola
Si fut fattu aggiudai de Sara e si fut cuncordau a modu suu, murrungendu, ma no meda	Si era fatto aiutare da Sara e si era vestito a modo suo, brontolando ma non tanto
Is pantalonis grigioverdi chi dd’ìat mandau Su Maistu ddus ìat postus a una parti, e s’ìat postu is pantalonis de pannu fini de sa divisa sua, cun is cambalis lùcidus; in sa camisa cinixali s’ìat postu is ispallinas cun is gradus di aiutante di battaglia, le tre losanghe con lo sfondo rosso; s’ìat fattu spostai, in sa camisa, lo stemma dei Quattro Mori po si podi appuntai is medaglias, totu a is òttu, e is coronas de is promozionis per merito di guerra	I pantaloni grigioverdi che gli aveva mandato Su Maistu li aveva messi da parte ed aveva indossato i pantaloni di panno fino della sua divisa, con i gambali lucidi: nella camicia grigia aveva messo le spalline con i gradi di aiutante di battaglia, le tre losanghe con lo sfondo rosso, e si era fatto spostare lo stemma con i Quattro Mori per potervi appuntare le medaglie, tutte e otto, e le corone delle promozioni per merito di guerra
In ùrtimu, cinturoni e rivoltella	In ultimo cinturone e rivoltella
Si fut castiau in su sprigu: non c’è malli	Si era guardato allo specchio: non c’è male
Sara si dd’ìat imprassau, arriendu cun duas làmbrigas, e cun Ninnu in bràzzus fut curta a su stradoni, in mesu a s’àtara genti, po biri passendu is sardistas a passo di marcia, cioè a Luisicu	Sara l’aveva abbracciato ridendo fra due lagrime, e con Ninnu in braccio era corsa nello stradone, in mezzo alla gente, per veder passare i sardisti a passo di marcia, cioè Luisicu
Veramenti is sardistas marciànta che unu tallu ’e brebeis, po curpa de cuddus chi no ìanta fattu su sordau e no iscìanta fai mancu nò-dué, nò-dué	Veramente i sardisti marciavano come un gregge di pecore, per colpa di quelli che non avevano fatto il soldato e non sapevano fare nemmeno nò-duè, nò-duè
Totu mal’attraggiàus, calincunu camminàt cun sa camisa mesu in foras de is pantalonis e is fascias a tira tira	Mal messi, qualcuno camminava con un lembo di camicia fuori dai pantaloni e le fasce penzoloni
Ma Sara no bìat chi a Luisicu	Ma Sara non vedeva che Luisicu
Parìat inchietu, ma a bòrtas depìat poderai s’arrisu, biendu cuddus sardistas iscosciomingiàus	Sembrava inquieto, ma a volte doveva trattenere il riso vedendo questi sardisti sgangherati
Bellu, cun custa mesu divisa puru, bellu che sa dì chi dd’ìat connotu, in bidda ’e sa zia, nel paese di pianura accantu Luisicu fut benìu a riposo con la sua compagnia	Bello, però Bello anche con questa mezza divisa, bello come il giorno in cui l’aveva conosciuto, nel paese di sua zia, nel paese di pianura dove Luisicu era a riposo con la sua compagnia
Sara tandu tenìat dexiott’annus	Sara allora aveva diciotto anni
Su babbu e sa mamma fùanta mortus in Friuli, su prim’annu ’e sa guerra, e sa zia e su ziu dd’ìanta bófia cun issus, nella loro “cascina” accanta ’e bidda	Il padre e la madre erano morti in Friuli, il primo anno della guerra, e lo zio e la zia l’avevano voluta con loro, nella loro cascina vicina al paese
Cussu domìnigu ’e màiu fut andàda a crésia cun is amigas, comenti fìat sèmpiri candu sa guerra ddu permittìat	Quella domenica di maggio era andata in chiesa con le amiche, come faceva sempre quando la guerra lo permetteva
A s’intràda, in prazza ’e crésia no ddu ìat nèmus, ma a sa bessìda fut prena ’e sordaus	Al momento di entrare in chiesa nel piazzale non c’era nessuno, ma all’uscita era pieno di soldati
Si fùanta firmadas castiendiddus cun curiosidadi: parìanta differentis de is àturus, custus sordaus, de is ch’ìanta biu finzas a tandu	Si erano fermate guardandoli con curiosità: sembravano diversi dagli altri, questi soldati, da quelli che avevano visto fino ad allora
Si no fèssit istétiu po sa divisa, Sara ìat èssi nau ca no fùanta mancu italianus: basciottus po s’imprùs, niedduzzus de cara, nieddus de pilus e di ògus, fueddànta tra issus in d’una manera chi nèmus cumprendìat	Se non fosse stato per la divisa, Sara avrebbe detto che non erano soldati italiani: bassi di statura, per lo più, bruni, neri di occhi e di capelli, parlavano tra di loro in una lingua che nessuno capiva
Sardi, ìat nau calincunu, Brigata Sassari	Sardi, aveva detto qualcuno, Brigata Sassari
Pinnigaus a tres a tres, a quattru a quattru, fueddànta a boxi bàscia, arriendu fattu-vattu, ma cun cuddus ogus nieddus attentus a dónnia picciocca chi bessìat de crésia	Riuniti in gruppi di tre, di quattro, parlavano a voce bassa, ridendo di tanto in tanto ma con quegli occhietti neri puntati su ogni ragazza che usciva di chiesa
In mesu a custus sordaus, ma in disparti, solu, ddu ind’ìat unu chi cand’ìat bistu a Sara ìat pesau sa conca e si fut saddìu comente chi dd’èssit puntu s’àrgia	In mezzo a questi soldati, ma in disparte, solo, ce n’era uno che quando aveva visto Sara aveva alzato la testa ed aveva sussultato come se l’avesse punto una tarantola
Sara s’indi fut mes’assiccàda, ìat saludau is amigas, e lestra si fut incamminàda alla cascina	Sara si era quasi spaventata, aveva salutato le amiche e svelta si era incamminata verso la cascina
Ma no ìat fattu pru’ de binti metrus, chi si dd’ìat bistu a su costau	Ma non aveva fatto più di venti metri che se lo era trovato al fianco
Fut artu prus de is àturus chi fùanta in prazza ’e crésia, prus nieddu ma prus eleganti, is ògus alluttus, is pettorras prenas de nastrinus de dónnia colori, e gradus chi a Sara ddi fùanta partus de sergenti o de sergenti maggiori	Era più alto dei compagni che stavano nel piazzale della chiesa, più bruno e più elegante, gli occhi accesi, il petto pieno di nastrini di tutti i colori, e gradi che a Sara erano sembrati di sergente o di sergente maggiore
Di scatto, si fut furriau e si ddi fut firmau ananti, sull’attenti, dd’ìat fattu su saludu e poi dd’ìat istendiàu sa manu nendiddi calincuna cosa cun d’una boxi chi parìat un’órdini	Si era voltato di scatto e le si era fermato davanti, sull’attenti, le aveva fatto il saluto e poi aveva teso la mano dicendole qualcosa con una voce che sembrava un ordine
Sara no ìat cumpréndiu beni is fueddus, ma ìat obbidìu e dd’ìat toccau sa manu issa puru, timi timi, pesendu appena is ogus	Sara non aveva compreso bene le parole, ma aveva obbedito e gli aveva teso la mano anch’essa, timida, alzando appena gli occhi
Il sergente maggiore Luisicu ci dd’ìat accumpangiàda a domu e fut intrau	Il sergente maggiore Luisicu l’aveva accompagnata a casa ed era entrato
Ananti de sa zia e de su ziu si fut postu ancora sull’attenti, si fut presentau, e no ìat fattu tanti storias candu dd’ìanta cumbidau a prandi	Davanti agli zii di Sara si era messo ancora sull’attenti, si era presentato, e non aveva fatto tante storie quando l’avevano invitato a pranzo
Si fut tratténniu finz’a tardu, e fut torrau ancora, dónnia dì	Si era trattenuto fin tardi ed era tornato ancora, ogni giorno
E Sara no bìat s’ora chi èssit benìu po ci bessìri cun issu: cun issu a passillai de sa cascina a bidda, a brazzettu; cun issu, sola, in is campus de trigumoriscu, in mesu a is giualis de is bìngias, cun issu a cua in su pallàrgiu, a de notti, cun issu in dónnia logu, in dónni ora ch’ind’èssit póziu furai po cust’amori chi po issa fut su primu, e fut un’ammàcchiu	E Sara non vedeva l’ora che venisse per uscire con lui: con lui a passeggio dalla cascina in paese, a braccetto con lui, sola con lui per i campi di granturco, tra i filari delle vigne, con lui di nascosto nel pagliaio, di notte, con lui in ogni luogo, in ogni ora che poteva rubare per quest’amore che per essa era il primo ed era una follia
E forzis prus de un’ammàcchiu: sa teneresa ’e Luisicu, is manus fortis de Luisicu chi si fìanta delicadas po issa, sa boxi sua chi cambiàt sonu candu fùanta solus, sa miràda franca e segura de Luisicu, po Sara fùanta che unu cumandu ’e su distinu a s’affidai a issu, senza ’e perùna duda, senza ’e perùna timorìa	E forse di più: la tenerezza di Luisicu, le mani forti di Luisicu che si facevano delicate per lei, la sua voce che cambiava di tono quando erano soli, lo sguardo franco e sicuro di Luisicu, per Sara erano come un ordine del destino di affidarsi a lui, senza alcun dubbio, senza alcun timore
Ma is òttu dis del “riposo” fùanta passàdas a léstru	Ma gli otto giorni del “riposo” erano passati in fretta
Ìanta passau impari s’ùrtima notti, ma a chizzi Sara fut trista:	Avevano trascorso insieme l’ultima notte, ma all’alba Sara era triste:
E Sara ìat abettau	E Sara aveva atteso
Luisicu fut torrau in licenza dopo Caporetto, e fùanta dis chi Sara no podìat iscaresci	Luisicu era tornato in licenza dopo Caporetto, ed erano stati giorni che Sara non aveva più dimenticato
E Luisicu fut prus bellu, prus beni bestìu, fut aiutante di battaglia, immoi	Luisicu era più bello, più elegante, ed era aiutante di battaglia, adesso
E poi fut acabàda sa guerra, mesis fùanta passaus, e Luisicu fut torrau, prima ’e partìri a bidda sua	Poi la guerra era finita, mesi erano trascorsi e Luisicu era tornato, prima di partire per il suo paese
E Sara fut partìa cun issu	E Sara era partita con lui
Cun issu ìat lassau sa cascina, cun issu ìat sartau su mari, tranquilla, senza ’e tristura, senza ’e timorìa	Con lui aveva lasciato la cascina, con lui aveva passato il mare, tranquilla, senza tristezza, senza rimpianti
E immoi fut innoi, in custa bidda stràngia, cun custu pipìu in brazzus, niedduzzu che cuddu sordau stràngiu chi una dì ìat connotu nel paese di pianura, e ch’immoi fut passendiddi ananti in divisa di sardista	E adesso era qui, in questo paese forestiero, con questo bambino in braccio, bruno come quel soldato che un giorno aveva conosciuto nel paese di pianura e che ora le stava passando davanti in divisa da sardista
Fut po nasci Millieddu, e Luisicu fut penzendu a sa dì chi dd’ìat èssi dépiu portai a su Municipiu po sa denunzia di nascita	Stava per nascere Millieddu e Luisicu pensava al giorno in cui avrebbe dovuto portarlo in Municipio per denunciarne la nascita
S’arregordàt de is istorias de s’àtara borta, candu a Ninnu su secretariu dd’ìat postu unu sangunau ’e burdu	Ricordava le storie dell’altra volta, quando a Ninnu il Segretario aveva imposto un cognome da bastardo
A fillu miu	A mio figlio
Sceti a ddui penzai ci dd’arziàt su sànguni a conca	Al solo ricordo gli saliva il sangue alla testa
No ’ndi chistionàt cun Sara poita scìat giai su chi dd’ìat èssi arrespùndiu, mancai cun is ògus, arrì arrì:	Non ne parlava con Sara perché sapeva che cosa gli avrebbe risposto, anche se solo con gli occhi, ridendo:
No, cussu no, predis no ’ndi ’ollu biri, mancu in puntu ’e morti	No, questo no, preti non voglio vederne nemmeno in punto di morte
Unu pagu po ignorànzia, unu pagu poita in bidda una cosa che cussa no fut mai suzzédia, no ìat mai penzau al matrimonio civile	Un po’ per ignoranza, un po’ perché in paese un fatto simile non era mai accaduto, non aveva mai pensato al matrimonio civile
Ma ddu ìat penzau Su Maistu	Ma ci aveva pensato Su Maistu
In primis poita, coment’eus nau, no fut ómini malu e circàt di aggiudai a chini podìat, cun totu sa pagu stima chi tenìat po is biddanoesus; in secundis, immoi Luisicu fut sardista e iscritto all’A.N.C., certamente il combattente più decorato di questa e forse di tutte le sezioni della provincia, molto rappresentativo, e nelle occasioni future, come visite di capi, ecc., avrebbe dovuto averlo sempre vicino	In primis perché, come abbiamo detto, non era un uomo cattivo, anzi cercava di aiutare chi poteva, con tutta la poca stima che aveva dei biddanoesi; in secundis, adesso Luisicu era sardista e iscritto all’A.N.C., certamente il combattente più decorato di questa e di tutte le altre sezioni della provincia, molto rappresentativo, e nelle occasioni future, come visite di capi, ecc avrebbe dovuto averlo sempre vicino
E ddi at èssi donau fastìdiu avere come braccio destro unu sardista, diciamo così, affanceddau	E gli avrebbe dato fastidio avere come braccio destro un sardista che viveva, diciamo così, in concubinaggio
No, no seu tirendu s’aqua a su molinu miu sceti, seu penzendu a issu puru, al suo interesse	No, non sto soltanto tirando l’acqua al mio mulino, sto pensando anche a lui, al suo interesse
Una dì dd’ìat bistu passendu e dd’ìat zerriau	Un giorno l’aveva visto passare e l’aveva chiamato
(Eita dimóniu at a bolli, custu merì, Brigata Lepre).	(Che diavolo vorrà, stasera, Brigata Lepre).
“Senti, Luisicu – ìat cumenzau Su Maistu – no è po mi bolli ficchìri in is affàiris tuus, ma ora che sei dei nostri ed hai dimostrato anche in questo di possedere quel buon senso di cui io non dubitavo, creu chi sìat doveri miu, non comente Presidente della sezione, ma comente sardista e combattente, e prus ancora comenti amigu, si amigu mi bolis cunsiderai, de ti donai unu cunzillu”.	“Senti Luisicu – aveva esordito Su Maistu – non è per volermi ficcare negli affari tuoi, ma ora che sei dei nostri ed hai dimostrato anche in questo di possedere quel buonsenso di cui io non dubitavo, credo che sia mio dovere, non come presidente della Sezione, ma come sardista e combattente e più ancora come amico, se amico vuoi considerarmi, di darti un consiglio”.
(Ma innui s’arràbiu ci at a bolli stuppai…).	(Dove diavolo vuole andare a parare).
“Ascurta: è po ti nasci un’àturu pipìu, e no creu chi né tui né Sara eis a bolli chi custu puru venga registrato allo Stato Civile come figlio illegittimo, comente s’àturu”.	“Ascolta: sta per nascerti un altro bambino, e non credo che né tu né Sara vorrete che anche questo venga registrato allo Stato Civile come figlio illegittimo, come l’altro”.
Luisicu si fut fattu arrùbiu che su fogu:	Luisicu si era fatto rosso come il fuoco:
“E tandu?”.	“Ed allora?”.
“Vi sposate”.	“Vi sposate”.
Tot’in d’una, chini scit poita, ddi fut cumpartu ananti cuddu sordau anàrchicu, sézziu in terra e arrumbau cun sa schina ai sacchetti de sa trincea, chi liggìat unu giornali e fueddàt, fueddàda	Improvvisamente, chissà perché, gli era comparso davanti quel soldato anarchico seduto per terra, appoggiato con la schiena ai sacchetti della trincea, che leggeva un giornale e parlava, parlava
Ma fut aillàrgu, aillàrgu meda, moi, e forzis fut mortu	Ma era lontano, molto lontano, adesso, e forse era morto
E issu fut po dd’interrai in sa fossa ’e sa memoria	E lui stava per seppellirlo nella fossa della memoria
“Ia a bolli sciri poita mi nat custu	“Vorrei sapere perché mi dice questo
Gei ddu scit ca deu a crésia no ddu andu, e ca cun is predis seu in discordia de diora meda”.	Lei sa bene che io in chiesa non ci vado, e che con i preti sono in discordia da molto tempo”.
In questo modo fillu tuu porterà il tuo cognome e la madre verrà indicata nell’atto di nascita come tua legittima moglie	In questo modo tuo figlio porterà il tuo cognome, e la madre nell’atto di nascita verrà indicata come tua legittima moglie
Inoltre potrai regolarizzare anche la posizione de s’àturu pipìu, cioè dargli il tuo cognome”.	Inoltre potrai regolarizzare anche la posizione dell’altro bambino, cioè dargli il tuo cognome”.
“E totu custu senz’’i andai accant’’e su predi?”.	“E tutto questo senza andare dal prete?”.
“Certu ca no	“Certo che no
Sceti davanti al Sindaco, depeis andai, tui e Sara, davanti al Sindaco quale Ufficiale dello Stato Civile	Solo davanti al Sindaco, dovete andare, tu e Sara, davanti al Sindaco quale Ufficiale dello Stato Civile
Anche se qui, in Biddanoa, il matrimonio religioso ddu fàinti totus, per se stesso non ha alcun valore legale	Anche se qui, in Biddanoa, il matrimonio religioso lo fanno tutti, per se stesso non ha alcun valore legale
Il valore legale ddu tènit soltanto il matrimonio civile”.	Il valore legale ce l’ha solo il matrimonio civile”.
(Ma càstia E deu ca no ddu podìa biri…).	(Ma guarda Ed io che non lo potevo vedere…).
Fut torrau a domu e ìat contau totu a Sara, chi dd’ìat castiau in cudda manera chi issu sceti ddi connoscìat	Era tornato a casa ed aveva raccontato tutto a Sara, che l’aveva guardato in quella maniera che lui solo conosceva
Fattus is paperis, no fut passau mancu unu mesi chi Arrichettu, su sìndigu, cun sa sciarpa tricolore in sinzu in pizzus de sa bestimenta bona, ìat dichiarato Luisicu e Sara marito e moglie davanti alla Legge	Fatte le carte, non era passato neanche un mese che Arrichettu, il Sindaco, con la fascia tricolore ai fianchi sopra l’abito buono, aveva dichiarato Luisicu e Sara marito e moglie davanti alla Legge
– E dinai Marengus e iscudus e prèndasa, di òru e de prata, un’aposentu prenu	– E denari Marenghi, scudi e gioie, d’oro e d’argento, una stanza piena
E candu in s’aposentu no ddu ìat càpiu pru’ nudda, ’nd’ìada sciusciau unu trabicu e ìat ghettau a pari s’aposentu cun d’unu àturu	E quando nella stanza non ci stava più nulla aveva buttato giù un muro ed aveva ottenuto una stanza più grande
E in pagu tempus ìat prenu cussu puru	E in poco tempo aveva riempito anche quella
– Po òru e po dinai andàt sèmpiri a s’Ollasta, cun totu sa cambaràda de is sett’ànimas pérdias	– Per oro e per denari andava sempre in Ogliastra, in compagnia delle sette anime perse
– Fut suzzédiu ca, una ’orta, unu pred’’e s’Ollasta ìada spollau totu is santus de crésia, e i s’inc’ìat portau a domu sua totu s’orerìa chi portànta, impromissa’ de devotus: prenda’ di òru e cadenazzus, marengus e iscudus, brazzus e càmbas di òru e de prata, finzas i arrelógiu’ di òru	– Era successo che una volta un prete d’Ogliastra aveva spogliato tutti i Santi di chiesa e si era portato a casa tutto l’oro che portavano addosso, promesse dei fedeli: gioie, catene d’oro e d’argento, braccia e gambe d’oro e d’argento, marenghi e scudi, perfino orologi d’oro
Chintaris	Quintali
Apusti, cun d’unu piccu, ’nd’ìat tirau s’arrecciàd’’e sa cappella, i a de nott’’e totu fut andau accant’’e sa Giustizia, disisperau, a contai ca in crésia fut intràda genti a torrobai e ind’ìat pigau totu s’orerìa chi portànta is santus	Dopo, con un piccone aveva buttato giù l’inferriata della cappella ed era corso dalla Giustizia disperato, a raccontare che in chiesa era entrata gente ed aveva derubato i santi di tutto l’oro e l’argento che portavano addosso
Issu ìat èssi infromau a Munzennori po fai scuminigai is furonis, sa Giustizia èssit fattu su doveri suu	Lui aveva già informato Monsignore per far scomunicare i ladri, la Giustizia facesse il suo dovere
– Sa Giustizia c’ìat ficchìu in presoni dus cacciàpusu, ma ’ndi ddus ìat dépiu’ bogai luegu poita si bìat ca fùanta dus cani’ de stréxu, e cun su torrobatóriu no c’intrànta nudda	– La Giustizia aveva ficcato in prigione due poveracci, ma li aveva dovuti liberare subito perché si vedeva che erano due cani randagi che col furto in chiesa non avevano nulla a che fare
– De tandu, in àtara’ bidda’ de s’Ollasta fattu-vattu genti malla intràda in crésia, a de notti, e indi furàt s’orarìa chi portànta is santus	– Da allora in altri paesi dell’Ogliastra di tanto in tanto, malviventi entravano nelle chiese, di notte, e rubavano tutto l’oro dei santi
Ma furonis sa Giustizia no fudi mai arrennéscia a ’nd’accappiai	Ma ladri la Giustizia non era mai riuscita a prenderne
– Ma a Antoni Maria, però, “callincùnu” ddi contàda is cosa’ giùstasa, e po cussu andàda a cropu segùru	– Ad Antoni Maria però “qualcuno” diceva come stavano le cose, e lui andava a colpo sicuro
Intràda a de notti, senz’’e fai sonu, cun cuddas ànimas pérdias ’nfattu, in i’ domu’ de is prédis chi scìat issu, e indi ddus fìat pesai de su lettu:	Entrava, di notte, senza far rumore, con quelle anime maledette appresso, in casa dei preti che sapeva lui e li faceva alzare dal letto:
– “Bollu unu chintari ’i òru, comente chi sìada”.	– “Voglio un quintale d’oro, come che sia”.
– “Ma deu seu unu poberitteddu, no tengu mancu un’arriàli…”.	– “Ma io sono un poveretto, non possiedo nemmeno un reale…”.
– Antoni Maria fìat un’accìnnidu a un’’e cuddus, chi alluìat unu grandu fogu in sa forredda e inci ponìat unu trébini a avrigai	– Antoni Maria faceva un cenno ad uno di quelli, che accendeva un gran fuoco nel focolare e vi metteva sopra un treppiede, ad arroventare
Candu su trébini fut arrùbiu, ’ndi fìat callai is crazonis a su predi e i ddi fìat ponni su trébini a parti ’e palas:	Quando il treppiede era rosso faceva calare i pantaloni al prete e gli piazzava il treppiede dietro, molto vicino:
– “Dus chintaris, o ti fazzu sezzi in su trébini”.	– “Due quintali o ti faccio sedere nel treppiede”.
– “Sissinniori, sissinniori, comenti bòlit vossignoria	– “Sissignore, sissignore, come vuole vossignoria
Ma no ìat a bastai unu chintari?…”.	Ma non basterebbe un quintale?”.
– “No Dusu”.	– “No Due”.
– Su predi, scedau, s’attrinzàda is crazonis a léstur’a lésturu, e cun d’una candella in mànusu ci ddus portàda in d’unu magasinu scuriosu, pren’’e carràdas e de cobedinas	– Il prete, poverino, si tirava su i calzoni più svelto che poteva, e con una candela in mano li portava in un magazzino buio, pieno di botti e di tini
In d’una carràda ddui fut s’òru	In una botte c’era l’oro
Carriànta is cuaddus e partìanta	Caricavano i cavalli e partivano
– Unu ’orta, però	– Una volta, però
Una ’orta unu predi grassu che unu procu, candu s’ìat biu su trébini avrigau a asegus si fut postu a prangi che un’arrìu:	Una volta un prete grasso come un maiale, quando si era visto il treppiede rovente dietro le spalle si era messo a piangere come un torrente:
– “No tengu nudda, deu, nì òru nì marengus, no tèninti prus nudda mancu is santus, innoi sa crésia est istétia giai sdorrobàda	– “Non ho nulla, io, né oro né marenghi, non hanno più nulla nemmeno i Santi, qui, la chiesa è stata spogliata dai ladri
Bandaisindi, bandaisindi, po s’amori de Gesu Cristu, deu no si pozu donai nudda”.	Andatevene, andatevene, per l’amore di Gesù Cristo, io non posso darvi nulla”.
– E prangìat, prangìada a corrinus, parìat chi èssinti scannendiddu	– E piangeva, piangeva, e urlava, sembrava che stessero scannandolo
– Tandu Antoni Maria ìat fatt’’i ogus a su chi fut a su costau ’e su predi, e i cuddu dd’ìat postu una manu in coddus	– Allora Antoni Maria aveva strizzato l’occhio a quello che era più vicino al prete e quello gli aveva calato una mano sulla spalla
Sa manu fut grai, e i su predi ci fut callau giustu giustu cun su paneri in su trébini, a bòxis i a zicchìrrius, parìanta scroxendiddu	La mano era pesante, ed il prete era caduto col paniere sul treppiede rovente, urlando e latrando come se stessero scorticandolo
– Poi ’nd’idd’ìanta pesau, ci dd’ìanta sézziu cull’a moddi in d’unu craddàxu di aqua frida, e fùanta callaus a magasinu: nudda	– Poi l’avevano sollevato, l’avevano fatto sedere col culo a bagno in un caldaro di acqua fredda ed erano scesi in cantina: nulla
– “Bàstada, andeussindi”.	– “Basta, andiamo via”.
– Appènasa ci fùanta ’essìus a foras, Antoni Maria intèndit unu scracàlliu: Coixedda	– Appena erano usciti fuori Antoni Maria aveva sentito una grande risata: Coixedda
– I Antoni Maria, inchietu:	– E Antoni Maria, furibondo:
– “Ma poita cazzu m’as fattu ’enni a domu de custu procu mannalli, no ddu scìasta ca fudi stétiu giai torrobau?”.	– “Ma perché cazzo m’hai fatto venire in casa di questo porco maiale, non lo sapevi che era stato già derubato?”.
– E Coixedda: – “Segùru, ca ddu scìa	– E Coixedda: – “Certo che lo sapevo
Ma ’ollìa biri si fut pru’ mannu su trébini o su cullu ’e su predi”.	Ma volevo vedere se era più largo il treppiede o il culo del prete”.
Si su capitanu Lussu immoi no fut prus su capitanu Lussu ma l’onorevole Lussu, deputato al Parlamento impari cun àturus tres sardistas, po Luisicu no ìat cambiau nudda	Se il capitano Lussu, adesso, non era più il capitano Lussu ma l’onorevole Lussu, deputato al Parlamento con altri tre sardisti, per Luisicu non era cambiato nulla
Né po issu, né po s’àtara genti ’e Biddanoa ch’ìat votau su capitanu	Né per lui né per l’altra gente di Biddanoa che aveva votato il capitano
Calincunu “sardista” torrendu a marroni a coddu de Stuppara o de Is Serras, a mericeddu, naràt ca moi, cun Lussu in Roma, in Biddanoa puru calincuna cosa s’ìat èssi móvia; ma ddu naràt senza ’e ddui crei, comente chi fèssit un’órdini ch’ìat arriccìu, o unu doveri chi dd’imponìat sa tessera	Qualche “sardista”, tornando con la zappa in spalla da Stuppara o da Is Serras, al tramonto, diceva che adesso, con Lussu a Roma, anche a Biddanoa qualche cosa si sarebbe mossa; ma lo diceva senza crederci, come se fosse un ordine che aveva ricevuto o un dovere che gli imponeva la tessera
Forzis iscìat o cumprendìat o penzàda, ma in manera pagu crara, senza chi nimmancu s’ind’èssit sapìu, a iscusi suu e totu, eus a nai, ca po cambiai is cosas impari cun sa vida ’e sa genti, ddu ìat èssi bófiu àturu ciorbeddu, àturu coru	Forse sapeva, o capiva, o pensava, ma in maniera molto vaga, quasi di nascosto da se stesso, diremmo, che per cambiare le cose e la vita della gente, ci sarebbe voluto, da parte di tutti, altro cervello, altro cuore
Coru e ciorbeddu chi issus no tenìant e no ìant èssi tentu mai	Cuore e cervello che loro non avevano e non avrebbero mai avuto
E Biddanoa ìat èssi sighìu a dormìri chini scit po cantu, forzis po sèmpiri	E Biddanoa avrebbe continuato a dormire, chissà per quanto, forse per sempre
Is arrexònis de sa genti no cambiànta mai: su tempus, s’annàda, e calincuna ’orta, candu su traballu fut istétiu lébiu, torrànta is contus de trincera, chi comenti passàt su tempus donniunu contàda a modu suu, acciungendu ónnia ’orta cosas chi fìanta cresci s’abilidadi e su coràggiu chi issu ìat tentu in cudd’azioni o in cudd’assaltu alla baionetta, candu si fut agatau solu, ingiriau de prus de coranta austriacus	I discorsi della gente non cambiavano mai: il tempo, l’annata e qualche volta, se quel giorno il lavoro non era stato troppo pesante, i racconti di trincea, che come passava il tempo ognuno raccontava a modo suo, aggiungendo ogni volta qualcosa che faceva risaltare l’abilità e il coraggio che aveva avuto lui stesso in quell’azione o in quell’assalto alla baionetta, quando si era trovato solo, attorniato da più di quaranta austriaci
Is propietarius immoi fùanta tranquillus: su pirìgulu ci fut istesiau, no fìanta prus sonnus lèggius, portànta sa tessera ’e sardista in busciacca che unu scapolàriu	I proprietari adesso erano tranquilli: il pericolo si era allontanato, non facevano più brutti sogni, portavano in tasca la tessera di sardista come uno scapolare
Po Luisicu puru, senza chi su capitanu Lussu, o l’onorevole Lussu, c’èssit intrau nudda, is cosas fùanta cumenzendu a cambiai diadéru: ma in péus	Per Luisicu, però, senza che il capitano Lussu o l’onorevole Lussu ci fosse entrato per nulla, le cose cominciavano a cambiare davvero: in peggio
Cuddu pagheddu ’e dinai chi dd’ìat permìttiu, finz’a òi, de bivi senza de dipendi ’e nisciùnus, de bivi senza ’e meris, a sodd’a soddu fut andendusindi	Quei pochi soldi che gli avevano permesso, fino ad oggi, di tirare avanti senza dipendere da nessuno, di vivere senza padroni, soldo dopo soldo si stavano esaurendo
Candu ddui penzàda, is contus ch’ìat contau Elias in Sa Prazzitta, ananti ’e sa muralla ’e Tiu Màuru, ddi fìanta finzas e feli:	Quando ci pensava, i racconti di Elias in Sa Prazzitta, davanti alla muraglia di Tiu Màuru, ora gli facevano rabbia:
“A Luisicu i’ bàllasa ddi passànta a accanta friga friga, zumiendu, ma no ddu toccànta mai: dd’ìanta stampau s’elmettu e is pantallònisi, is ischéggiasa dd’ìanta scorriau sa giubba e i sa camisa, ma in sa peddi sua no ddu ìanta mai fattu nì stampu nì scarràffiu	“A Luisicu le pallottole gli passavano vicino sfiorandolo, fischiando, ma non lo toccavano mai: gli avevano bucato l’elmetto e i pantaloni, le schegge gli avevano lacerato la giubba e la camicia, ma nella sua pelle non avevano fatto mai né buco né graffio
No chistioneus de baionetta, po accuzzàda chi fèssidi: sa peddi ’e Luisicu fut de bandoni	Non parliamo di baionetta, per affilata che fosse: la pelle di Luisicu era di lamiera
Calincunu naràt finzas e ca fut bruxu, calincun’àturu ’ollìada sciri echini dd’ìat fattu i’ mazinas, innant’’e partìri Ma issu s’ind’arrìada:	Qualcuno diceva anche che era mago, qualche altro voleva sapere chi gli aveva fatto le magie, prima di partire Ma lui rideva:
‘Furtuna’, naràda”.	‘Fortuna’, diceva”.
Ma ’moi, candu bìat cun su distintivu di mutilato genti chi in guerra no ìat fattu nudda e fut torràda senza ’e gradus e senza ’e medàllias, Luisicu fut cumenzendu a penzai ca sa sua furtuna tanti manna no fut istétia: deu no nau de ’nd’èssi torrau castigau che Federicu, ma assummancu unu scarraffieddu che su de Su Maistu	Ma adesso, quando vedeva col distintivo di mutilato qualcuno che in guerra non aveva fatto nulla ed era tornato senza gradi e senza medaglie, Luisicu incominciava a pensare che la sua fortuna tanto grande non era stata: non dico di ritornare “castigato” come Federicu, ma almeno un graffietto come quello di Su Maistu
Unu pagu po brulla, e unu pagu diadéru, dd’ìat nau a Sara	Un po’ per scherzo e un po’ sul serio, l’aveva detto a Sara
Ma Sara si fut posta a arrìri: “Niente ferite, niente pension”.	Ma Sara ne aveva riso: “Niente ferite, niente pension”.
(Eppuru una borta, in d’un’azioni a Monte Fior, ci ddi fut arrutu in conca unu crastu, pesau a bolai de una granata chi ddi fut iscoppiàda accanta	(Eppure una volta a Monte Fior, durante un’azione, gli era caduto un sasso sulla testa, sollevato dallo scoppio di una granata
Portàt s’elmettu, ma su crastu fut mannu e si dd’ìat abbungiau: aggiumai no ci fut arrennésciu a s’indi ddu bogai	Portava l’elmetto, ma il sasso era grosso e glielo aveva ammaccato: non riuscivano a toglierglielo
Beh, dd’ìat abbungiau sa conca puru, nareus sa beridadi, e ìat camminau totu sa dì e sa dì infattu che una brebei baddinosa	Be’, gli aveva ammaccato anche la testa, diciamo la verità, ed aveva camminato un po’ a zig-zag quel giorno e il giorno appresso, come una pecora matta
Ma no dd’ìat bessìu unu stiddìu ’e sànguni, e forzis fut po cussu chi apusti ’e duas dis s’indi fut bell’e iscarésciu).	Ma non gli era venuta fuori nemmeno una goccia di sangue, e forse per questo dopo due giorni aveva dimenticato tutto).
E fut andau a giorronada	Ed era andato a giornata
Traballendu in Is Arrìus cun Ogéniu, prus po passatempus che po àturu, si fut accattau ca manàgiu no fudi	Lavorando in Is Arrius con Ogéniu, più per passatempo che per altro, si era accorto che incapace non era
A marrai no ddui fut andau mai, sendu mannu, eppuru moi, cun su marroni in manus, ddi parìat chi fèssit torrendu e fai cosas ch’ìat sèmpiri fattu, ch’ìat imparau de diora, in d’un’àtara vida, forzis, e no s’indi fut mai scarésciu	Da grande a zappare non c’era andato mai, eppure adesso, con la zappa in mano, gli sembrava di fare gesti che aveva sempre fatto, che aveva imparato tanto tempo fa, in un’altra vita, forse, e non li aveva più dimenticati
Ma andai a marrai po àtiri, po contu ’e mèri, fut un’àturu contu	Ma andare a zappare per gli altri, per un padrone, era cosa diversa
Ddi fut costau Però si fut dépiu abbasciai	Gli era costato molto, però aveva dovuto umiliarsi
Zertu, immoi no fut prus nudda, ma calincunu fut istétiu issu puru: ìat portau gradus, ìat cumandau àturus óminis, ìat tentu responsabilidadis	Certo, adesso non era più nessuno, ma era stato qualcuno anche lui: aveva indossato gradi, aveva comandato altri uomini, aveva avuto responsabilità
E dónnia cosa dd’ìat fatta in sa mellus manera, e ìat tentu arrecumpènzas, riconoscimenti, abbràzzidus de generalis e artìculus de giornali	E aveva fatto tutto nel miglior modo possibile, aveva avuto ricompense e riconoscimenti, abbracci di generali ed articoli di giornale
Bandat beni chi fùanta cosas chi oi no ddi donànta a pappai, né a issu né a sa famìlia, ma no s’indi podìanta mancu scancellai, fùanta stétias sa vida sua, e mancu de diora meda, custas cosas	Va bene che erano cose che oggi non gli davano da mangiare, né a lui né alla sua famiglia, ma non si potevano nemmeno cancellare, erano state la sua vita, e nemmeno molto tempo fa
Ma cumprendìat ca òi su doveri fut un’àturu, sa responsabilidadi fut sa famìlia, e no podìat lassai chi fèssit Ogéniu sceti a si truncai sa schina po totus	Ma capiva che oggi il suo dovere era un altro, la sua responsabilità era la famiglia e non poteva permettere che fosse solo Ogéniu a troncarsi la schiena per tutti
A giorronàda, passiénzia	A giornata, pazienza
Ma sèmpiri cun Ogéniu, sèmpiri impari cun issu, a su costau suu in is tentas de fà e de trigu, in dónnia logu accantu ddus èssinti bófius a tot’a is dus	Ma sempre con Ogéniu, sempre insieme a lui, al suo fianco nei campi di grano o di fave, in qualunque posto dove li avessero voluti tutti e due
Ogéniu fut prus anzianu ’e issu, no ìat fattu mancu sa guerra, e cun Ogéniu Luisicu s’intendìat segùru, comente unu pipìu chi èssit circau unu prus mannu ’e issu po ddu difendi, po ddi fai sa parti, si ddu ind’èssit istétiu abbisóngiu	Ogéniu era più anziano, non aveva fatto nemmeno la guerra, con lui Luisicu si sentiva sicuro, come un bambino che si fosse accompagnato con una persona adulta per essere protetto, per essere difeso, se ve ne fosse stato bisogno
Bona parti de s’ierru e de su beranu fut andau a marrai trigu e fà, pesendusindi a iscurìu e contoniendu a su scorigadróxu, arrogau	Così per una buona parte dell’inverno e della primavera aveva zappato fave e grano, alzandosi al buio e rincasando al crepuscolo, stroncato
Candu marràt no chistionàt cun nèmus, sceti calincunu fueddu cun Ogéniu	Quando lavorava non parlava con nessuno, soltanto qualche parola con Ogéniu
A bòrtas is meris si ponìant a marrai cun is giorronaderis, e a s’ora ’e pappai, o a merì cand’acabànta, sterrìanta chistionis, bolìant intendi de Luisicu is contus de sa guerra	Certe volte i padroni zappavano a fianco dei giornalieri, e all’ora del pasto, o la sera alla fine della giornata, intavolavano discorsi, volevano sentire da Luisicu i racconti della guerra
Ma Luisicu s’indi bessìat cun dus fueddus: “Cosas passàdas”.	Ma Luisicu li liquidava con due parole: “Cose passate”.
Però candu ddu bìanta marrendu, incrubau, bintu, po issus, mancai no dd’èssinti donau a biri, fut una soddisfazioni manna:	Però quando lo vedevano zappare, curvo, vinto, per loro, quantunque non lo dessero a vedere, era una grossa soddisfazione:
“E penzai ca dd’iàus èssi dépiu timi…”.	“E pensare che avremmo dovuto temerlo…”.
Ma sa soddisfazioni di andai a peis insoru po si fai donai is dexi francus de sa giorronàda, Luisicu no si dda sìat donàda mai: Ogéniu si fìat pagai po tot’a is dus	Ma la soddisfazione di vederlo ai loro piedi per riscuotere le dieci lire della giornata Luisicu non gliela aveva data mai: Ogéniu si faceva pagare per entrambi
Fèssit chi a traballai a dì intrea no fut avvesu, fèssit su soli ’e marzu, Luisicu beni meda no s’intendìat ìat cumenzau cun calincunu doloreddu ’e conca, a mesu mengiànu, chi ddi passàda luegu, poi ddi torràda a merì e ddi passàda sceti candu senzàt de marrai e si ponìant in camminu po torrai a dómu	Fosse che non era abituato a lavorare per l’intera giornata, fosse il sole di marzo, Luisicu non si sentiva troppo bene: prima qualche dolorino di testa, la mattina, ma gli cessava subito, poi la sera, e gli cessava soltanto quando smetteva di lavorare e si metteva in cammino per tornare a casa
No fut passau meda, e una dì, candu fùant acabendu sa giorronada, ddi fut benìu unu scimìngiu	Non era passato molto tempo, ed un giorno, quando il lavoro stava per finire, era stato colto da vertigini
Ma si fut imbarau a su marroni e no s’indi fut sapìu nèmus	Si era appena appoggiato alla zappa e nessuno si era accorto di nulla
A bòrtas passànta dis e dis senza chi s’èssit inténdiu nudda; poi torràt su dolori ’e conca, is iscimìngius	Passavano giorni e giorni senza che accusasse alcun disturbo, poi, all’improvviso, mal di testa e vertigini
E s’intendìat débili, abbàttiu	Si sentiva debole, abbattuto
“Gei pàssat”, penzàda	“Passerà” pensava
E traballàt che is àturus, pru’ de is àturus	E lavorava come gli altri, più degli altri
– De sa dì chi fut morta Bràbara, Antoni Maria no podìat biri sànguni	– Dal giorno in cui era morta Barbara, Antoni Maria non poteva vedere sangue
– Fut sèmpiri a iscuppetta a coddu, ma dda portàt prus po braga che po sparai, e poi ìat èssi bastau s’ammallezzu	– Sempre a schioppo in spalla, ma lo portava più per vezzo che per servirsene, sarebbe bastata la minaccia
– Ma ddi praxìat a andai a cassa, ddi praxìat sa pezza ’e cassa	– Però gli piaceva andare a caccia, gli piaceva la cacciagione
– E fattu-vattu movìat, cun cuddus setti fillu’ de su dimóniu, i andànta facci a Tònniri, o prus a accanta, a Arrì’’e Pròcusu o a Perdemengianu	– E di tanto in tanto partiva, con quei sette figli del Demonio, andavano verso Tònniri, o più vicino, a Arriu ’e Pròcus o a Perdemengianu
Tandu cassa s’ind’agattàt pru’ di oi	Allora selvaggina ce n’era
– Lómpiu a su logu, ponìat cuddus setti a fai trumbullu, e issu si ponìada in sa posta	– Giunti sul posto metteva i sette a fare strepito e lui si piazzava nella posta
Candu su pégus, sriboni o crabiollu chi fèssidi, ddi passàda a trettu, innanti ci ddu lassàda stesiai, a agoa ddu sparàda: a part’’i aségus, però, a su stampu fattu, po no ddi ’essìri sànguni	Quando l’animale, cinghiale o capriolo che fosse, gli passava a tiro, prima lo lasciava allontanare e poi gli sparava: alla parte di dietro, però, al buco già fatto, perché non gli uscisse sangue
E no si bìada mancu s’intràda ’e sa balla	E così non si vedeva nemmeno da dove era entrata la palla
– A cristianu’ no ìada sparau mai, sarvu che i cudda ’orta a Lusciori, unu de i’ zaràcusu, ma no dd’ìat fattu nudda	– A un cristiano non aveva sparato mai, salvo che quella volta a Lusciori, uno dei servi, ma non gli aveva fatto alcun male
S’assìcchidu però fudi stau mannu	Lo spavento però era stato grande
– In bìngia Antoni Maria tenìat unu giualli ’i àxina, chi no carrìat meda, ma fut de una callidadi chi in bidda no s’ind’ìada mai biu	– In vigna Antoni Maria aveva un filare di viti che non produceva molto, ma l’uva era di una qualità che in paese non si era mai vista
Antoni Maria no pappàt che de cussa, ma sigomenti fut pagu, no bollìat chi nisciunu ’nd’èssit toccau manc’unu pibiòni	Antoni Maria non mangiava che di quella, ma siccome era poca non permetteva a nessuno di assaggiarne nemmeno un acino
– Però s’àxin’’e cussu giualli praxìat a Lusciori puru, e una notti fàit finta di andai a si crocai e zùccad’a bìngia	– Ma l’uva di quel filare piaceva anche a Lusciori, e una notte fa finta di andare a coricarsi e scende in vigna
Fudi in pizzu de su muru, prontu po ci sartai, candu ’ntèndit comente unu tronu e bit una lampiggiàda	Era già sul muro e stava per saltare dentro quando sente come un tuono e vede una lampeggiata
In su própiu momentu intèndit unu pizziori callenti a sa moll’’e su zugu, ma forti, comente chi fèssinti passendiddi unu murcioni allutu	Nello stesso momento sente un pizzicore caldo alla nuca, ma forte, come se stessero passandogli un tizzone acceso
Senz’’e cumprendi su chi fut suzzedendiddi, ci ddi ’òllat de conca sa berritta, su muccadori e i sa pretta ’e is pìllus, ca tandu is óminis ddus portànta trottoxiàus a ingiri’’e conca, che is féminas	Senza comprendere ciò che stava succedendo, gli vola di testa la berritta, il fazzolettone e la treccia dei capelli, perché allora gli uomini portavano i capelli lunghi come le donne, attorcigliati intorno alla testa con un fazzoletto
– Tremendu che una folla, cun su ’azzilli tot’abbruschiau, ’ndi ’óddit a lésturu sa berritta mall’accòncia e cùrrit a bidda, spramau	– Tremando come una foglia, con la nuca tutta bruciacchiata, Lusciori raccoglie in fretta la berritta e corre in paese, terrorizzato
– Candu fut po ’ntrai in domu, anant’’e su portalli agàtat a Antoni Maria, frimu, cun sa pipa in bucca:	– Quando sta per entrare in casa, sul portale trova Antoni Maria, fermo, con la pipa in bocca:
– “A innui dimóniu fusti, a i cust’ora, Lusciori	– “Dove diavolo eri, a quest’ora, Lusciori
Scummittu ca fust’a dom’’e cudda viudedda	Scommetto che eri in casa di quella vedovella
O mi sbàlliu?”.	O mi sbaglio?”.
– “Tiàull’’e brùllas” fàit cuddu, cun sa berritta totu stampàda craccàda in facci	– “Diavolo di burle” fa quello, con la berritta tutta bucata calcata in testa fino alle orecchie
– “Lusciori, Lusciori gei ddu scis ca sa scuppetta mia no fàddidi, chi deu no dda ’ollu fai faddìri	– “Lusciori, Lusciori lo sai bene che il mio schioppo non fallisce, se io non voglio farlo fallire
Dona attenzioni e no penzis prus a s’àxina, chindighinò un’àtara ’orta sparu tre’ didus a part’’i ainturu	Sta attento e non pensare più a quell’uva, se non vuoi che miri tre dita più in dentro
E tandu pòdit èssi chi piccigàda a sa pretta si pèsit a bollai sa conca tua puru…”.	In quel caso potrebbe darsi che insieme alla treccia dei capelli si alzi a volare anche la tua testa”.
Fut appena intrau in domu, unu sàbudu a merì, contoniendu ’e marrai	Era appena entrato in casa, un sabato sera, tornando dal lavoro
Sara dd’ìat preparau s’aqua in su lavamanu, su sciugamanu lìmpiu, comenti fìat dónnia dì Si fut isciaquau, e su dolori ’e conca parìat chi fèssit passendiddi	Sara gli aveva preparato l’acqua nel lavamano, l’asciugamano pulito, come faceva ogni giorno, si era lavato, e il mal di testa stava passandogli
Su Maistu fut benìu apusti cena	Su Maistu era venuto dopo cena
“Senti, Luisicu, cras a mangianu at a benni il Direttore Regionale del Partito, in visita alla Sezione	“Senti, Luisicu, domani mattina verrà il Direttore Regionale del Partito, in visita alla Sezione
A is ott’e mesu eus a fai una riunione degli iscritti, in Sezione, in divisa is chi dda tèninti, poi eus a andai a dd’arriccìri a s’arrìbu, inquadrati	Alle otto e mezza faremo una riunione degli iscritti in Sezione, in divisa quelli che ce l’hanno, poi andremo a riceverlo all’arrivo, inquadrati
Ti raccumandu de no mancai	Ti raccomando di non mancare
Apu fattu giai ghettai unu bandu po avvisai sa popolazioni, poita apusti ’e sa missa Paolo Pili bòlit fai una parlata in Sa Prazzitta”.	Ho già fatto dare un bando per avvisare la popolazione, perché dopo la messa Paolo Pili vuol fare una parlata in Sa Prazzitta”.
“Paolo Pili	“Paolo Pili
E chin’esti	Chi è
In su centuxinquantunu no ddui fut de seguru, no dd’apu inténdiu mai nomenai”.	Nel centocinquantuno non c’era, non l’ho mai sentito nominare”.
“Fut in artiglieria, creu	“Era in artiglieria, credo
Sergenti	Sergente
Immoi è professori”.	Adesso è professore”.
“Apu cumpréndiu”. (Un’àturu de sa Brigata Lepre, seconda armata).	“Ho capito”. (Un altro della Brigata Lepre, seconda armata).
Ma candu fut arribau, Paolo Pili dd’ìat fattu cambiai idea	Ma quando era arrivato, Paolo Pili gli aveva fatto cambiare idea
Bestìu totu ’e nieddu, cun d’unu pagu ’e brenti ma lébiu, ’ndi fut bessìu de s’automobili cun d’unu brìnchidu, e appenas ìat bistu a Luisicu cun totu is nastrinus e su restu, ìat indovinau chini fut e dd’ìat téndiu sa manu:	Vestito tutto di nero, con un po’ di pancia ma agile, era uscito dall’automobile con un salto, e appena aveva visto Luisicu con tutti i nastrini ed il resto aveva indovinato chi era e gli aveva teso la mano:
Luisicu, tétteru, si fut postu sull’attenti	Luisicu si era messo sull’attenti, rigido
Casu mai ìat a toccai a mei, a mi ponni sull’attenti, poita deu femu sergenti, sergenti di artiglieria, e senza decorazionis né promozionis, mancai su doveri miu dd’apa fattu deu puru”.	Caso mai toccherebbe a me mettermi sull’attenti, perché io ero sergente, sergente di artiglieria e senza decorazioni né promozioni, benché il mio dovere l’abbia fatto anch’io”.
“Ma fusteti…”.	“Ma lei…”.
“Macché fusteti, dammi del tu, femus collegas, entrambi sottufficiali, anzis su superiori fìasta tui, aiutante”.	“Macché lei, dammi del tu, eravamo colleghi, entrambi sottufficiali, anzi il superiore eri tu, aiutante”.
E dd’ìat bófiu sèmpiri a su costau, in su curridóriu ’e su Municipiu, finzas e cand’ìat fattu sa parlata	E l’aveva voluto sempre al suo fianco, anche nel balcone del Municipio, quando aveva fatto la parlata
Parlata chi Luisicu no ìat inténdiu mancu beni meda, penzendu comenti fut a is cosas suas	Parlata che Luisicu non aveva capito molto bene, pensando come stava alle cose sue
Ìat cumpréndiu sceti ca Paolo Pili ìat chistionau de casu, di cooperative di pastori, e di àtaras cosas chi a issu	Aveva capito soltanto che Paolo Pili aveva parlato di formaggio, di cooperative di pastori, e di altre cose che a lui
Su ch’importàda a Luisicu fut ca sa genti, totu sa genti ’e Biddanoa, ìat póziu biri ca óminis comente Paolo Pili s’arregordànta sèmpiri dell’aiutante di battaglia Luisicu, mancai òi no fèssit che unu giorronaderi	Ciò che importava a Luisicu era che la gente, tutta la gente di Biddanoa, vedesse che uomini come Paolo Pili ricordavano sempre l’aiutante di battaglia Luisicu, anche se oggi non era che un giornaliero
E ca ddu stimànta comente tandu	E che lo stimavano come prima
Acabàda sa parlata, senzaus is zaccarramanus, Paolo Pili fut partìu	Finita la parlata, finiti i battimani, Paolo Pili era partito
Torrau a domu, Luisicu ìat pràndiu cun appititu, s’intendìat beni, apustis de tanti tempus	Tornato a casa Luisicu aveva pranzato con appetito, si sentiva bene, dopo tanto tempo
Né dolori ’e conca né iscimìngius, nudda	Né mal di testa né vertigini, nulla
Si fut corcau unu pagheddu poi fut bessìu	Si era riposato un po’, poi era uscito
Fut domìnigu, e comente dónnia domìnigu in Sa Prazzitta fùanta baddendu	Era domenica, e come tutte le domeniche in Sa Prazzitta si ballava
Candu fut arribau Luisicu fut cumenzau pag’ora su primu ballu, e comente sèmpiri, su primu ballu ddu sonàt Tatànu	Quando era arrivato Luisicu era cominciato da poco il primo ballo, e come sempre il primo ballo lo suonava Tatanu
Tatànu fut sabateri e imbriagoni, ma grandu sonadori	Tatanu era calzolaio e ubriacone, ma grande suonatore
E prus fut imbriagu, mellus sonàda	E più era ubriaco meglio suonava
Sonàda imbriagu pérdiu, a ogus serraus, dromìu ma piccigau a sa cadira, senza ’e faddìri mai una picchiàda	Suonava ubriaco perso, a occhi chiusi, addormentato ma incollato alla sedia, senza sbagliare una nota
Ma custu fut su primu ballu e ancora Tatànu fut sanu: sonàt a lébiu a lébiu, is didus innieddigaus de sa pixi parìat chi èssint appenas allisau is tastus de su sonettu, casi senza ’e ddus toccai	Ma questo era il primo ballo, e ancora Tatanu era sobrio: suonava leggero leggero, le dita annerite dalla pece sembrava che lisciassero appena i tasti dell’organetto, quasi senza toccarli
Ma fattu-vattu su sonu si fìat prus forti e prus léstru comente chi su sonadori èssit bófiu biri si is peis de is baddadoris èssinti capassus de ddi ponni infattu	Ma di tanto in tanto il suono si faceva più forte e più rapido, come se il suonatore volesse vedere se i piedi dei ballerini erano capaci di tenergli dietro
Candu sonàt Tatànu baddànta is pru’ giòvunus e calincunu bragheri chi si bolìat fai biri pru’ giòvunu de su chi fudi	Quando suonava Tatanu ballavano i più giovani, e qualche sbruffone che voleva apparire più giovane di quanto non fosse
Po totu is baddadoris custu primu ballu fut che unu giogu tra issus e Tatànu: prus a tardu, in is àturus ballus, s’ìat èssi bista s’abilidadi de sonadori e de baddadoris	Per tutti i ballerini questo primo ballo era come un gioco tra loro e Tatanu: più tardi, negli altri balli, si sarebbe vista l’abilità del suonatore e dei ballerini
Acabau su ballu, Tatànu s’indi fut pesau e si fut incamminau facci a buttega: cumenzàt a tenni sidi	Finito il ballo Tatanu si era alzato e si era incamminato verso la bettola: cominciava ad aver sete
Is baddadoris fùanta torraus a ingìriu ’e Sa Prazzitta, abettendu s’àturu ballu	I ballerini ora erano fermi intorno a Sa Prazzitta, in attesa del prossimo ballo
Tot’in d’una, comente ch’ind’èssit bessìu di asutta ’e terra, cun su straccàsciu a coddu che unu fusili, in mesu Sa Prazzitta fut cumpartu Tiu Frori, su mellus sonadori ’e launeddas de totu sa Sardìnnia	All’improvviso, come se fosse sbucato da sotto terra, col turcasso di cuoio a tracolla come un fucile, in mezzo a Sa Prazzitta era apparso Tiu Frori, il miglior suonatore di launeddas di tutta la Sardegna
Tiu Frori tenìat settant’annus ma fut artu e istrìgili, derettu che unu piccioccheddu ’e binti e bellu ancora che unu frori, chi fut s’annomìngiu suu de candu fut pipìu	Tiu Frori aveva settant’anni ma era alto e sottile, diritto come un ragazzo di venti e bello ancora come un fiore, che era il suo soprannome di quando era bambino
Fut ómini de grand’arrespettu, de grandu bundàdi e de pagus fueddus	Era uomo di grande rispetto, di grande bontà e di poche parole
No buffàt né binu, né licòris, aqua ebbìa	Non beveva né vino né liquori, acqua e basta
Cun Tiu Frori baddàda sceti chini scìat baddai, is verus baddadoris, giòvunus o anzianus chi fèssint, óminis e feminas	Con Tiu Frori ballava soltanto chi sapeva ballare, i veri ballerini, giovani o anziani che fossero, uomini e donne
Is àturus no s’arriscànta, poita sa miràda incillìa de is ogus asulus de Tiu Frori ’ndi ddis ìat èssi fattu passai sa gana	Gli altri non si arrischiavano, perché lo sguardo accigliato degli occhi azzurri di Tiu Frori gliene avrebbe fatto passare la voglia
Candu sonàda, sézziu Tiu Frori ddu abarràt pagu: fattuvattu s’indi pesàda, e sèmpiri sonendu fìat su giru ’e su ballu, castiendu is peis de is baddadoris	Quando suonava, Tiu Frori seduto ci stava poco: di tanto in tanto si alzava e sempre suonando faceva il giro del ballo guardando i piedi dei ballerini
Si calincunu sballiàt passu, arziendu is ogus agatàda is ogus de Tiu Frori chi ddu castiànta comente chi dd’èssinti bófiu pungi, e intendìat su tumbu sonendu prus a forti, inchietu	Se qualcuno sbagliava il passo, alzando gli occhi incontrava gli occhi di Tiu Frori che lo guardavano come se volessero infilzarlo, e sentiva “su tumbu” suonare più forte, inquieto
E candu ddi torràt a passai a ananti, Tiu Frori ddu castiàda in facci e pistàt su pei a terra po ddi donai su tempus, inchietu issu puru	E quando gli ripassava davanti Tiu Frori lo guardava in faccia e batteva il piede per terra per dargli il tempo, inquieto anche lui
Su merì, comenti fìat dónnia borta prima ’e cumenzai su ballu, Tiu Frori, appenas si fut sézziu in sa cadira, si fut postu a isceberai aintru ’e su straccàsciu prenu de tùmbus, mancosas e viudas, is launeddas chi dd’andànta mellus, provendiddas a una a una, tranquillu, sériu, comente chi fèssit solu	Quella sera, come faceva sempre prima di dare inizio al ballo, Tiu Frori, appena aveva preso posto sulla sedia, si era dedicato alla scelta delle launeddas, togliendo dal turcasso, ad uno ad uno, “tumbus”, “mancosas” e “viudas”, provandoli tranquillo, serio, come se fosse solo
Poi ìat cumenzau a sonai, adàsiu adàsiu	Poi aveva cominciato a suonare, adagio
De s’óru ’e Sa Prazzitta si fùanta móvius is baddadoris, óminis e feminas, e sùbitu a ingìriu ’e su sonadori si fut cumposta s’arroda ’e su ballu	Dai bordi di Sa Prazzitta i ballerini, uomini e donne, si erano già mossi, e subito intorno al suonatore si era composta la ruota del ballo
Su chi fut sézziu in sa banghina a su costau ’e Luisicu dd’ìat donau una scuidada e dd’ìat fattu ’e conca	Quello che gli sedeva a fianco sulla panchina aveva dato una gomitata a Luisicu e gli aveva fatto cenno con la testa
Luisicu fut abarrau in dudas: no baddàt de diora, annus e annus	Luisicu era rimasto un po’ in dubbio: era tanto che non ballava, anni
Ma òi	Ma oggi
Òi s’intendìat beni, própiu beni: s’indi fut pesau e passu passu si fut accostiau a su ballu	Oggi si sentiva bene, veramente bene: si era alzato e passo passo si era avvicinato al ballo
Dus piccioccus sùbitu ìant abertu, donendiddi sa manu, unu a una parti e unu a s’àtara: baddai cun Luisicu po issus fut un’onori	Due ragazzi, vedendolo, avevano subito aperto il cerchio e gli avevano dato la mano, uno da una parte e uno dall’altra: ballare con Luisicu per loro era un onore
E Luisicu ìat cumenzau a baddai, a séliu a séliu, a passus curzus, furriendu cun su ballu	Luisicu aveva cominciato a ballare, leggero, a passi brevi, girando col ballo
Fendu su giru chi fìat sèmpiri, Tiu Frori dd’ìat bistu, e passendiddi a ananti ìat arziau sa conca, dd’ìat castiau in facci cun is ogus arrì arrì e ìat móviu appena is launeddas, de bàsciu a susu e de susu a bàsciu, comenti a nai: “Beni torrau Tui sì…”.	Facendo il solito giro Tiu Frori l’aveva visto, e passandogli davanti aveva sollevato la testa, l’aveva guardato in faccia con i suoi occhi ridenti muovendo appena le launeddas dal basso in alto e dall’alto in basso, come a dire: “Tu sì…”.
S’arregordàt, Tiu Frori, de Luisicu giovoneddu, chi candu no fìat su maccu baddàt che un’ómini antigu, sériu, derettu, senza ’e sballiai unu passu in totu su merì	Si ricordava, Tiu Frori, di Luisicu giovincello, che quando non faceva il matto ballava come un uomo antico, serio, diritto, senza sbagliare un passo in tutta la sera
Candu no fìat su maccu	Quando non faceva il matto
Ma candu, apustis de su ballu ’e Tiu Frori, ìat torrau a sonai Tatànu, Luisicu ìat fattu su maccu	Ma quando dopo il ballo di Tiu Frori era tornato Tatanu, Luisicu aveva fatto il matto
Tatànu ìat cumenzau a buffai e immoi sonàt in d’un’àtara manera: a léstr’a léstru, is didus innieddigaus de sa pixi baddànta in su sonettu a trivas cun is peis de is baddadoris, giòvunus, alligrus, fortis, donniùnu disigiosu di èssi mellus de is àturus	Tatanu aveva già bevuto e adesso suonava in un altro modo: svelto svelto, le dita annerite dalla pece ballavano sull’organetto a gara con i piedi dei ballerini, giovani, allegri, forti, ognuno desideroso di essere migliore del suo vicino
Biendiddus Luisicu si fut iscarésciu de sa guerra, de Sara, de su dolori ’e conca e de totu	Vedendoli Luisicu si era dimenticato della guerra, del mal di testa e di tutto
Immoi tenìat dex’annus de mancu, bint’annus, tenìat, e sa própiu gana ’e baddai de candu tenìat bint’annus e baddàt mellus de totus, e arresistìat prus de totus	Adesso aveva dieci anni di meno, aveva vent’anni, e la stessa voglia di ballare di quando aveva vent’anni e ballava meglio di tutti, e resisteva più di tutti
Su ballu si fut abertu accantu bolìat issu: a ananti ’e su sonadori, tra unu e s’àturu de cuddus dus piccioccus ch’ìanta baddau cun issu su ballu ’e Tiu Frori	Il ballo si era aperto dove aveva voluto lui: davanti al suonatore, tra l’uno e l’altro di quei ragazzi che avevano ballato con lui il ballo di Tiu Frori
Biendu a Luisicu, Tatànu si fut iscaringiau a arrìri e ìat attaccau a sonai ancora prus a léstru, is didus colori ’e sa pixi bolànta in is tastus de su sonettu comenti abis ammacchiàdas	Vedendo Luisicu, Tatanu si era aperto in un sorriso ed aveva attaccato a suonare ancora più svelto, le dita annerite dalla pece volavano sui tasti dell’organetto come api impazzite
Ma is peis de Luisicu fùanta prus lèstrus de is didus de su sonadori, e Tatànu, sudau, non ci arrennescìat a ddis ponni infattu	Ma i piedi di Luisicu erano più svelti delle dita del suonatore, e Tatanu, sudato, non riusciva a stargli dietro
Poi, poderendusì a is brazzus de is piccioccus chi portàt a su costau, Luisicu cun d’unu brìnchidu si fut postu conca a bàsciu e peis a susu e ìat fattu sa sciampitta, sighendu a baddai	Poi reggendosi alle braccia dei ragazzi che aveva al fianco, Luisicu con un balzo si era sollevato da terra, i piedi in alto e la testa in giù, eseguendo “sa sciampitta” e continuando a ballare
Is peis de su baddadori si movìanta in s’àiri che is alas de unu pilloni nieddu, e Tatànu fut sudendu: né is didus nieddus, né sa boxi serregada ’e su sonettu ddus podìanta sighìri	Nell’aria i suoi piedi si muovevano come le ali di un uccello nero, e Tatanu sudava: né le sue dita nere, né la voce rauca dell’organetto potevano stargli al passo
Su ballu si fut firmau, baddàda sceti Luisicu, in s’àiri: e fut cosa ’e biri	Il ballo si era fermato, ballava solo Luisicu, nell’aria: ed era cosa da vedere
Ma tot’in d’una	Ma d’un tratto
Tot’in d’una is ògus de Luisicu no ìanta bistu prus nudda, scurìu	D’un tratto gli occhi di Luisicu non avevano visto più nulla, buio
Sa Prazzitta si fut fatta una grutta prena ’e scurìu chi c’ìat ingùrtiu dónnia cosa, genti, domus, baddadoris e sonu	Sa Prazzitta era una grotta piena di buio che aveva inghiottito ogni cosa, gente, case, ballerini e suono
Is manus chi in su ballu stringìanta cun forza is brazzus de is dus piccioccus, si fùanta comente ammoddiàdas, is didus si fùant abertus e Luisicu ’ndi fut illiscinau a terra, e in terra fut abarrau, longu, stendiau, cìrdinu: parìat mortu	Le mani che nel ballo stringevano con forza le braccia dei due ragazzi, si erano allentate, deboli, le dita si erano aperte, e Luisicu era scivolato per terra, e in terra era rimasto, lungo, disteso rigido: sembrava morto
Tatànu ìat senzau ’e sonai, e totu is baddadoris si fùanta pinnigaus a ingìriu, spantaus, castiendusì in facci s’unu cun s’àturu senza ’e sciri eita fai, is feminas assiccàdas	Tatanu aveva smesso di suonare e tutti i ballerini si erano ammucchiati intorno, spaventati, guardandosi in faccia l’uno con l’altro senza sapere cosa fare, le donne tremanti
Fut passau calincunu minutu e Luisicu ìat cumenzau a si movi, a si pistai, is ogus isparpalocciàus, sa facci lèggia, sa bucca prena ’e spuma, sa lingua in foras	Era passato qualche minuto e Luisicu aveva cominciato a muoversi, a dibattersi, gli occhi sbarrati, la faccia stravolta, la bocca piena di schiuma, la lingua penzoloni
Is dus piccioccus chi dd’ìanta susténniu candu fut baddendu, immoi, in terra, ddu poderànta po no si strupiai	I due ragazzi che lo reggevano mentre ballava adesso lo tenevano fermo per evitargli di farsi male
Fùanta fortis, ma cuddu si movìat cun sa forza de dex’óminis	Erano forti, ma Luisicu si agitava con la forza di dieci uomini
Sudànta	Sudavano
Apustis de unu pagheddu Luisicu si fut asseliau, parìat dormìu	Dopo un po’ si era calmato, sembrava che dormisse
Zerriau no si scit de chini, fut arribau su dottori, si fut ingenugau in terra e dd’ìat toccau su burzu, dd’ìat abertu is ogus: “Epilessia, malecadùcu”. Ma sa genti dd’ìat giai cumpréndiu	Chiamato non si sa da chi era arrivato il medico Si era inginocchiato per terra, gli aveva tastato il polso, gli aveva aperto gli occhi: “Epilessia, malcaduco”. Ma la gente aveva già capito
Dd’ìanta pigau in quattru, e cun su dottori infattu, ci dd’ìant portau a domu	L’avevano sollevato in quattro, e col dottore appresso l’avevano portato a casa
Intrendu in prazza ìant agatau a Sara chi, beni cuncordàda, fut andendu issa puru a Sa Prazzitta, a biri is ballus	Entrando nel cortile avevano incontrato Sara che, tutta ben messa, stava andando anch’essa a Sa Prazzitta
Biendu a Luisicu in cussu stadu si fut firmàda comente chi dd’èssinti ferta a balla	Vedendo Luisicu in quelle condizioni si era fermata di colpo, come se le avessero sparato
Su dottori si ddi fut accostiau, trattenendidda, immoi, de s’inci scudi asuba ’e su maridu, e circhendu de ddi spiegai su ch’ìat tentu Luisicu	Il dottore le si era fatto incontro impedendole di avvicinarsi troppo al marito, e tentando di spiegarle cos’era successo a Luisicu
Ma issa fut abarràda a bucc’aberta, pregontendu a totus cun is ogus, senza ’e unu fueddu, senza ’e una làmbriga, disisperada	Ma lei era rimasta a bocca aperta, chiedendo a tutti con gli occhi, senza una parola, senza una lagrima, disperata
Stendiau in su lettu Luisicu parìat mortu, ma su dottori, cun Sara a accanta, fut aspettendu chi fèssit passau s’attaccu e s’ind’èssit iscidau	Steso sul letto Luisicu sembrava morto, ma il dottore, con Sara vicino, attendeva che passasse la crisi e si svegliasse
S’indi fut iscidau apustis de duas oras, cun d’unu grandu suspiru	Si era svegliato dopo due ore, con un gran sospiro
Ìat abertu is ogus e si fut castiau a ingìriu, senza ’e cumprendi su chi ddi fut suzzédiu	Aveva aperto gli occhi e si era guardato intorno senza comprendere
A pagu a pagu ìat cumenzau a ’ndi bessìri de cudda grutta ’e scurìu chi ci dd’ìat ingùrtiu, ma s’intendìat débili, spossau, comente chi èssit fattu chini scit eita	Lentamente stava venendo fuori dalla grotta di buio che l’aveva inghiottito, ma si sentiva debole, spossato, come se avesse fatto chissà che cosa
Su ballu sa genti	Il ballo…, la gente
forzis ìat fattu unu bisu	forse aveva fatto un sogno
Ma su dottori, Sara accanta ’e su lettu, e una lampiggiàda di arregodu, dd’ìanta fattu cumprendi totu	Ma la presenza del medico, Sara accanto al letto e un lampo di memoria gli avevano fatto capire tutto
E fut comente chi dd’èssinti donau una stoccada in pettorras, a sa sfidiàda	E fu come se gli avessero dato una pugnalata in pieno petto, a tradimento
Fu comente chi sa guerra no èssit acabàda ancora e issu, po sa primu borta, fèssit istétiu ferìu, de una ferìda mala, issu, Luisicu, s’aiutanti ’e battaglia Luisicu, chi in prus de tres annus de guerra no dd’ìat toccau mai né balla né baionetta	Era come se la guerra non fosse ancora finita e lui fosse stato ferito per la prima volta, come se gli fosse stata inferta una brutta ferita, a lui, Luisicu, l’aiutante di battaglia Luisicu che in più di tre anni di guerra non era stato mai sfiorato né da pallottola né da baionetta
Cumprendìat ca de cussu domìnigu a merì, apustis de cussu ballu chi po issu, de seguru, fut istétiu s’ùrtimu, medas cosas in sa vida sua ìant’èssi cambiàdas	Capiva che da quella domenica sera, dopo quel ballo che per lui sarebbe stato l’ultimo, la sua vita non sarebbe stata più la stessa, sarebbe cambiata
In peus, forzis	In peggio, forse
Ma chini ddu podìat isciri	Ma chi poteva saperlo
Forzis bastàt a no s’arrendi	Forse bastava non arrendersi
No, no si depìat arrendi, no si fut arréndiu mai e no s’ìat èssi arréndiu mancu custa borta	No, non doveva arrendersi mai, e non si sarebbe arreso nemmeno stavolta
Cras, impari cun Sara, sa friulana coraggiosa chi po issu ìat lassau is parentis, sa genti e is logus suus, cras ìat èssi cumenzau totu ’e nou, ìat èssi stétiu comente intrai in d’un’àtara trincera: immoi scìat ca po issu sa vida fut una guerra chi no acabàt mai	Domani, con Sara, la ragazza friulana coraggiosa, che per lui aveva lasciato i suoi parenti, la sua gente, i suoi luoghi, domani avrebbe ricominciato tutto da capo, sarebbe stato come entrare in un’altra trincea: adesso sapeva che per lui la vita era una guerra che non finiva mai
Comente chi dd’èssit inténdiu, Sara s’indi fut pesàda ’e sa cadira e dd’ìat passau una manu in fronti, lébia:	Come se l’avesse sentito Sara si era alzata dalla sedia e l’aveva carezzato sulla fronte, leggera:
“Tèngiu sonnu”.	“Ho sonno”.
Sara si fut accostiàda a sa ventana, ìat serrau is iscurinus e ci fut bessìa ’e s’aposentu in punta ’e pei, lassendu s’enna scaringiàda	Sara si era avvicinata alla finestra, aveva abbassato le imposte ed era uscita dalla stanza in punta di piedi, lasciando la porta socchiusa
In su dormiscìda Luisicu intendìat ancora sa muìda ’e su ballu, e ddi parìat de biri a Tatànu pistendu in su sonetu cun didus de dimóniu	Nel dormiveglia Luisicu sentiva ancora il suono smorzato dell’organetto e gli sembrava di vedere Tatanu pestare sui tasti con dita di demonio
– Domentilla fut intràda ’n prazza a cuaddu, a s’intrad’’e su solli	– Domentilla era comparsa in cortile a cavallo, al sorgere del sole
Antoni Maria dd’ìat bia ’e sa ventana, ma no si fut móviu finzas a chi no ìada ’nténdiu tocchendu s’enna	Antoni Maria l’aveva vista dalla finestra ma non si era mosso fintanto che non aveva sentito bussare alla porta
E i dd’ìat aberta candu ddi fut partu ca s’enna fèssit po ’nd’arrùi	L’aveva aperta solo quando gli era parso che stesse per cadere sotto i colpi
– Dd’ìat connota luegu, mancai fèssinti passàusu giai quindix’annus: tandu fut una giovonedda senz’’e mallesa, sprexurìa, a is primas, e immoi fut una femina fatta, ìat passau is trinta	– L’aveva riconosciuta subito, benché fossero trascorsi quasi quindici anni: allora era una ragazzina senza malizia, spaventata, in principio, e adesso era una donna fatta, aveva passato i trenta
Fut issa, e fut un’àtara, frózis in cussus annus ìat pru’ guadangiau che pérdiu	Era lei ed era un’altra, forse in quegli anni la sua bellezza aveva più guadagnato che perso
– No fut prusu unu button’’i arrosa, moi, ma un’arros’’e centu fòllasa, spannàda ma no ispinniàda, e tenìat figura, e bellesa, e fragu ’onu ’i arrosa	– Non era più un bottone di rosa, adesso, ma una rosa vellutata, sbocciata ma non sfogliata, ed aveva figura, bellezza e profumo di rosa
– “Poita ses torràda?”.	– “Perché sei tornata?”.
– Dd’ìat castiau chen’’e dd’arrespundi	– L’aveva guardato senza rispondergli
– “E candu ses partìa, de ’idda tua?”.	– “Quando sei partita dal tuo paese?”.
– “Ariser’’e notti”.	– “Ieri notte”.
– “De chin’è cussu cuaddu?”.	– “Di chi è quel cavallo?”.
– “Furau”.	– “Rubato”.
– “Coiàda ti ses, o no?”.	– “Ti sei sposata, o no?”.
– “No”.	– “No”.
– “Eita ’òllisi?”.	– “Cosa vuoi?”.
– “Abarru o m’ind’andu?”.	– “Rimango o me ne vado?”.
– “Abarra, po moi”.	– “Rimani, per adesso”.
E fut abarràda	– Ed era rimasta
A de dì ddi prenìat sa ’omu, a de notti su lettu, mannu che i s’aposentu	Di giorno gli riempiva la casa, di notte il letto, grande quanto la stanza
– Fèssit ca issu puru cumenzàt a èssi mannittu, fèssit ca Domentilla ballìat po tresi, Antoni Maria a furai féminasa no ddui fut torrau prusu	– Fosse che anche Antoni Maria cominciava ad essere grandetto, fosse che Domentilla valeva per tre, Antoni Maria a rubare donne non c’era andato più
– Bessìat pagu finzas e di ’omu, si fut achietau	– Usciva poco anche da casa, si era chetato
Cun Domentilla no dd’ammancàt pru’ nudda, fut cumpàngia, fut sorri, mer’’i ’omu e femin’’e lettu	Con Domentilla non gli mancava nulla, era compagna, sorella, padrona di casa e femmina da letto
– A bòrtas penzàt chi fèssit una brulla ’e Coixedda, chi si dd’èssit mandad’issu chini scit poita, po beni no, malladittu sìada	– A volte pensava che fosse uno scherzo di Coixedda, che gliela avesse mandata lui chissà perché, per bene no, maledetto sia
– A Domentilla ’ndi dd’ìat pigàda s’arrìu	– A Domentilla l’aveva portata via il fiume
– Fut andàda a Frumindosa a isciaquai lana, cun is srebidoras, e fut intràda in aqua issa puru	– Era andata a Flumendosa a lavare lana, con le serve, ed era entrata in acqua anche lei
Fut forti e iscìat nadai, e cand’ìat biu una piscina, bella, paris, parìat unu sprigu, ci fut intràda e ìat cumenzau a nadai: ma sa piscina fut fungùda e traitora, e i ci dd’ìada ’ngùrtia	Era forte e sapeva nuotare e quando aveva visto in mezzo al fiume una bella distesa d’acqua, sembrava uno specchio, era entrata ed aveva cominciato a nuotare: ma l’acqua era profonda e traditrice e l’aveva inghiottita
– Debàdas fùant andaus a dda xicai, a pei i a cuaddu, oras i oras sighendu s’arrìu: no dd’ìant agatàda, mancu morta	– Invano erano andati a cercarla, a piedi ed a cavallo, seguendo il fiume, ore ed ore: non l’avevano trovata nemmeno morta
– Antoni Maria, candu dd’ìada scìpiu, no ìat nau mancu ba’, si fut incungiau in domu spérdiu, in sa ’omu ’buidàda totu ’n d’una, troppu manna po cuss’ómini disisperau chi no iscìat accantu si scudi	– Antoni Maria quando l’aveva saputo non aveva detto nemmeno ba’, si era chiuso in casa sperduto, nella casa vuota, all’improvviso troppo grande per uno come lui che non sapeva dove sbattersi
– I a de notti sa ’oxi:	– E di notte la voce:
– “Est ora, Antoni Maria Mulas”.	– “È ora, Antoni Maria Mulas”.
– S’indi fut pesau, ìat zerriau cuddus setti, ddis ìat fattu preni sa bértula de totu s’òru chi ddui capìada, e i c’iddus ìat mandaus	– Si era alzato, aveva chiamato quei sette, aveva riempito la bisaccia di ciascuno di tutto l’oro che ci stava, e li aveva lasciati liberi
– Agòa ìada ’nseddau su cuaddu e i ci fut bessìu	– Dopo aveva sellato il cavallo ed era uscito
– Fut una notti niedda che i sa pixi, e i sa ’ntrad’’e sa grutta dda podìat biri issu sceti	– Era una notte nera come la pece, l’ingresso della grotta poteva vederlo soltanto lui
Ìat toccau ’e sproni e i ci fut intrau ’n su scorìu	Aveva dato di sperone al cavallo ed era entrato nel buio
– Apusti de unu pagheddu si fut inténdiu su zérriu: léggiu, longu, verenau	– Dopo un po’ si era sentito un urlo: brutto, lungo, rabbioso
E infattu unu ’dorróccu, unu tronu ch’ìat fattu saddìri sa genti in su lettu, aurtìri is animallis, infridai is ous in i’ nius	E subito un boato, un tuono che aveva fatto sobbalzare la gente nel letto, abortire gli animali, gelare le uova nei nidi
– Su monti puru ìat tentu comente unu sàddidu e indi fut arrutu in pizzu de sa ’rutta, ’ndi dd’ìada sciusciàda, carraxàda, alluppendu su zérriu	– Anche il monte aveva avuto un sussulto ed era precipitato sulla grotta, l’aveva schiacciata, sepolta, soffocando il grido
Accantu fut sa ’rutta, immoi ddu ìat un’àturu monti, pru’ bàsciu: cuddu	Dov’era la grotta, adesso c’era un monte più basso: quello
– E de punt’’e su monti nou si fut inténdiu unu scracàlliu, léggiu pru’ de su zerriu, e unu son’’e cadenas: Coixedda fut torrendinci a sa omu ’e s’inferru, cun s’ànima di Antoni Maria a tragu	– E dalla cima del nuovo monte s’era udita una risata, agghiacciante più dell’urlo, e un rumore di catene: Coixedda stava ritornando nella sua casa dell’inferno con l’anima di Antoni Maria a tràino
E inveci fut arrendendusì	E invece stava arrendendosi
Cuss’attaccu de malecadùcu, comente unu corpu ’e balla chi dd’èssint iscutu candu fut baddendu, in d’una dì cumenzàda beni, dd’ìat cambiau: no fut prus Luisicu	Quell’attacco di malcaduco, come un colpo di fucile che gli avessero sparato mentre ballava, in una giornata incominciata in tutt’altro modo, l’aveva cambiato: non era più Luisicu
Iscìat c’apustis de cussu attaccu (ddu ind’ìat àturus, in bidda, cun su malecadùcu) ’ndi dd’ìat èssi benìu un’àturu, e poi un’àturu ancora, sèmpiri prus a craccu, po totu sa vida: una cundanna	Sapeva che dopo quell’attacco (ce n’erano altri in paese, col malcaduco) ne sarebbe venuto un altro, e poi un altro ancora, sempre più frequenti, per tutta la vita: una condanna
E si fut accromau: no fut andau prus a giorronada, né a Is Arrìus	Si era accasciato: non era più andato a giornata, né a Is Arrius
Prus che sa pagu forza, tenìat comente bregùngia de cumparri in mesu sa genti: no dd’ìanta bistu prus mancu in Sa Prazzitta	Più che lo stare poco bene, una specie di pudore gli impediva di comparire in mezzo alla gente: non l’avevano più visto nemmeno in Sa Prazzitta
Si sezzìat in coxina, in d’unu corrazzu, o apusti cena in sa ’ia, accanta ’e s’enna, a su friscu, is manus abbandonadas in coa, sa mirada fissa	Sedeva in un cantuccio della cucina, e dopo cena in cortile o in istrada, al fresco, le mani abbandonate sul grembo, lo sguardo fisso
No intràda mancu in is chistionis de is bixinus, sézzius a su costau	Non prendeva parte nemmeno ai discorsi dei vicini seduti accanto a lui
Penzàt e penzàda	Pensava e pensava
Sa miseria chi fut accostiendusì a issu no ddu spantàda mancu meda, fut nàsciu, in sa miseria, eppuru si fut fattu mannu su própiu	La miseria si stava avvicinando, a lui personalmente non faceva molta paura, era nato, nella miseria, eppure si era fatto grande ugualmente
Ma no podìat èssi sa própiu cosa po is pipìus, e po Sara	Ma non poteva essere la stessa cosa per i bambini e per Sara
Si issu no èssit póziu traballai prus ìat èssi toccau a issa, e iscìat ca Sara s’ìat èssi boccìa, po mantenni sa familia	Se lui non avesse più potuto lavorare sarebbe toccato a lei, e sapeva che Sara si sarebbe fatta a pezzi, per mantenere la famiglia
E no fut sa vida chi Sara minescìat	Per lei non sarebbe stata la vita che meritava
Fùanta passaus prus de dus mesis abettendu cun timorìa, ónnia dì, s’àturu attaccu chi de seguru dd’ìat èssi dépiu torrai, e inveci ddi parìat de s’intendi mellus	Erano passati più di due mesi aspettando con terrore, ogni giorno, il nuovo attacco, inevitabile, e invece gli sembrava di star meglio
Fut torrau calincuna borta a Is Arrìus, cun Ogéniu o cun is feminas, però: solu mai	Era tornato qualche volta a Is Arrius, con Ogéniu o con le donne, però: mai solo
Solu timìat, issu, Luisicu	Solo aveva paura, lui, Luisicu
Casi tres mesis, e ancora nudda	Quasi tre mesi e ancora nulla
Chi su dottori s’èssit isballiau	Che il dottore si fosse sbagliato
Cosas chi suzzèdint, podìat èssi stétia calincun’àtara cosa, su sànguni a conca comenti fut baddendu peis a susu, e no su malecadùcu	Cose che capitavano, poteva essersi trattato di qualche altro disturbo, il sangue alla testa come stava ballando a piedi in aria, per esempio, e non l’epilessia
Ma una dì, intrendu in domu, si ddi fut iscorigau tot’a ingìriu e fut arrutu a terra, si fut accirdinau, e sùbitu ìat cumenzau a si pistai e a bogai spuma ’e bucca: comente s’àtara borta	Ma un giorno, entrando in casa, gli si era fatto buio tutto intorno ed era caduto per terra, si era irrigidito, si era sbattuto, e subito la schiuma alla bocca: come l’altra volta
Comente s’àtara borta, a pag’a pagu, dì po dì, ìat cumenzau a s’intendi mellus, ma oramai pagu ddui creìat	Come l’altra volta, lentamente, aveva cominciato a sentirsi meglio, ma a questo miglioramento ormai poco credeva
Immoi scìat ca su dottori no si fut isballiau	Adesso sapeva che il dottore non si era sbagliato
E una dì, apusti de tanti tempus, fut torrau alla sezione de su partidu sardu	E un giorno, dopo tanto tempo, era tornato alla sezione del Partito Sardo
Candu is àturus s’indi fùant andaus e issu fut abarrau solu cun Su Maistu, si ddi fut postu a ananti e dd’ìat nau, totu a una tiràda, ma comente chi fèssit donendiddi un’órdini:	Quando gli altri erano andati via e lui era rimasto solo con Su Maistu, gli si era messo di fronte e gli aveva detto, tutto in una tirata, come se stesse dandogli un ordine:
“Fazzadamì sa domanda po sa penzioni”.	“Mi faccia la domanda per la pensione”.
Respinta	Respinta
In Biddanoa a is canis no ddis ponìanta mai nòmini ’e cani, a inforas de is canis de cassa, chi ddis ponìanta sèmpiri nòminis furisteris, comente Alì, Fido, Tripoli, o Dora si fut femina	In Biddanoa ai cani non mettevano mai nome di cane, all’infuori dei cani da caccia, ai quali mettevano sempre nomi stranieri, come Alì, Fido, Tripoli, o Dora se era femmina
Fùanta canis sennoris, is canis de cassa, po cussu ddis ponìanta nòminis de canis sennoris, is própius nòminis de is canis de cassa continentalis	Erano cani “signori” i cani da caccia, per questo portavano nomi di cani “signori”, gli stessi nomi dei cani da caccia continentali
A is àturus canis, a is canis de is pastoris e de is massaius, a is calleddus de bidda, piticus, furuncus, arrungiosus, bonus fetti a zaulai e a si ponni sa coa in mesu is càmbas si bìanta pirìgulu, sa genti ddis ponìat sèmpiri nòminis a dispettu: Traitori, Preizzosu, Pipiolu, Fingìu, Correddu, oppuru Dengòsa, Faimintrai, Culepùdda, Lingùda, Cerrixèrri Luisicu canis no ’ndi tenìat, tenìada sceti dus piccioccheddus, su de tres ddi fut nàsciu apusti de pagus dis chi dd’ìanta respintu sa domanda po sa penzioni	Agli altri cani, ai cani dei pastori e dei contadini, ai cani di paese, piccoli, ladruncoli, rognosi, buoni solo ad abbaiare, questi, ed a mettersi la coda fra le gambe se fiutavano il pericolo, la gente metteva sempre nomi a dispetto: Traitori, Preizzosu, Pipiolu, Fingìu, Correddu, oppure Dengosa, Faimintrai, Culepudda, Linguda, Cerrixerri. Luisicu cani non ne aveva, aveva solo due bambini, il terzo era nato dopo pochi giorni che gli avevano respinto la domanda per la pensione
Tranquillu, fut andau a s’Offìziu po sa denunzia, cun is testimòngius, e su segretariu, pagu tranquillu, dd’ìat fattu is domandas chi fìat sèmpiri in cussas occasionis:	Tranquillo, era andato in Municipio per la denuncia di nascita, con i testimoni, e il Segretario gli aveva fatto le solite domande:
“Su pipìu è mascu o femina?”.	“Il bambino è maschio o femmina?”.
“Mascu”.	“Maschio”.
“Eita ddi poneus de nòmini?”.	“Che nome vuoi mettergli?”.
“Debàdas”.	“Debàdas”.
“Comenti?”.	“Come?”.
“Debàdas”.	“Debàdas”.
“Ma Debàdas no est unu nòmini, è comente ddi ponni ‘Gratis’”.	“Ma Debàdas non è un nome, è come mettergli ‘Gratis’”.
“Appuntu”.	“Appunto”.
Su Segretariu no fut tontu e ìat cumprendiu	Il Segretario non era stupido ed aveva capito
Ma ìat bófiu tentai, mancai cun pagu speranza, de fai cambiai idea a Luisicu	Ma aveva voluto tentare, benché con poca speranza, di far cambiare idea a Luisicu
“Pepi – ìat nau a s’uscieri – càstia in su calendàriu quale santo si festeggia oggi”.	“Pepi – aveva detto all’usciere – guarda nel calendario quale Santo si festeggia oggi”.
Pepi s’indi fut pesau, s’ìat postu is occhialis in su nasu, su nasu in su calendàriu:	Pepi s’era alzato, si era messo gli occhiali sul naso, il naso nel calendario:
“San Defendente”.	“San Defendente”.
“Be’, Luisicu, no est unu bellu nòmini, Defendente	“Be’, Luisicu non è un bel nome, Defendente
Ìat èssi dexiu finzas a tui”.	Sarebbe stato bene anche a te”.
“Sissignori, bellu meda	“Sissignore, molto bello
Però ddi poneus s’àturu puru:	Però gli mettiamo anche l’altro:
Defendente Debàdas	Defendente Debàdas
E iscattilli su miu”.	E cognome il mio”.
Ci fut bessìu ’e s’Offìziu arriendu asutta ’e bruncu	Era uscito dal Municipio ridendo sotto i baffi
“Ti dd’ant a fai s’aquedottu, Minnìa, e tandu no ast a podi spoddiai prus, in su mori ’e Giuanneddu, cuddu passu stendiau presoneri ’e is gunneddas, po intrai sa prima in Sa Prazzitta cun sa màriga ’e s’aqua frisca in conca a una perra, e is óminis firmus a ingìriu ’e sa muralla a ’ndi ddis calai is salias, candu ti binti”.	“Te lo faranno l’acquedotto, Minnìa, e allora non dovrai più tirar fuori, nel sentiero di Giuanneddu, quel tuo passo disteso prigioniero delle gonne per entrare per prima in Sa Prazzitta, con la brocca dell’acqua fresca in testa, di sghimbescio, e gli uomini fermi sotto la muraglia con la bava alla bocca, quando ti vedono”.
“Immoi no mi binti prus comenti nas tui	“Adesso non mi vedono più come tu dici
Iap’èssi bella puru, moi, bestìa ’e nieddu cun sa màriga a una perra e i’ bràzzusu sciàmia-sciàmia	Sarei bella, adesso, vestita di nero con la brocca a sghimbescio e le braccia avanti e indietro
Immoi sa màriga mi dda pòngiu in s’anca, e i su passu no è prus cuddu”.	Adesso la brocca me l’appoggio sull’anca, e il passo non è più quello”.
“Cancaràda, sesi	“Sciancata, sei, adesso
Ses mellu’ de tandu	Per me sei meglio di allora
Gei ap’a passai ananti ’e domu tua, nottesta, a òr’’e mesunotti: no pòngiasta su passadori, Minnìa”.	Attenta che passerò davanti a casa tua, stanotte, verso mezzanotte: non mettere il saliscendi alla porta, Minnìa”.
“Ta mallu chi sesi	“Che cattivo, che sei
Tui ses che unu fradi po mei, gei ddu scisi, mancai tèngiasta sèmpiri gana ’e brullai	Ma tu sei come un fratello, per me, lo sai, benché abbia sempre voglia di scherzare
E poi creu chi tui puru scìpasta, comente totu sa ’idda, ca deu s’enna dda lassu scaringiàda po unu sceti”.	E poi credo che anche tu saprai, come tutto il paese, che io la porta la lascio socchiusa per uno solo”.
“Imbiau Sìnzula Ma deu timu ca cussu no ti fàidi mancu su chilli chilli: sì e no t’arrìbat a sinzu”.	“Beato Sìnzula. Ma io temo che quello non ti faccia nemmeno il solletico: sì e no ti arriva alla vita”.
“Ómini bàsciu	“Uomo basso
Bai, bai, dimóniu, ses fendumì nai finz’e fueddu’ màllus”.	Va, demonio, mi stai facendo dire anche le parole sporche”.
“Dus t’ind’as isceberau, unu mellu’ de s’àturu	“Due te ne sei scelta, uno meglio dell’altro
Su primu, pobiddu tuu, ìat èssi mancai unu brav’ómini, ma no è chi t’èssit déxiu meda	Il primo, tuo marito, sarà stato anche un brav’uomo, ma non è che fosse molto adatto per te
Fut prus anzianu ’e tui, unu pagu bovazzu, e comente figura a su costau tuu parìat unu mustaioni	Più anziano di te, un po’ sempliciotto, e come figura al tuo fianco sembrava uno spaventapasseri
E no fudi manc’arriccu: unu massaieddu callisisìada	E non era ricco: un piccolo agricoltore e nulla più
In su lettu, poi, no creu chi èssit fattu pru’ de sa tentixedda sua, si dda fìat puru, cun d’una fémina comente tui”.	A letto poi non credo che facesse più di quel poco se pure lo faceva, con una donna come te”.
“Ohi, fradi miu, cussa cóia	“Ohi, fratello, quel matrimonio
Chi ti ddu contu no ddui crèisi	Se ti racconto tutto non ci credi
No ’nd’apu chistionau mai cun nèmusu, mancu cun mammai”.	Non ne ho parlato mai con nessuno, nemmeno con mamma”.
“E cun Sìnzula?”.	“E con Sìnzula?”.
“Cun issu ’nd’apu dépiu chistionai amarolla, tantu s’ind’ìat èssi acatau su própiu, de zertas cosas	“Con lui ne ho dovuto parlare per forza, tanto se ne sarebbe accorto ugualmente, di certe cose
Ma a ddas contai a tui è diffarenti, mi pàrit de m’indi pigai unu pesu ’e su coru	Ma raccontarle a te è diverso, mi sembra di togliermi un peso dal cuore
Tui ses che unu fradi, torr’a nai, mancai sìasta che i su Tentadori, a bortas	Tu sei come un fratello, torno a dire, anche se qualche volta sei come il Tentatore
E seu segura ca de su chi ti nau no t’at a bessìri mancu mesu fueddu	Con tutto ciò sono sicura che di quello che ti dirò non ne parlerai con nessuno
Faidì su contu chi ti ddas èssit contàdas sorri tua, custas cosas”.	Fatti il conto che te le abbia raccontate tua sorella, queste cose”.
“Si su contu è longu, però, e no ti òllis trattenni, ìa a podi benni a domu tua, nottesta…”.	“Se il racconto è lungo e ora non vuoi trattenerti, potrei venire a casa tua, stanotte…”.
“E drìnghilli	“E dalli
Mi pàrit ca no ti naru pru’ nudda”.	Mi sembra che non ti dico più nulla”.
“No, nara, nara, gei fazzu a bonu”.	“No, racconta, racconta, faccio da bravo”.
“De candu tenìa dexiott’annusu, e innanti puru, piccioccus chi mi ollìanta in bidda ddu ind’ìat medas	“Da quando avevo diciotto anni, e anche prima, giovanotti che mi volessero, in paese, ce n’erano parecchi
Fillu’ de propietarius quattru o xincu	Figli di proprietari quattro o cinque
Callincunu mi praxìat puru	Qualcuno mi piaceva, perfino
E i sa gana ’e mi coiai fut manna, no ’ndi podìa prusu	E la voglia di sposarmi era grande, non ne potevo più
Fùanta ’enìus piccioccus finz’e de ’ìddasa stràngiasa, genti comenti tòccada, ma a pardinu, s’Arrettori, no ’ndi dd’andàt beni manc’unu, no apu mai póziu cumprendi poita	Erano venuti giovani anche da fuori, ragazzi come si deve, ma a padrino, il Rettore, non gliene andava bene nemmeno uno, non ho mai capito perché
Apu finz’e penzau chi fèssit gellosu	Ho anche pensato che fosse geloso
Bai tui	Va’ tu
Mammai fut fiuda e fìada sceti su chi ’ollìat pardinu	Mamma era vedova e faceva soltanto ciò che voleva padrino
E deu timìa de m’indi morri cun sa gana, candu fut benìu a mi domandai Pìllimu, sa bonànima	Ed io già temevo di morirmene con la voglia, quando era venuto a chiedermi Pìllimu, buonanima
Beh, no fut benìu issu, gei si scidi; ma cun issu fuau’ di accórdiu	Beh, non era venuto lui, si sa, ma con lui ero d’accordo
Fut benìu su babbu, Ti’Amadu, una notti apusti xena, comenti si fàidi	Era venuto suo padre, Ti’Amadu, una notte dopo cena, come si fa
Ast a tenni mancai arrexoni tui, ca Pìllimu no fut unu grandu partidu: fut mannittu e no fudi nì bellu nì arriccu	Avrai anche ragione tu che Pìllimu non era un grande partito: era grandetto e non era né bello né ricco
Ma deu no bollìa spettai prusu	Ma io non volevo attendere più
E gei ddu scis tui puru ca deu a bòrtas seu tostorruda, e candu mi pòngiu una cosa ’n conca no mi ’nd’idda ’ògada mancu su dimóniu	E lo sai anche tu che a volte io sono testarda, e quando mi metto una cosa in testa non me la toglie nemmeno il demonio
E candu no pozu binci a i’ bònas	E quando non posso spuntarla con le buone
Tandu forza ’ndi tenìa”.	Allora forza ne avevo”.
“Immoi se’ debilledda, scedàda”.	“Adesso sei deboluccia, poverina”.
“Beh, m’ia postu ’n conca de mi pigai a Pìllimu, e basta	“Be’, mi ero messa in testa di prendermi Pìllimu e basta
Candu Ti’Amadu ìat toccau s’enna, innant’’i oberri ìa pigau a mammai e i dd’ìa postu i’ manusu ’n facci: ‘Ascùrtidi: è benendu Ti’Amadu a mi domandai po Pìllimu, – dd’ìa nau – e deu ddu ’ollu	Quando Ti’Amadu aveva bussato alla porta, prima di aprire avevo preso mamma e le avevo messo le mani in faccia: ‘Ascolti: sta venendo Ti’Amadu a chiedermi per Pìllimu – le avevo detto – ed io lo voglio
Chi fustei dd’arrespùndit ca no, dd’allupu’.	Se lei gli risponde di no la soffoco’.
Mammai, scedàda, tremìat che una folla Ma Ti’Amadu no s’indi fut andau cun sa croccorìga Frozis mammai puru ìat cumpréndiu ca moi pardinu no podìat fai pru’ nudda, poita deu tenìa bintun’annu e podìa fai de conca mia	Mamma, poverina, tremava come una foglia, ma Ti’Amadu non se ne andò con un rifiuto, forse anche mamma aveva capito che ora padrino non poteva farci più nulla, perché avevo ventun anni e potevo fare di testa mia
Pardinu m’ind’ìat pigau su fueddu, candu mi bìat furriàt sa facci a s’àtara parti	Padrino mi aveva tolto la parola, quando mi vedeva girava la faccia dall’altra parte
A mammai, però, dd’ìat nau ca gei m’ind’ìa ap’èssi pentìa	A mamma però aveva detto che me ne sarei pentita
Mammai s’indi fut assiccada, candu dd’ìada ’nténdiu: timìat chi m’èssit fattu callincuna mazina de is chi fìat issu, ca ’ndi fìat finzas e po ’inài, a genti stràngia	Mamma, quando aveva sentito questo, si era spaventata: temeva che mi facesse qualche magia, di quelle che sapeva fare lui, che ne faceva anche per soldi, a gente di fuori
Candu si ponìada stolla e prapallissu, Déusu ’ndi càmpidi	Quando si metteva la stola, Dio ne scampi
T’ind’arregoda’ de cudda mat’’e méndula chi tenìada ’n prazza	Ti ricordi di quel mandorlo che aveva in cortile
Dónnia dì, a mericeddu, si ddui accullìada una nui ’e cruculleus e fìant un’abbollotu chi in domu no si cumprendìat su babbu cun su fillu	Ogni giorno, al tramonto, vi si posava una nuvola di passeri, e facevano tanto chiasso che in casa non si comprendeva il padre col figlio
Candu si fut arrósciu, una dì pardinu s’ìat postu sa stolla e ìat abertu su breviariu abrebullendu chini scit eita, poi ìat pigau su spersóriu e i ddis ìat donau un’arrusciàda di aquasanta	Quando si era stancato, un giorno padrino si era messo la stola e aveva aperto il breviario borbottando chissà che cosa, poi aveva preso l’aspersorio e aveva dato al mandorlo un’annaffiata di acqua santa
Is crucculleus si fùanta fuìus e de sa dì no s’ind’ìat torrà’ a biri manc’unu	I passeri erano volati via subito, tutti insieme, e da quel giorno non se ne era visto più nemmeno uno
Beh, po nai sa beridadi, no fua tranquilla mancu ’eu: a pardinu ddu timìa de candu fua picciocchedda	Beh, per dirti la verità, adesso non ero più tanto tranquilla nemmeno io: padrino lo temevo da quando ero bambina
Candu fua pitica deu fua malla, sèmpiri fora’ di ’omu gioghendu o gherrendu cun is piccioccheddu’ màscus, a iscolla pagu ddu andà, mi praxìat de prusu a fai sa perdullària in sa ’ia	Quando ero piccola io ero cattiva, sempre in giro a giocare e ad azzuffarmi con i maschi, a scuola poco ci andavo, mi piaceva di più vagabondare per le strade
Candu no ’ndi podìat prusu, mammai ddu naràda a pardinu	Quando non ne poteva più, mamma lo diceva a padrino
Pardinu mi zerriàda a deu andà a domu sua timendu chi m’èssit donau callincuna surra	Padrino mi chiamava ed io andavo a casa sua con la paura che mi desse qualche bastonata
Inveci no mi fìat nudda: sézziu in su cadironi cun sa ciccìa in conca, su cropettu scanciau e i sa pipa in mànusu, mi castiàt cun cuddus ogu’ de cuccumeu comente chi m’èssit bófiu trapassai de part’a parti, ma no mi naràda mancu mesu fueddu	Invece non mi faceva nulla: seduto sul seggiolone con la papalina in testa, il panciotto sbottonato e la pipa in mano, mi guardava con quegli occhi da civetta come se volesse trapassarmi da parte a parte, ma non mi diceva nemmeno una parola
A mei, strantàxa ananti suu tremendu che una canna, mi parìat chi èssit sartendumindi su coru	A me, in piedi davanti a lui che tremavo come una canna, sembrava che mi stesse saltando il cuore
Apust’’e unu pagheddu s’indi pesàda, e cun sa pipa fìat un’accìnnidu facci a s’enna	Dopo un po’ si alzava e con la pipa faceva un cenno verso la porta
Deu mi fuìa e torrà a domu	Io fuggivo e tornavo a casa
Po una bona simana parìa un’angionedda: obbidienti, aggiudà a mammai, andà a iscolla	Per un certo tempo sembravo un’agnellina: obbediente, aiutavo mamma, andavo a scuola
Non duràt meda, mancai	Non durava molto, però
T’indi contu un’àtara: a su predi de una idda a accanta dd’ìanta fattu canónigu, e pardinu no ddu podìat balliai	Te ne racconto solo un’altra Il prete di un paese vicino era stato fatto canonico, e padrino non poteva sopportarlo, era invidioso
Accant’’e sa omu de custu canónigu ddui passànta dua bias, una ananti e una a part’’e pàllasa	Vicino alla casa di questo canonico passavano due strade, una sul davanti e una dalla parte di dietro
Be’, una dì totu sa perda de custa’ dua’ bias si fut pesàda a bollai senza chi dd’èssit toccada nèmus, e ìat segau totu is imbirdus de sa omu ’e su canónigu	Be’, un giorno tutte le pietre che erano in queste due strade si erano alzate da terra da sole, senza che nessuno le toccasse, ed avevano rotto tutti i vetri delle finestre del canonico
Dd’ìat biu totu sa idda	L’aveva visto tutto il paese
Candu pardinu dd’ìada scìpiu fut abarrau totu su merì sézziu in su cadironi, fumendu i arriendu che unu maccu	Quando padrino l’aveva saputo era rimasto tutta la sera seduto nel seggiolone fumando e ridendo da solo come un matto
De is ammallezzu’ de pardinu, a Pìllimu no dd’ìa nau nudda	Delle minacce di padrino, a Pìllimu non avevo detto nulla
Nì prus nudda ìat nau pardinu	Né nulla aveva detto più padrino
‘Frózis – ìa penzau – at cumpréndiu ca deu puru no seu linna de fai santus’.	‘Forse – pensavo – avrà capito che anch’io non sono legna per fare santi’.
Pìllimu, moi ca fuàusu sposus a craru, benìat a domu ónnia merì, candu torràt de traballai	Pìllimu, adesso che eravamo fidanzati, veniva a casa ogni sera, dopo il lavoro
Intràda, mi toccàt sa manu e i si sezzìat a su costau miu	Entrava, mi toccava la mano e si sedeva vicino a me
E mammai cun dónni ogu che una pira	E mamma con gli occhi come due pere
Però candu si furriàt de pàllasa, Pìllimu xicàt de mi basai o de mi toccai, accantu podìada Fut arrebentau, mischinu, e i si bìada	Ma appena si voltava, Pìllimu cercava di baciarmi e di toccarmi, dove arrivava: non ne poteva più dalla voglia, meschino, e si vedeva
Deu però ’ollìa fai dónnia cosa a s’ora sua	Però io volevo fare ogni cosa a suo tempo
Ma chini scit poita seu nendudì totu custas cosas…”.	Ma chissà perché ti sto dicendo tutte queste cose…”.
“Deu gei ddu sciu, Minnìa”.	“Io lo so, Minnìa”.
“Poita, intendeus”.	“Perché, sentiamo”.
“Poita si calincuna notti t’indi scarèscis de ponni su passadori, inveci ’e perdi su tempus contendumì totu custu, iàus a podi fai calincun’àtara cosittedda…”.	“Perché se qualche notte ti dimentichi di mettere il saliscendi alla porta, invece di perdere tempo per raccontarmi tutto questo, potremmo fare qualche altra cosetta…”.
“T’ìat a praxi, no?”.	“Ti piacerebbe, no?”.
“Be’… Sighi, tocca”.	“Be’… Continua, su”.
“Pìllimu, cun callincunu soddu chi tenìada e cun s’aggiudu ’e su babbu, s’ìat fattu sa ’omu, in su Forraxi, cudda accantu bivu, una ’omixedda pitica, de quattru aposenteddus, ma assummancu fut sa nosta	“Pìllimu, con qualche soldo che possedeva e con l’aiuto del padre, si era costruito una casetta in Su Forraxi, quella dove vivo, piccola, quattro stanzette, ma era nostra
I’ bìgas e is taullonis po su stàullu ddus ìat bettìus de Màndas, ma su babbu ìat nau ca fùanta débillis is unas e is àturus	Le travi e i tavoloni per il solaio li aveva portati da Mandas, ma il padre quando li aveva visti aveva detto che erano poco resistenti, le une e gli altri
Is portas e is fentanas si ddas ìat fattas su fradilli A s’enna ’e sa ’ia dd’ìat postu dus passadoris…”.	Le porte e le finestre gliele aveva fatte suo cugino Alla porta di strada aveva messo due saliscendi…”.
“Dusu?”.	“Due?”.
“Eia	“Sì
Ma unu moi no sèrrat beni”.	Ma uno adesso non chiude bene”.
“Speraus chi a s’àturu s’iddu pàppit s’arruìna…”.	“Speriamo che l’altro se lo mangi la ruggine”.
“Mm	“Mm
Iàusu sposau in cabudanni, apust’’e sa ’ncùngia	C’eravamo sposati in settembre, dopo il raccolto
Fut istétia un’annada ’ona, Pìllimu ìat prenu su stàullu de trigu e de fà	Era stata una buona annata, Pìllimu aveva riempito il solaio di grano e di fave
Iàus fattu is cosas comenti tòccada: beni bestìus tot’a i’ dusu, Pìllimu cun d’una bella bestiment’’e lana e i su cappeddu, deu cun d’una brusetta ’e seda, palliarina, e gunnedda a mesu camba	Avevamo fatto le cose come si deve: ben vestiti tutti e due, Pìllimu con un bell’abito di lana e il cappello, io con una blusetta di seta paglierina e la gonna a mezza gamba
A crésia fuaus andaus cun totu is parentis, e Tiu Frori a innanti, sonendu i’ lioneddas comenti ddas sonàt issu	In chiesa eravamo andati con tutti i parenti e Tiu Frori davanti, che suonava le launeddas come sa suonarle lui
S’ìada sposau pardinu, prexau comenti mai dd’ìa biu, e i custu mi ponìada in penzamentu	Ci aveva sposato padrino, contento come mai l’avevo visto, e questo mi aveva lasciato dubbiosa
S’ìat fattu una bella predica, e parìat chi non s’ind’èssidi manc’arregodau prusu de is cosas ch’ìat nau a mammai	Ci aveva fatto una bella predica e sembrava che non si ricordasse più delle cose che aveva detto a mamma
Bessìus de crésia fuaus andaus a s’Offìziu, e innì s’ìada sposau su sìndigu, Ti’Arrichettu, totu beni postu issu puru, cun sa sciarpa tricolore in fiancus	Usciti di chiesa eravamo andati al Municipio e lì ci aveva sposato il Sindaco, Ti’Arrichettu, ben vestito anche lui, con la sciarpa tricolore intorno ai fianchi
E poi totus a domu, su bellu pràngiu cun genti meda, prus de part’’e Pìllimu che de parti mia, s’alligrìa, i’ muttettus chi si càntanta a is isposus, callincuna furriad’’e ballu	E poi tutti a casa: il bel pranzo con molta gente, più di parte di Pìllimu che di parte mia, l’allegria, i ‘muttettus’ che si cantano agli sposi, qualche giro di ballo
Is cosas de una cóia, insomma, cun su tempus chi po is isposus no pàssat mai, ca no binti s’ora	Le cose di un matrimonio, insomma, col tempo che per gli sposi non passa mai, ché non vedono l’ora
Ma su merì puru fut passau e candu totu sa genti s’indi fut andàda, Pìllimu, chi dd’èssi lassau fai, no ìat èssi abettau mancu a intrai in s’aposent’’e lettu	Così anche la sera era passata, e quando tutta la gente era andata via, Pìllimu, se l’avessi lasciato fare, non avrebbe atteso nemmeno di entrare nella stanza da letto
Mancai dd’èssi lassau fai	Magari l’avessi lasciato fare
Fuaus intraus in s’aposentu a candella alluta, imprassaus	Eravamo entrati nella stanza con la candela accesa, abbracciati
Pìllimu ìat postu sa sua in pizz’’e su cumou, deu ’nd’ìa studau sa mia	Pìllimu aveva messo la sua sul comò, io avevo spento la mia
Ìa cumenzau a mi spollai, a bell’a bellu, cun d’unu pagheddu ’e timorìa puru, podis crei, ma Pìllimu in d’unu momentu si fudi spollittau	Io avevo cominciato a spogliarmi, piano piano, con un po’ di paura, puoi immaginare, ma Pìllimu in un momento si era spogliato completamente
Candu dd’ìa biu dd’ìa tìmiu: fut pilludu che un’urzu, e i cudda cosa in mesu càmbas parìat su trattallu de sa campana manna	Quando l’avevo visto nudo l’avevo temuto: era peloso come un orso, e quella cosa in mezzo alle gambe sembrava il battaglio della campana grande
Cun d’unu sàrtidu ci fua intràda in su lettu: Nostrassennora mia, custu mi crèpada	Con un salto ero entrata nel letto: Nostrassignora mia, questo mi crepa
E Pìllimu infattu	E Pìllimu dietro
Ìat cumenzau a mi frandigai, de conca a peis, in dónnia logu, a mi basai, in dónnia logu	Aveva cominciato ad accarezzarmi, dalla testa ai piedi, dappertutto, a baciarmi, dappertutto
E deu cìrdina, firma, sudendu	Ed io rigida, ferma, sudando
Candu fut po c’incamminai su trattallu, in su stàullu si fut inténdiu unu zàcchidu, e poi un’àturu: una biga si fut truncada, is taullonis iscravillaus, e ìat cumenzau a proi fà, própiu in pizz’’e su lettu, un’arrìu ’e fà chi fut carraxendusì, cun d’unu stragazzu chi crescìat candu sa fà arribàt a terra	Quando stava per entrare in opera il battaglio, nel solaio si era sentito uno scricchiolio, poi un altro: una trave si era spezzata, i tavoloni si erano schiodati ed avevano cominciato a piovere fave, fave, proprio sopra il letto, un fiume di fave che ci aveva investito, ci stava seppellendo, con uno scroscio ed un rumore che andavano aumentando quando le fave toccavano terra
Pìllimu s’indi fut assiccau e i s’indi fut iscutt’’e su lettu senz’’e cumprendi nudda, ma deu chi fua stendiàda facci a susu, ìa biu su chi fut suzzédiu, mancai sa lux’’e sa candella in pizzu de su comou fèssit pagu	Pìllimu si era spaventato e si era buttato dal letto senza capire nulla, ma io che in quel momento ero supina, avevo visto tutto ciò che era successo, benché la luce della candela sul comò fosse poca
Comenti ìa póziu ’ndi fua ’essìa de su lettu ’eu puru, podis crei comenti, e cun Pìllimu spantasiau peu’ de mei, si fuaus arrozzaus in d’unu corrazz’’e s’aposentu, spollitus comenti Deus s’ìat fattu, senz’’e sciri nì ta fai, nì accantu si tirai, mentris de su stàullu fut sighendu a proi fà	Come avevo potuto mi ero buttata dal letto anch’io e con Pìllimu sbalordito più di me ci eravamo rifugiati in un angolo della stanza, nudi come Dio ci aveva fatti, senza sapere né cosa fare né dove sbattere, mentre dal solaio continuavano a piovere fave
Ma candu sa fà fut arribendusì a mesu camba, mi fut benìa un’idea:	Ma quando le fave mi erano giunte a mezza gamba, mi era venuta un’idea:
‘Pìllimu, su ponteddu, su ponteddu chi est in prazza!’.	‘Pìllimu, il puntello, quello che è in cortile!’.
Spollittu comenti fudi, Pìllimu ci fut bessìu che unu lampu e fut torrau luegu cun su ponteddu (chi fut abarrau de cand’ìanta fattu sa ’omu). Su ponteddu fut giustu, mancu malli: iàus appunteddau sa biga spaccada, e fà no ’nd’ìat callau prusu	Nudo com’era, Pìllimu era uscito come un lampo ed era tornato subito col puntello (che era una trave avanzata da quando avevano costruito la casa). Il puntello era dell’altezza giusta, meno male Così avevamo puntellato la trave spezzata e la pioggia di fave era cessata
Però moi, cun su lettu pren’’e fà, e i sa fà in terra finz’a mesu camba, no isciàus eita fai, salvu chi a si scraffi, poita su prùini ’e sa fà pìgat a iscraffìngiu, gei ddu scisi	Però adesso, col letto pieno di fave, con le fave nel pavimento fino alle ginocchia, non sapevamo cosa fare, salvo che grattarci, perché la polvere delle fave dà prurito, lo sai
Ma su chi si depìat fai bisongiàt a ddu fai	Ma ciò che si doveva fare bisognava farlo
Ind’iàus tirau i’ mantellàffu’ de su lettu, ddus iàusu scutullàus e i ddus iàus postus in terra in d’un’àtur’aposentu, cun àturu’ du’ lenzoru’ lìmpius	Avevamo tolto i materassi dal letto, li avevamo sbattuti per bene e li avevamo messi per terra in un’altra stanza, con altre due lenzuola pulite
Si fuaus crocaus ma Pìllimu moi no fut su própiu de candu si fuaus crocaus in su lettu, pagu pru’ de un’ora innanti: su trattallu, chi deu dd’ìa finz’e tìmiu, si ddi fut fattu piticherreddeddu, parìat sa natura de unu pipìu	Ci eravamo coricati ma Pìllimu adesso non era più lo stesso che era entrato nel letto poco più di un’ora prima: quel battaglio che io avevo anche temuto, gli era diventato piccolo piccolo, sembrava la natura di un bambino
Po cantu Pìllimu èssit fattu dónnia cosa po ddu fai torrai comente prima, e deu puru dd’èssi aggiudau fendu su chi mi naràt issu, su trattallu no si fut móviu in totu sa notti, fut abarrau piticheddeddu	Per quanto Pìllimu avesse fatto di tutto per farlo tornare come prima, e anch’io l’avessi aiutato facendo ciò che lui mi diceva, il battaglio non si era mosso in tutta la notte, era rimasto piccolino
Pìllimu, scedau, aggiumai si ponìat a prangi, po su disprexeri e po su ferenu	Pìllimu, poverino, a momenti si metteva a piangere per il dispiacere e per la rabbia
E deu pois crei	Ed io puoi credere
Issu naràt ca fudi stétiu s’assìcchidu, ca gei dd’ìat èssi passau	Lui diceva che era stato lo spavento, che gli sarebbe passato
Intantis sa primu notti, sa nott’’e sa cóia, dd’iàus passàda scraffendu	Intanto la prima notte di nozze, l’avevamo passata grattandoci
Sa notti infattu sa própiu storia: su trattallu no si movìat, no fut prusu unu trattallu, ma unu bremixeddu cun sa peddi moddi moddi chi fìat finzas i arrìri	La notte dopo, la stessa storia: il battaglio non si muoveva, non era più un battaglio, ma un vermetto con la pelle molle molle che faceva anche ridere
I aici ónnia notti, provendu e torrendu a provai, po pru’ de unu mesi: trinta notti’ de ’nferru	E così ogni notte, provando e riprovando, per più di un mese: trenta notti d’inferno
E Pìllimu fut disisperau	E Pìllimu era disperato
Ma accanta ’e su dottori no ddui fut bófiu andai, ’ndi ddi parìat bregùngia	Ma dal dottore non c’era voluto andare, aveva vergogna
Apusti de unu mesi dd’ìant arrichiamau: no fut passau mancu un’àturu mesi, o pagu prusu, e fut benìu a domu su marisciallu cun d’unu telegrammu, a mi fai le condoglianze: Pìllimu fut mortu in cumbattimento, cun d’una balla in su coru, mischineddu	Dopo un mese l’avevano richiamato Non era passato nemmeno un altro mese, o poco più, ed era venuto a casa il maresciallo con un telegramma, a farmi le condoglianze: Pìllimu era morto in combattimento con una palla nel cuore, meschinetto
Ma Pìllimu fut mortu de sa dì ch’ìada sposau, grazias a i’ mazina’ de pardinu	Ma Pìllimu era morto il giorno che c’eravamo sposati, grazie alle magie di padrino
Però de is frastimus chi dd’ìa ’ettau ’eu, callincunu a pardinu ddi depìat èssi piccigau: fut mortu sa própiu dì chi fut mortu Pìllimu, di arrepenti, senz’’e sacramentus	Però delle bestemmie che gli avevo tirato io una gli era arrivata: era morto lo stesso giorno che era morto Pìllimu, di colpo, senza sacramenti
Be’, moi t’apu contau totu, mi pàrit ca m’ind’apu pigau unu pesu”.	Be’, adesso ti ho raccontato tutto, mi sembra che mi sono tolta un peso”.
“E de Sìnzula, no mi na’ nudda?”.	“E di Sìnzula non mi dici nulla?”.
“No	“No
Ti naru sceti ca sa primu ’orta, candu s’indi fut accattau ca deu, viuda, fua ancora che i sa dì chi fua nàscia, fut abarrau totu sa notti a bucca aberta	Ti dico solo che la prima volta, quando si era accorto che io, vedova, ero ancora come il giorno che ero nata, era rimasto tutta la notte a bocca aperta
Dda serràda sceti fattu-vattu, po fai su chi depìat fai	La chiudeva solo di tanto in tanto, per fare quello che doveva fare
E i ddu fìat beni…”.	E lo faceva bene…”.
“Speraus chi ddu sìgat a fai	“Speriamo che continui a farlo bene
Però, si callincuna ’orta èssit dépiu imbruncunai arregodadì ’e su passadori”.	Però se qualche volta dovesse inciampare ricordati del saliscendi…”.
Accugucciàda comenti fut in punta ’e cudd’artura che unu niu ’e cròbus, cun cudd’ùnica strada punta a susu chi morìat in Sa Prazzitta, parìat chi Biddanoa èssit bófiu abarrai apposta separada ’e su mundu	Accovacciata com’era in cima a quell’altura come un nido di corvi, con quell’unica strada in salita che moriva in Sa Prazzitta, sembrava che Biddanoa fosse voluta rimanere di proposito separata dal mondo
Po cussu scoraggiàda in dónnia manera a chini èssit tentau, portendu cosas o ideas noas, de ddui ponni pei	Per questo scoraggiava in ogni modo chiunque tentasse di mettervi piede portandovi cose o idee nuove
E giai sèmpiri ci fut arrennéscia	E quasi sempre c’era riuscita
Si difendìat senza ’e ddu sciri de is ideas noas chi de prus de cinquant’annus currìanta peri su mundu, unu pagu poita calincunu ìat nau ca is ideas noas fùanta pirigulosas, unu pagu po mandronìa	Si difendeva senza saperlo dalle nuove idee che da più di cinquant’anni correvano per il mondo, un po’ perché qualcuno aveva detto che le idee nuove erano pericolose, un po’ per pigrizia
Is ideas noas fàinti penzai, e penzai còstat traballu	Le idee nuove costringevano a pensare, e pensare costa fatica
Una de is maneras de Biddanoa de si difendi de dónnia novidadi, fut istétia, in is annus prima ’e sa guerra, de no mandai is piccioccheddus a iscola: sùbitu apusti ’e sa guerra “gli analfabeti” in bidda fùant assummancu su noranta po xentu	Uno dei modi con i quali Biddanoa si era difesa da ogni novità era stato quello, negli anni precedenti la guerra, di non mandare i ragazzi a scuola: subito dopo la guerra gli analfabeti, in Biddanoa, erano almeno il novanta per cento
Custu a Biddanoa dd’andàt beni	Questo a Biddanoa andava bene
De mandai piccioccheddus a istudiai foras, a Casteddu, mancu a ci penzai: Biddanoa no ìat mandau a nèmus, chini scit cun calis ideas ind’ìant’èssi torraus	Mandarne qualcuno a studiare fuori, a Cagliari, nemmeno a pensarci: Biddanoa non aveva mandato nessuno, chissà con quali idee sarebbero ritornati
Is istudiantis fùanta cosa mala	Gli studenti erano una brutta genìa
E poi sa poberesa	E poi la povertà
A parti ca pagus ddus ìant èssi scìpius liggi, e cun su chi costànta, giornalis a Biddanoa ’nd’arribàt unu sceti, a su Cumunu	A parte il fatto che pochi li avrebbero saputi leggere, e con quello che costavano, a Biddanoa di giornali ne arrivava uno solo, in una sola copia, al Comune
Ddi donàt un’oghiàda su segretariu, chi no fut biddanoesu, poi ddu passàt a s’uscieri, chi ddu ponìat a imboddiai	Gli dava un’occhiata il Segretario, che non era biddanoese, poi lo passava all’usciere, che lo adoperava per involgere
De su chi suzzedìat in su mundu, quindi, a Biddanoa no arribàt che unu pispìsu	Di ciò che succedeva nel mondo, quindi, a Biddanoa non arrivava che un bisbiglio
E forzis fut custu su chi bolìat	E forse Biddanoa voleva questo
Ma una dì fut arribau Su Maistu	Ma un giorno era arrivato Su Maistu
Lómpiu a sa carronàda ’e Predi Carta, Su Maistu si fut sézziu in su parapettus de su pontixeddu, s’ìat asciugau su sudori cun su muccadoreddu, e si fut castiau a una parti e a s’àtara: a manu deretta ddui fut sa stazioni e su trenu, chi a merì ci dd’ìat èssi póziu portai facci a s’Ollasta, a is logus suus; a manu ’e manca, in artu, Biddanoa, e cudda pigàda mala chi passàda accantu fut issu e acabàda ananti de is primus domus de bidda	Giunto alla curva di Predi Carta, Su Maistu si era seduto nel parapetto del ponticello, si era asciugato il sudore e si era guardato intorno: a destra c’era la stazione con il treno, che la sera stessa avrebbe potuto riportarlo verso l’Ogliastra, dalle sue parti; a sinistra, in alto, Biddanoa, e quella salita ripida che gli passava davanti e finiva nelle prime case del paese
Su Maistu ddu ìat penzau pagu pagu, poi s’indi fut pesau, ìat tirau unu suspiru e si fut incamminau in sa pigàda	Su Maistu ci aveva pensato un po’, si era alzato, aveva tirato un sospiro ed aveva proseguito per la salita
Candu fut intrau in Cùccuru ’e Callia, Biddanoa ìat murrungiau, ma Su Maistu no s’indi fudi mancu sapìu	Quando era apparso in Cuccuru ’e Callia, Biddanoa aveva brontolato, ma Su Maistu non se n’era accorto
Po curpa ’e Su Maistu Biddanoa, a malagana, ìat connotu s’aràdulu ’e ferru, is matas de limoni e di aràngiu, e àtaras cosas noas	Per colpa di Su Maistu, Biddanoa aveva conosciuto di malavoglia l’aratro di ferro, le piante di aranci e di limoni e altre cose nuove
E candu Su Maistu fut torrau de sa guerra, Biddanoa ìat connotu puru is gradus de tenenti, chi nisciunu biddanoesu ìat mai portau	E quando Su Maistu era tornato dalla guerra, Biddanoa aveva conosciuto anche i gradi di tenente, che nessuno in Biddanoa aveva mai portato
Annus apùstis Su Maistu, fèssit po idea sua, de sa mulleri o di Emilio Lussu, ìat fundau l’Associazione Combattenti e is àtaras duas	Alcuni anni più tardi Su Maistu, di sua iniziativa, o di sua moglie o di Emilio Lussu, aveva fondato l’Associazione Combattenti e le altre due
Senza ’e custas associazionis Biddanoa s’ind’ìat èssi scaréscia finzas de sa prima Guerra Mondiale, ch’ìat èssi abarràda sceti in s’arregodu de is chi dd’ìanta fatta, e, mortus issus, in is contus ch’ìanta contau a sa torràda a chini no dd’ìat fatta, e custus a is fillus, cambiendu fattus nòminis e logus, e acciungendu dónnia borta calincuna cosa	Senza queste associazioni Biddanoa si sarebbe presto dimenticata anche della prima guerra mondiale, che sarebbe rimasta soltanto un ricordo dei combattenti, e morti loro, nei racconti che loro avevano fatto al ritorno a chi non vi aveva partecipato, e questi ai loro figli, cambiando nomi e luoghi ed aggiungendo qualcosa ogni volta
Sèmpiri po curpa ’e Su Maistu, apusti de is associazionis fut arribau a Biddanoa il Partito Sardo d’Azione, cioè la politica, chi fut però unu fueddu malu a cumprendi, pagu lìmpiu; unu fueddu, a dónnia modu, chi cun is pantalonis grigioverdi e sa camisa braxa de is sardistas parìat chi no c’èssit intrau nudda	Sempre per colpa di Su Maistu era arrivato a Biddanoa il Partito Sardo d’Azione, cioè la politica, che però era una parola difficile da comprendere, poco chiara; una parola, ad ogni modo, che con i pantaloni grigioverdi e la camicia grigia dei sardisti sembrava che non avesse niente a che fare
Parìada	Sembrava
E in cuddu beranu de su millenoixentusbintitrès, ancora po curpa ’e Su Maistu, in Biddanoa puru ìat cumenzau a s’incrarai s’umbra niedda del Partito Nazionale Fascista	E in quella primavera del millenovecentoventitré, ancora per colpa di Su Maistu, anche a Biddanoa si stava affacciando l’ombra sinistra del Partito Nazionale Fascista
No chi in Biddanoa no s’èssit iscìpiu che il Partito Nazionale Fascista fut al potere de s’atóngiu passau, e che Benito Mussolini fut il Capo del Governo	Non che a Biddanoa non si sapesse che il Partito Nazionale Fascista era al potere dall’autunno passato, e che Benito Mussolini era il Capo del Governo
Ddu scìanta totu is autoridadis (ìat èssi stétia bella) e bona parti de sa genti, non totus	Lo sapevano tutte le autorità (sarebbe stata bella) e buona parte della gente, non tutti
Però is chi ddu scìanta puru, ddu scìanta comenti si pòdit iscìri una cosa calisisìat, una cosa chi s’est inténdia, aìci, e pagu o nudda interèssat: Roma fut attesu meda	Però anche quelli che lo sapevano, lo sapevano come si può sapere una cosa qualunque, una cosa che si è sentita, così, e poco o nulla interessa: Roma era molto lontana
Bollu nai ca finzas a su momentu chi ci fut istétia “la fusione” tra su Partidu Sardu e il P.N.F., is biddanoesus no si fùant ancora imbuscinaus cun su fasci, comenti eus a biri	Voglio dire che fino al momento in cui c’era stata la “fusione” tra il Partito Sardo e il P.N.F i biddanoesi non erano stati ancora contaminati dal fascio, come vedremo
Eppuru, mancai in Biddanoa no ddu èssint istétius fascistas prima de su bintitrès, una dì, in su bintidùs, unu “squadrista” ddui fut bessìu a pillu	Eppure, quantunque in Biddanoa non vi fossero stati fascisti prima del ventitré, un giorno, nel ventidue, uno “squadrista” vi era venuto a galla
Ddi narànta Guerinu e fut fillu de unu giorronaderi cun pagu gana ’e traballai, che su fillu e totu	Si chiamava Guerinu ed era figlio di un giornaliero con poca voglia di lavorare
Guerinu fut partìu a fai su sordau, ma apusti de tres o quattru mesis dd’ìanta congedau, no si scit poita	Guerinu era partito per fare il soldato, ma l’avevano congedato dopo tre o quattro mesi, non si sa perché
Però, inveci di èssi torrau a bidda, si fut arrésciu in continenti, campendu chini scit comenti	Però, invece di tornarsene in paese si era arenato in Continente, campando chissà come
A bidda fut torrau si e no apusti de un’annu, bestìu de “squadrista”, cun is pantalonis de sordau, sa camisa niedda e una ciccìa niedda (chi issu ddi naràt “fez”) cun d’unu pironi longu longu chi ddi pendìat a parti ’e pàlas	In paese era tornato sì e no dopo un anno, vestito da “squadrista”, con i pantaloni da soldato, la camicia nera ed una specie di berritta (che lui chiamava “fez”) con un pompone lungo lungo che gli pendeva dietro le spalle
In sinzu portàt unu cinturoni, e appiccau a su cinturoni un’arrógu de màniga ’e scova, chi ddi naràt “manganello”.	Alla vita portava un cinturone e appeso al cinturone un pezzo di manico di scopa che chiamava “manganello”.
De candu fut benìu a candu fut torrau a partìri, Guerinu fut abarrau sèmpiri in “divisa”, forzis poita ca no tenìat àtar’arroba ’e si ponni	Da quando era arrivato a quando era ripartito Guerinu era rimasto sempre in “divisa”, forse perché non aveva altro da mettersi
A traballai ddu àndit su bogìnu, Guerinu no fìat nudda	A lavorare ci vada il boia, Guerinu non faceva nulla
A mericeddu, issu puru bessìat a Sa Prazzitta, a contai is contus suus	Verso il tramonto anche lui andava a Sa Prazzitta a fare i suoi racconti
In Sa Prazzitta ddu ìat logu po totus	In Sa Prazzitta c’era posto per tutti
Sa genti però no si ddi ponìat a ingìriu, coment’ìat fattu cun Elias, o cun Ti’Arròtulu apusti cena	La gente, però, non gli si metteva intorno, come aveva fatto con Elias e con Ti’Arròtulu, dopo cena
Sa genti, candu Guerinu contàda is contus suus, abarràt arrumbàda a sa muralla	La gente, quando Guerinu raccontava, rimaneva appoggiata alla muraglia
Scurtai ddu scurtàda, ma citìa, senza ’e ddi fai pregontas, e a bòrtas ci furriàt sa facci a s’àtara parti, segundu su chi naràda	Ascoltare lo ascoltava, ma zitta, senza fargli domande, e certe volte girava la faccia dall’altra parte, secondo ciò che diceva
No fut comente candu Elias contàda is contus de trincera, de cumbattimentus, di assaltus alla baionetta, contras a unu nemigu chi fut sèmpiri “austriacu”, comente nai unu furisteri prus furisteri de is furisteris, chi però meritàt arrispettu, e tenìat arrispettu issu puru po is nemigus suus, màssima si fùanta sardus	Non era come quando Elias faceva i suoi racconti di trincea, racconti di combattimenti, di assalti alla baionetta, contro un nemico che era sempre “austriaco”, come dire forestiero più forestiero degli altri, che però meritava rispetto, ed anche lui aveva rispetto per i suoi nemici, specie se erano sardi
Po Guerinu, inveci, chi no fut unu sardu che Elias, il “nemico” fut sèmpiri un’italianu che issu e totu	Per Guerinu invece, che non era un sardo come Elias, il “nemico” era sempre un italiano come lui stesso
E custu a sa genti ’e Sa Prazzitta no ddi praxìada	E questo alla gente di Sa Prazzitta non piaceva
Guerinu, chi chistionàt sèmpiri in italianu, mancai unu pagu porceddinu, contàt contus di “spedizioni punitive”, di “manganellate”, di assalti alle fabbriche, di incendi dei “giornalli”, di “pugnallate” agli operai quando erano socialisti:	Guerinu, che parlava sempre in italiano, benché un poco “porcellino”, raccontava sempre di “spedizioni punitive”, di “manganellate”, di assalti alle fabbriche, di incendi di “giornalli”, di “pugnallate” agli operai se erano socialisti
Guerinu fut affranzesau	Guerinu era sifilitico
Apusti de pagu tempus chi fut torrau a Biddanoa, si fut postu a fastiggiai cun Rosetta, chi si naràt Zinfarosa	Dopo un po’ che era tornato a Biddanoa si era messo a far l’amore con Rosetta, che si chiamava Zinfarosa
Rosetta fut istétia serbidora in Casteddu, e pàrit chi una dì sa mèri dd’èssit agatàda in coxina cun d’unu sordau, e pàssit, e un’àtara borta in su lettu cun su mèri	Rosetta era stata a servizio a Cagliari, e sembra che un giorno la padrona l’avesse trovata in cucina con un soldato, e passi, e un’altra volta a letto col padrone
Guerinu cun Rosetta, chi bivìanta facci a pari, ìanta cumenzau a si fai s’ogu de porta a porta, poi ci fùant acabaus asutta de una mata ’e nuxi, una dì	Guerinu con Rosetta, che abitava di fronte, avevano cominciato a farsi l’occhiolino da porta a porta, poi erano finiti sotto un albero di noce, un giorno
Immoi sa genti ddusu bìat in dónnia logu, a pàlas de una cresura, in mesu a una stula, accrobàus che canis	Adesso la gente li vedeva dappertutto, dietro un cespuglio, in mezzo alle stoppie, attaccati come cani
Candu Rosetta puru si fut impestàda e si ddi fut fatta sa facci tot’a màncias, is fradis si fùant arróscius	Quando anche Rosetta si era impestata e la faccia le era diventata tutta a macchie, i fratelli si erano stufati
E unu mengianu ’e ierru, candu fut cumenzendu a ispanigai, fùanta partìus tot’a is dus cun su trenu ’e is setti, Rosetta a conca bàscia, Guerinu bestìu comente sèmpiri de “squadrista”, cun sa valigia a coddu e un’ogu unfràu	E un mattino di inverno, quando stava schiarendo, erano partiti tutti e due col treno delle sette, Rosetta a testa bassa, Guerinu vestito come sempre da squadrista, con la valigia sulle spalle e un occhio gonfio
No si fùanta torraus a biri prus né s’unu né s’àtara	In paese non si erano visti mai più, né l’uno né l’altra
Po cantu Biddanoa fèssit una bidda sonnigosa, preizzosa, senza ’e nisciuna gana de si ponni a su paris cun is àtaras biddas, Biddanoa fut in Sardìnnia, e sa Sardìnnia, si pràxat o no, est in Italia	Per quanto Biddanoa fosse un paese sonnacchioso, pigro, senza alcuna voglia di mettersi al passo con gli altri paesi, Biddanoa era in Sardegna, e la Sardegna, ci piaccia o no, è in Italia
Po custu de totu su chi suzzedìat in Italia calincunu striddicu ’ndi lompìat a Biddanoa puru	Per questo di tutto ciò che accadeva in Italia qualche schizzo arrivava anche a Biddanoa
Fut appena dus mesis al potere, e Mussolini, mancai a culiógu, un’oghiàda a sa Sardìnnia dd’ìat giai ghettàda, e no ’ndi fut abarrau meda cuntentu: questo Partito Sardo d’Azione, per esempio, eita bòlit	Mussolini era al potere da appena due mesi e, quantunque di sfuggita, un’occhiata alla Sardegna l’aveva già data, ma non ne era rimasto troppo soddisfatto: questo Partito Sardo d’Azione, per esempio, che cosa vuole
È un partito d’ordine, comenti nanta, un partito anticomunista comente su nostu, un partito che tende soltanto ad una certa autonomia amministrativa per rimediare ai guasti che in passato il disinteresse dei governi di Roma ha causato all’isola, oppure il Partito Sardo, comenti calincunu m’at nau, è un partito “separatista”? Si custus sardus si dd’èssinti postu in conca	È un partito d’ordine, come loro dicono, un partito anticomunista come il nostro, un partito che mira soltanto ad una certa autonomia amministrativa per rimediare ai guasti che in passato il disinteresse dei governi di Roma ha causato all’isola, oppure il Partito Sardo, come qualcuno mi ha detto, è un partito “separatista”? Se questi sardi se lo mettessero in testa
Si si dd’èssit postu in conca Lussu, l’eroe della Brigata Sassari, idolatrato da tutti i combattenti sardi, sarebbero veramente dei grossi guai, che in questo momento voglio assolutamente evitare	Se dovesse metterselo in testa Lussu, l’eroe della Brigata Sassari, idolatrato da tutti i combattenti sardi, sarebbero veramente dei grossi guai, che in questo momento voglio assolutamente evitare
Ddu ìat penzau calincuna dì, poi ìat pinnigau “i fedelissimi”:	Ci aveva pensato per qualche giorno poi aveva riunito “i fedelissimi”.
De Bono, chi fut ministro degli interni, s’indi fut pesau:	De Bono, che era ministro degli interni, si era alzato:
E fut aici che il  gennaio  il generale Gandolfo fut giai in Casteddu, Prefetto di Cagliari ma con ampi poteri su tutta l’isola	E fu così che il  gennaio  il generale Gandolfo era già a Cagliari, Prefetto di Cagliari ma con ampi poteri su tutta l’isola
No mi pàrit custu su logu né su momentu de contai a fin’a fini su chi fut suzzédiu in Casteddu de s’arribu del generale Gandolfo finzas a su mesi ’i abrili, candu l’“ala destra” de su Partidu Sardu, cun Paolo Pili, fut passàda al P.N.F	Non mi sembra questo il luogo ed il momento di raccontare per filo e per segno ciò che era successo a Cagliari dall’arrivo del generale Gandolfo fino al mese di aprile, quando l’ala destra del Partito Sardo, con Paolo Pili, era passata al P.N.F
Àtiri dd’at giai fattu	Altri l’ha già fatto
Bollu nai sceti ca, margiàni comenti fut, su primu “colloquio” Gandolfo dd’ìat tentu cun Lussu, membro del Direttorio Sardista e Deputato al Parlamento	Voglio dire soltanto che, volpe com’era, il primo colloquio Gandolfo l’aveva avuto con Lussu, membro del Direttorio Sardista e Deputato al Parlamento
Calincunu at nau ca Lussu, cumbattenti coraggiosu comente pagus e ómini di àtaras virtudis, ìat sèmpiri tentu in grandu contu sa disciplina militari, e in grandu cunsiderazioni is generalis chi fùanta dignus de su gradu	Qualcuno ha detto che Lussu, combattente coraggioso come pochi e uomo di alte virtù, aveva sempre tenuto in gran conto la disciplina militare e in grande considerazione quei generali che erano degni del loro grado
Lussu in guerra fut capitanu, po cantu famosu e decorau di due medaglie d’argento, e su s’èssi agatau, immoi, facci a facci cun d’unu generali di corpo d’armata, chi stimàt comente sordau, decorau issu puru e prus anzianu ’e issu, (chi tenìat solu trintatrès annus), forzis dd’ìat postu un pagheddu in suggizioni, tantis chi Gandolfo aggiumai ci arrennescìat a ci ddu imbuscinai in cuddu primu tentativu di fusione	Lussu in guerra era capitano, per quanto famoso e decorato con due medaglie d’argento, e l’essersi trovato, adesso, faccia a faccia con un generale di corpo d’armata che stimava come soldato, anche lui decorato e più anziano di lui (che aveva solo trentatré anni) forse l’aveva messo un po’ in soggezione, tanto che Gandolfo per poco non riusciva a coinvolgerlo in quel primo tentativo di fusione
Ma Lussu, mancai èssit tentu pagu esperiénzia politica, s’indi fut sapìu in tempus, de is gioghittus de su generali, e fut torrau asegus, lassendu chi sa fusioni tra cudda parti del P.S d’Az e il P.N.F dd’èssit fatta calincun’àturu de bucca prus moddi	Ma Lussu, quantunque avesse scarsa esperienza politica, se n’era accorto in tempo, dei giochi del generale, e si era tirato indietro, lasciando che la fusione tra una certa parte del P.S d’Az e il P.N.F la facesse qualche altro di bocca più molle
Issu sardista fut e sardista fut abarrau, assummancu finzas a candu is leis de Mussolini si dd’ìanta permìttiu	Lui sardista era e sardista era rimasto, almeno fino a quando le leggi di Mussolini glielo avevano permesso
Ma custas funti cosas chi scinti totus	Ma queste sono cose che sanno tutti
Torreus a Biddanoa, accantu is sardistas no iscìanta nudda de is incontrus de Casteddu tra Lussu e Gandolfo prima, e tra Gandolfo e is àturus óminis del Direttorio Sardista apustis	Torniamo a Biddanoa, dove i sardisti non sapevano nulla degli incontri di Cagliari tra Lussu e Gandolfo prima, e tra Gandolfo e altri membri del Direttorio Sardista poi
E si dd’èssint iscìpiu puru, pagu ind’ìant èssi cumpréndiu, e pagu ’ndi ddis ìat èssi importau, no fùanta cosas po issus	E se pure l’avessero saputo, poco ne avrebbero capito e poco gliene sarebbe interessato, non erano cose per loro
A is cumbattentis de Biddanoa una dì ddis ìanta nau: “Da oggi siete sardisti”. E sardistas fùant istétius, senza ’e fai pregontas, sèmpiri cunvintus de su chi ddis narànta is personis chi cumprendìanta prus de issus	Ai combattenti di Biddanoa qualcuno un giorno aveva detto: “Da oggi siete sardisti” e sardisti erano diventati, senza far domande, convinti di ciò che dicevano le persone che capivano più di loro
Cras calincun’àturu, o forzis su própiu, ddis ìat èssi nau: “Da oggi siete fascisti”. E fascistas ìant èssi stétius, cumprendendindi prus pag’ancora, senza ’e fai mai pregontas, chi poi, certas, fùanta finz’e proibìas	Domani qualche altro, o forse lo stesso, avrebbe detto: “Da oggi siete fascisti”. E fascisti sarebbero stati, comprendendone meno ancora, ma senza fare domande, ché poi, certune erano anche proibite
Su Maistu, de seguru, calincuna cosa scìat, de su chi fut suzzedendu in Casteddu, ma fut ómini de pagus fueddus	Su Maistu, di sicuro, qualcosa sapeva, di ciò che avveniva a Cagliari, ma era uomo di poche parole
E poi, ’ndi balìat sa pena, màssima in custu momentu, de chistionai de custas cosas cun genti chi…? Tanti, a s’ora sua, ìant èssi fattu su chi naràt issu, is sardistas ex-combattenti e is àturus	E poi valeva la pena, specie in questo momento, di parlare di queste cose con gente che…? Tanto, al momento giusto, avrebbero fatto quanto diceva lui, i sardisti, gli ex-combattenti e gli altri
Tra gennàrgiu e abrili Su Maistu fut andau tres o quattru bòrtas foras de bidda, a Casteddu e a Oristanis	Tra gennaio ed aprile Su Maistu era andato tre o quattro volte fuori paese, a Cagliari e a Oristano
In cussus mesis sa sezioni de su Partidu Sardu fut abarràda serràda, ma no nd’importàt nudda a nèmus	In quei mesi la sezione del Partito Sardo era rimasta chiusa, ma di questo non importava nulla a nessuno
In abrili, apusti Pasca, unu mengianu fut torrau a benni a Biddanoa Paolo Pili	In aprile, dopo Pasqua, una mattina era tornato a Biddanoa Paolo Pili
Fut andau direttamenti a domu ’e Su Maistu, ìat pràndiu innì	Era andato direttamente a casa di Su Maistu, aveva pranzato da lui
Custa borta né bandu né parlata, no si fut fattu biri mancu in Sa Prazzitta	Stavolta né bando né parlate, non si era fatto vedere nemmeno in Sa Prazzitta
Apusti pràngiu Su Maistu ìat mandau a zerriai a Luisicu	Dopo pranzo Su Maistu aveva mandato a chiamare Luisicu
In domu ’e Su Maistu, impari cun issu e cun Paolo Pili, Luisicu ddu ìat agatau su dottori, su sìndigu, su segretariu, e unu de is propietarius anzianus	In casa di Su Maistu, assieme a lui e a Paolo Pili, Luisicu aveva trovato il dottore, il Sindaco, il Segretario e uno dei proprietari anziani
Paolo Pili si fut amostau cuntentu de ddu torrai a biri, dd’ìat pedìu novas, própiu che un’amigu	Paolo Pili si era mostrato contento di rivederlo, gli aveva chiesto notizie, proprio come un amico
E ind’ìat tirau luegu sa storia ’e sa penzioni	E aveva tirato subito fuori la storia della pensione
Luisicu ìat allutau is orìgas, ma no arrennescìat a cumprendi totu cust’interessamentu de Paolo Pili po is cosas suas	Luisicu aveva drizzato le orecchie, ma non riusciva a capire tutto questo interessamento di Paolo Pili nei suoi riguardi
Paolo Pili scìat totu, e ìat nau che la pratica era stata male impostata, per questo la domanda era stata respinta	Paolo Pili sapeva tutto, ed aveva detto che la pratica era stata male impostata, per questo la domanda era stata respinta
Su Maistu no naràt nudda, ma si bìat ca de sa penzioni ind’ìanta chistionau prima chi èssit benìu Luisicu	Su Maistu non diceva nulla, ma si capiva che della pensione aveva parlato anche lui prima che venisse Luisicu
Apusti ’e Paolo Pili ìat chistionau su dottori, chi si fut sézziu a su costau ’e Luisicu e dd’ìat fattu una spezia de interrogatóriu:	Dopo Paolo Pili aveva parlato il dottore, che si era seduto a fianco di Luisicu e gli aveva fatto una specie di interrogatorio:
“Senta, Luisicu, lei è stato mai ferito, in guerra?”.	“Senta Luisicu, lei è stato mai ferito, in guerra?”.
“Nossignori, mai”.	“Nossignore, mai”.
“In familia sua, c’è stata qualche altra persona affetta da epilessia, cun su malecadùcu, cioè, su babbu, sa mamma, unu fradi?”.	“Nella sua famiglia c’è stata qualche altra persona affetta da epilessia, col malcaduco, cioè, il babbo, la mamma, un fratello?”.
“Nossignori, nisciunus”.	“Nossignore, nessuno”.
E Luisicu ddu ìat penzau	E Luisicu ci aveva pensato
E a forza ’e penzai si fut arregordau de cuddu crastu ch’indi ddi fut arrutu in conca, candu una granata chi ddi fut iscoppiàda a pagu trettu dd’ìat pesau a bolai	E a forza di pensare si era ricordato di quel sasso che gli era caduto sulla testa quando una granata che gli era scoppiata vicino l’aveva sollevato in aria
Su crastu fut mannu e dd’ìat abbungiau s’elmettu imparis cun sa conca, comenti mi pàrit ch’éus giai nau, e Luisicu fut abarrau totu sa dì immadeddau	Il sasso era grosso e gli aveva ammaccato l’elmetto insieme alla testa, come mi sembra d’avere già detto, e Luisicu era rimasto intontito tutto il giorno
Ìat contau totu a su dottori	Aveva raccontato tutto al dottore
Su dottori dd’ìat ascurtau cun grandu attenzioni, poi si fut furriau a Paolo Pili:	Il dottore l’aveva ascoltato con grande attenzione, poi si era rivolto a Paolo Pili:
Luisicu no iscìat eita nai	Luisicu non sapeva che dire
Ìat fueddau Paolo Pili:	Aveva parlato Paolo Pili:
“As inténdiu, Luisicu	“Hai sentito, Luisicu
Cras e totu Su Maistu, impari cun su dottori, t’ant a torrai a fai sa domanda, e custa borta, ti dd’asseguru deu, sa pensioni dd’ast a ottenni	Domani stesso Su Maistu, insieme col dottore, ti rifaranno la domanda, e questa volta, te l’assicuro io, la pensione l’otterrai
Ti promittu de m’ind’interessai deu personalmente, e al Ministero s’ind’at a interessai una personi chi a Roma còntat calincuna cosa	Ti prometto di interessarmene io personalmente, e al ministero se ne occuperà una persona che a Roma conta qualche cosa
Tui scis ca prefettu de Casteddu est il Generale Gandolfo…”.	Tu sai che prefetto di Cagliari è il generale Gandolfo…”.
“Gandolfo	“Gandolfo
Apu ’nténdiu ca ’moi è fascista”.	Ho sentito che adesso è fascista”.
E tui scis echin’est istétiu, al Montello, il Generale Gandolfo	E tu sai chi è stato, al Montello, il generale Gandolfo
E fendu custu l’onorevole Mussolini at fattu unu grandu regalu a nosus sardus	E facendo questo l’onorevole Mussolini ha fatto un grande regalo a noi sardi
Custu bòlit nai che l’interesse dei sardi sta a cuore tanto a noi, come dire, sardistas, quanto all’onorevole Mussolini, che sardista non è, ma amigu de is sardus sì, custu è seguru	Questo vuol dire che l’interesse dei sardi sta a cuore tanto a noi, come dire, sardisti, quanto all’onorevole Mussolini, che sardista non è, ma amico dei sardi sì, questo è certo
Sotto questo aspetto mi sembra – e parìat chistionendu a sa sola – che le posizioni del Partito Sardo d’Azione, ormai, si identifichino con quelle del P.N.F., partito al potere	Sotto questo aspetto mi sembra – e sembrava parlasse da solo – che le posizioni del Partito Sardo d’Azione si identifichino con quelle del P.N.F., partito al potere
Is àturus quattru ìanta fattu ’e conca, si bìat ca fùanta di accórdiu, ma Luisicu pagu ìat cumpréndiu, penzendu comenti fut prus a is cosas suas chi a su chi fut nendu Paolo Pili	Gli altri quattro avevano assentito, muovendo la testa, si vedeva che erano d’accordo, ma Luisicu non aveva capito gran che, pensando, come stava, più alle cose sue che a quanto stava dicendo Paolo Pili
Aggiumai is àturus quattru ddi fìanta su zaccarramanu	A momenti gli altri quattro gli battevano le mani
Luisicu no, no ìat cumpréndiu beni ancora innui ci bolìat acabai	Luisicu no, non aveva ancora capito bene dove volesse arrivare
Sa parlata parìat chi fèssit acabàda, Paolo Pili s’indi fut pesau:	La parlata sembrava finita, Paolo Pili si era alzato in piedi:
“Caro Luisicu (dd’ìat postu sa manu in coddus poi ìat castiau s’arrelógiu) adesso è tardi e devo partire	“Caro Luisicu (gli aveva messo una mano sulla spalla poi aveva guardato l’orologio), adesso è tardi e devo partire
Ma custus amigus t’ant a ispiegai cosas chi tui, òi, forzis no as cumpréndiu	Ma questi amici ti spiegheranno cose che tu, oggi, forse non hai ben capito
Ma seu seguru ca ddas ast a cumprendi	Ma sono certo che le capirai
Ìat toccau sa manu a totus e fut partìu	Aveva stretto la mano a tutti ed era partito
Pagu, ma calincuna cosa de su ch’ìat nau Paolo Pili Luisicu puru dd’ìat cumpréndia	Poco, ma qualche cosa di ciò che aveva detto Paolo Pili anche Luisicu l’aveva capita
Appenas cuddu fut partìu ìat fattu manera, comenti fìat sèmpiri candu ddi depìat nai calincuna cosa importanti, di abarrai solu cun Su Maistu	Appena quello era partito aveva fatto in modo, come faceva sempre quando doveva dirgli qualcosa d’importante, di rimanere solo con Su Maistu
E s’ìat fattu spiegai beni is cosas ch’ìat nau Paolo Pili	E si era fatto spiegare ben bene le cose che aveva detto Paolo Pili
Su Maistu dd’ìat fattu una grandu ingiriàda torrendu a nai is cosas ch’ìat nau Paolo Pili, poi, casi bregungiosu, ìat acabàu cun custus fueddus:	Su Maistu aveva fatto un gran giro di parole ripetendo le cose che aveva detto Paolo Pili, poi, quasi vergognoso, aveva finito con questa frase:
Eit’ìat a bolli nai?”.	Cosa vorrebbe dire?”.
Candu Su Maistu si dd’ìat ispiegau, Luisicu fut abarrau citìu, penzamentosu	Quando Su Maistu glielo aveva spiegato, Luisicu era rimasto zitto, pensieroso
“A mei no mi pàrit una cosa beni fatta	“A me non mi sembra una cosa ben fatta
S’ant a nai ca seus traitoris	Ci diranno che siamo traditori
Su capitanu Lussu, coment’at nau fustei, est abarrau sardista	Il capitano Lussu, come ha detto lei, è rimasto sardista
I a mei a mi ponni contras a su capitanu mi dispràxidi”.	E a me mettermi contro il capitano mi dispiace”.
“In cunfidénzia, dispràxit a mei puru – dd’ìat arrespustu Su Maistu – ma no ’ndi pozu fai ’e mancu	“In confidenza, dispiace anche a me – gli aveva risposto Su Maistu – ma non ne posso fare a meno
In cantu a tui comente sardista ses aturau senza ’e pensioni, comente fascista as inténdiu su chi t’at nau Paolo Pili”.	In quanto a te, come sardista sei rimasto senza pensione, come fascista…, hai sentito cosa ti ha detto Paolo Pili”.
“Chi no fèssit po cussus piccioccheddus	“Se non fosse per quei ragazzini
Scida, Biddanoa, scida, est arribendu il Fascismo strùmbulu sproni e zirónia, custa borta t’ast a movi, t’ind’ast a iscidai diadéru, a bolla o amarolla, bidda mia sonnigosa, bidda mia dormìa	Sveglia, Biddanoa, sveglia, sta arrivando il fascismo, pungolo, frusta e sperone, questa volta ti muoverai, ti sveglierai davvero con le buone o con le cattive, paese mio sonnacchioso, paese mio addormentato
Primu cosa su bandu: “Cras a mengianu – apust’’e sa missa – in sa sezioni – de su Partidu Sardu – s’at a fai – una riunione – de totu is sardistas – Il secretàrio – arreccumàndada – chi no mànchit nèmus – ca la riunione – è meda importanti”.	Prima cosa il bando: “Domani mattina – dopo la messa – nella sezione – del Partito Sardo – si farà una riunione – di tutti i sardisti –. Il segretario raccomanda – che non manchi nessuno – perché la riunione – è molto importante”.
Su Maistu:	Su Maistu:
E no mi pàrit una cosa ’e nudda	E non mi sembra una cosa da nulla
Se l’onorevole Lussu e calincun’àturu sono rimasti nel defunto Partito sardo, peus po issus	Se l’Onorevole Lussu e qualche altro sono rimasti nel defunto Partito Sardo, peggio per loro
(Eccu ita fut cudda cosa color’’i òru ch’ia biu in su distintivu, una notti, in su sonnu – ìat penzau unu proprietariu cand’ìat inténdiu is fueddus de Su Maistu).	(Ecco cos’era quella cosa color d’oro che avevo visto su quel distintivo, una notte, in sogno – aveva pensato un proprietario quando aveva sentito le parole di Su Maistu).
E no, caru biddanoesu, a passai de sardista a fascista no bòlit nai sceti a ’ndi scosìri dalla camicia grigia lo stemma dei Quattro Mori e su zughittu, e a si dda ponni po andai a marrai, asutta ’e sa giacchetta	E no, caro Biddanoese, passare dal Partito Sardista al Partito Fascista non significa solo scucirti dalla camicia grigia lo stemma dei Quattro Mori ed il colletto e mettertela per andare a zappare sotto la giacchetta
Bòlit nai àtaras cosas puru, medas, po tui e po fillus tuus, chi, po cumenzai, dèpint andai a iscola, e no a pasci bois o angiònis totu sa dì	Significa anche altre cose, molte, per te e per i tuoi figli che, tanto per cominciare, devono andare a scuola, e non a pascolare buoi o agnelli tutto il giorno
E in is dis de festa nazionale (de moi innàntis le feste nazionali ant èssi medas) in divisa issus puru, is piccioccheddus, impari cun tui: de Balilla is mascus e de Piccola Italiana is féminas	E nei giorni di festa nazionale (da qui in avanti le feste nazionali saranno molte) in divisa anche loro, i ragazzi, assieme a te: da Balilla i maschi e da Piccola Italiana le femmine
In divisa is piccioccheddus	In divisa i ragazzi
Ma echini si ddasa dònada	Ma chi gliele dà
Tui	Tu
Ddas còmpras, no còstanta mancu meda: unu pantaloneddu curzu (grigioverde, s’intèndidi), e una camisedda niedda cun su fez po is màscus, e una camisedda bianca e una gunnennedda niedda po is féminas	Le compri, non costano molto: un pantaloncino corto (grigioverde, s’intende) e una camicia nera, col fez per i maschi, e una camicia bianca e una gonnellina nera per le femmine
Eita bolis chi còstinti	Cosa vuoi che costino
Ma deu fìllusu ’ndi téngiu sèsi, no ci arrennèsciu mancu a ddus crazai, tot’a is sèsi	Ma io figli ne ho sei, non riesco nemmeno a comprargli le scarpe, a tutti e sei
Seu unu pòburu giorronaderi	Sono un povero giornaliero
T’arràngias	Ti arrangi
Oh, Biddanoa fascista, mi fais finzas e arrìri, paris bestìa ’e màscara	Oh, Biddanoa fascista, mi fai anche ridere, sembri vestita a maschera
Nò-dué, nò-dué, calincunu è cumenzendu a ti ponni in riga, bidda mia fatta e lassàda	Nò-duè, nò-duè, qualcuno sta incominciando a metterti in riga, paese mio indolente
Candu deu ap’a zerriai su nòmini di ciascun caduto, bosàturus depeis arrespundi: “Presente!”.	Quando io griderò il nome di ogni soldato caduto voi dovete rispondere: “Presente!”.
In Sa Prazzitta è passendu su predi nou, chi in guerra est istétiu cappellano	In Sa Prazzitta sta passando il nuovo prete, che in guerra è stato cappellano
S’è firmau, e issu puru a dónnia nòmini at arrespustu “Presente”, ma senza di arziai su brazzu nel saluto romano	Si è fermato, ed anche lui ad ogni nome ha risposto “Presente”, ma senza alzare il braccio nel saluto romano
Po moi	Per adesso
No mi nareis ca seu fueddendu mali ’e bidda mia, ca seu burlendumindi	Non ditemi che sto sparlando del mio paese, che me ne sto facendo beffe
Deu seu contendu is cosas chi ddui funti suzzédias in cussus annus, bonas e malas, e mancu totus	Io sto raccontando le cose che vi sono successe in quegli anni, buone e cattive, e nemmeno tutte
E funti cosas chi no funti suzzédias fetti in bidda mia, è ca in bidda mia sa genti fut bonàccia, fatta e lassàda, coment’apu nau, “isolata”, comenti naràt calincùnu	E sono cose che non sono successe solo nel mio paese, è che nel mio paese la gente era semplice, trascurata, come ho detto, “isolata”, come diceva qualcuno
Genti analfabeta po s’imprùs, ma no mala, chi fìat su chi ddi narànta e s’interessàt de pagus cosas chi no fèssinti sa de ’ndi tirai sa vida di òi a cras, apu nau custu puru	Gente analfabeta in maggioranza, non cattiva, che faceva solo ciò che le dicevano di fare e s’interessava di poche cose che non riguardassero lo stiracchiare la vita dall’oggi al domani, ho detto anche questo
De su restu, is pèrdas de Sa Prazzitta, in piticu, ìant inténdiu is própius cosas ch’intendìant is pèrdas di àtaras prazzas, prazzas de biddas e de zittadis: contus de vida e de morti, de guerra e de paxi (pagus is de paxi), de ricchesa e de miseria, di óminis e de féminas, bonus e malus	Del resto, le pietre di Sa Prazzitta, in piccolo, avevano udito le stesse cose che udivano le pietre di altre piazze, piazze di paesi e di città: racconti di vita e di morte, di guerra e di pace (pochi quelli di pace), di ricchezza e di miseria, di uomini e di donne, buoni e cattivi
E fueddus de politica, bùidus, e prantu e alligrìa, e ballus e càntidus e pregadorìas e isperànzias	E parole di politica, vuote, e pianto e allegria, balli e canti e preghiere e speranze
Is contus de is cosas chi fàint is óminis, e de is cosas chi fàinti sa vida ’e is óminis	I racconti delle cose che fanno gli uomini, delle cose di cui è fatta la vita degli uomini
Po custu Sa Prazzitta no fut isceti sa prazzixedda ’e Biddanoa, ma una pimpirìda ’e su mundu	Per questo Sa Prazzitta non era solo la piazzetta di Biddanoa, ma una briciola del mondo
Po mei, poi, Biddanoa no est isceti una bidda, Biddanoa po mei è centu cosas chi no m’indi pozu stracciai ’e su coru	Per me, poi, Biddanoa non è solo un paese Biddanoa per me è cento cose che non mi posso togliere dal cuore
È su càntidu ’e unu cruculeu in d’unu colomberi, chi arruffàda is pinnas zerriendu sa sposa e parìat baddendu, e candu sa sposa arribàda fut una festa, un’alligrìa, unu dillìriu chi ’ndi prenìat su celu	È il canto di un passero nel buco di un muro, che arruffava le penne chiamando la sua sposa e sembrava ballasse, e quando la sposa arrivava era una festa, un’allegria, un delirio che riempivano il cielo
È su fragu ’e su pani appena’ bessìu de su forru, abettau de is quattru ’e chizzi, candu in coxìna cumenzànta a s’intendi boxis de féminas faineras, abettau totu su mangianu cun sa brenti chi murrungiàda, e candu ti dd’agattàsta in manus, callenti, biancu, cun cuddu fragu ’e glória, ddu spizzulàsta a bell’a bellu, e mancai èssist isteniau ’e su fàmini no tenìasta su coraggiu de ddu mussiai, t’ìat èssi partu de mussiai a Deus	È il profumo del pane appena uscito dal forno, atteso dalle quattro del mattino, quando in cucina cominciavano a sentirsi le voci delle donne che lo preparavano, e poi per tutta la mattina con lo stomaco che brontolava, e quando te lo trovavi in mano, caldo, bianco, con quel profumo di gloria, lo becchettavi adagio adagio, e quantunque fossi sfinito dalla fame non avevi il coraggio di morderlo, ti sarebbe sembrato di mordere Dio
E is argiòlas chi no acabànta mai, totu ’e unu colori, grògas, cun su celu totu ’e unu colori accovecau in pizzus, asùlu, e is cuaddus nieddus de Nurri, un’arèi de quindixi o binti cuaddus, ma forzis fùanta centu o duxentus, chi girànta in tundu totu sa dì treulendu su trigu, e su soli pizziosu chi si firmàda in mesu celu e aggiudàda is cuaddus fadiàus arridendu is ispìgas	E le aie che non finivano mai, tutte di un colore, gialle, col cielo tutto di un colore, azzurro, che le copriva, e i cavalli neri di Nurri, un branco di quindici o venti cavalli, ma forse erano cento o duecento, che giravano in tondo tutto il giorno trebbiando il grano, e il sole bruciante che si fermava in mezzo al cielo e aiutava i cavalli stanchi rendendo più secche le spighe
S’aqua, s’aqua ’e bidda mia, frisca, allìgra, conzoladora Furriosa candu ’ndi calàt de is montis de Parti ’e Sàdili sa de Frumindosa, ma s’achietàda in Is Iscas, s’allargàda e fìat de sprigu a is olionàrgius frorius di arrùbiu, chi si ddui incrarànta che piccioccas affroddièras	L’acqua, l’acqua del mio paese, allegra, consolatrice, furiosa quando scendeva dai monti di Parti ’e Sàdili quella di Flumendosa, ma si placava in Is Iscas, si distendeva e faceva da specchio agli oleandri fioriti di rosso, che vi si affacciavano come ragazze vanitose
O s’aqua ’e Sa Canna, chi dda ’ntendìast e no dda bìasta, aqua bregungiosa chi s’ìat postu pe parti, po no si biri, canna e amenta	O l’acqua di Sa Canna, che la sentivi e non la vedevi, acqua timida, pudica, che per non mostrarsi schierava lungo le rive il canneto e la menta
Sa canzonedda ’e s’aqua frisca e sa canzonedda ’e is siccìdas, chi no senzàt mai, sèmpiri aguali	La canzone dell’acqua fresca e la canzone delle cicale, che non cessavano mai, sempre uguali
S’umbra frisca ’e is nuxis e de s’arròli, artu prus de is nuis, sa durciùra ’e sa figu chi coìat in s’óru ’e s’aqua	L’ombra fresca della quercia e del noce, alti più delle nuvole, la dolcezza dei fichi che maturavano accanto all’acqua
Su colori ’e is ògus suus, non torraus a biri mai	Il colore degli occhi suoi, mai più veduti
A mericeddu a cantai toccàt a s’arressinniólu, accanta ’e sa funtana ’e Ziu Marras, e ti stringìat su coru	Al tramonto cantava l’usignolo, vicino alla fontana di Ziu Marras, e ti stringeva il cuore
Castiàsta is montis attesu colori ’i arrosa e iscurtàsta sa boxi chi ti zerriàt, ti zerriàda	Tu guardavi i monti lontani color di rosa e ascoltavi la voce che ti chiamava, ti chiamava
Né a sa riunioni ch’ìat fattu Su Maistu po nai ca moi is sardistas fùanta totus fascistas, né alla celebrazione del  Maggio, Luisicu no ddui fut andau	Né alla riunione che aveva fatto Su Maistu per dire che adesso i sardisti erano tutti fascisti, né alla celebrazione del  Maggio, Luisicu si era fatto vedere
Ddi parìat di èssi ancora una bardùfula in manus no connòtas	Gli sembrava di essere di nuovo una trottola in mani sconosciute
E pàssit sa primu borta, po su Capitanu non solu s’ìat èssi bestìu de sardista, ma ìat èssi fattu calisisìat cosa	E passi la prima volta, per il capitano non solo si sarebbe vestito da sardista, ma avrebbe fatto qualunque cosa
E mancai de partidus no nd’èssit cumpréndiu nudda, su èssi “sardista” calincuna cosa bolìat nai po issu puru, forzis	E quantunque di partiti non capisse nulla, l’essere “sardista” qualche cosa significava anche per lui, forse
Sardu fut sardu	Sardo era sardo
È beru ca prima de partìri sordau sa Sardìnnia pagu dda connoscìada: no fut andau mai a perunu logu, mancu a Casteddu, sceti a is biddas accanta, po calincuna festa: a Nurri po Santa Rosa, a Sèrri po Santa Luxìa, e candu fut piccioccheddu, un’annu dd’ìanta portau a Nuragus, a sa festa ’e Sant’Elìas, accantu po sa primu ’orta ìat pappau piricoccu, unu fruttu chi no ìat bistu mai	È vero che prima di partire soldato la Sardegna la conosceva poco: non era mai andato in nessun luogo importante, nemmeno a Cagliari, soltanto ai paesi vicini, per qualche festa: a Nurri per Santa Rosa, a Serri per Santa Lucia, e quando era bambino una volta l’avevano portato a Nuragus, alla festa di Sant’Elias dove per la prima volta aveva mangiato albicocche, un frutto che non conosceva
Ma in trincera, comente medas àturus sardus de sa matessi cundizioni sua, analfabetas e créscius in s’accorru de logus che Biddanoa, chi de seguru no fut s’unica bidda a èssi “isolata”, in trincera a connosci unu pagheddu sa Sardìnnia dd’ìat imparau Luisicu puru	Ma in trincea, come molti altri della stessa sua condizione, analfabeti e cresciuti nel chiuso di paesi solitari come Biddanoa, che di sicuro non era l’unico paese “isolato”, in trincea a conoscere un po’ la Sardegna aveva imparato anche Luisicu
De is contus de is cumpàngius campidanesus ìat connotu su Campidanu, terra ’e liori, bidda po bidda; de is maurreddus sa Maureddìa cun is minieras, sa Gallura cun s’ortìgu, sa Trexenta, sa Partiolla, s’Ollasta, sa Baronìa, chi depìat èssi unu logu malassortau	Dai racconti dei compagni campidanesi aveva conosciuto il Campidano, terra di cereali, paese per paese, dai sulcitani il Sulcis con le miniere, la Gallura col sughero, la Trexenta, il Parteolla, l’Ogliastra, la Baronia, che doveva essere un luogo sfortunato
E di ónnia logu, di ónnia bidda, immoi connoscìat montis forestas e pranus, e bestiàmini, e sa terra, su chi donàt sa terra po fai bivi sa genti	E di ogni luogo, di ogni paese, aveva conosciuto monti, foreste e pianure, e bestiame, e la terra, ciò che dava la terra per far vivere la gente
Ma custa Sardìnnia ch’ìat connotu Luisicu fùanta “is biddas” de sa Sardìnnia, una po una, ma no fut sa Sardìnnia totu intrea, totu a un’arrógu, eccu, né geograficamente, né, prus pagu ancora, storicamente	Ma questa Sardegna che aveva conosciuto Luisicu erano “i paesi” della Sardegna, uno per uno, non erano la Sardegna intera, ecco, né geograficamente né meno ancora storicamente
S’ìat a podi nai, però, ca economicamente, scurtendu is contus s’unu de s’àturu, sa Sardìnnia dda connoscìanta totus	Forse però si potrebbe dire che attraverso i loro stessi racconti i compagni di Luisicu la Sardegna, economicamente, la conoscessero tutta
E unu pagheddu ’e prus dda connoscìanta is turronàius de Tonara, de Meana e di Aritzu, chi andànta a bendi in is festas sa mercanzìa insoru, e is sennoresus s’olliarmànu, e is lurisincus dónnia cosa	E di più la conoscevano i torronai di Tonara, di Meana e di Aritzo, che andavano per le feste a vendere la loro mercanzia, e i sennoresi l’olio di oliva, e i lurisinchi ogni cosa
Campidanu e Cabesusu ddu connoscìanta beni is pastoris di Orgòsulu, de Bitti e di Orune e di àtaras biddas de sa Brabàxa, ch’in s’ierru calànta cun su bestiàmini a Campidanu e in beranu torrànta a is lògus insòru	Campidano e Logudoro li conoscevano bene i pastori di Orgosolo, di Bitti, e di Orune e di altri paesi della Barbagia, che d’inverno scendevano con le greggi in Campidano e in primavera tornavano ai loro pascoli
Luisicu ascurtàt puru cun attenzioni contus de bandidus chi calincunu contàda, óminis àbilis e medas bortas giustus, óminis, issus puru, de grandu coràggiu	Luisicu ascoltava con attenzione anche certi racconti di banditi che qualcuno faceva, racconti di uomini abili e spesso giusti, coraggiosi sempre
E ascurtàda, incantau, is ottavas de is grandus cantadoris cabesusesus, chi medas iscìant a memoria che su babbunostu, e is garas chi fìanta, candu andànta a riposo, is cumpàngius chi ’ndi fùanta capassus	E ascoltava incantato le ottave dei grandi poeti logudoresi, che molti sapevano a memoria come il padre nostro, e le gare poetiche che spesso organizzavano, quand’erano a riposo, altri compagni che ne erano capaci
Cantànta sèmpiri in logudoresu, chi a Luisicu ddi parìat prus bellu de su campidanesu e de su fueddari suu e totu, tantis chi a bòrtas si ponìat a cantai impari cun issus	Cantavano sempre in logudorese questi poeti improvvisatori, e a Luisicu sembrava più bello del campidanese e del suo stesso dialetto, tanto che qualche volta provava a cantare insieme a loro
Ma in is chistiònis de politica, chi fattu-vattu benìant a pillu, in trincera o in retrovia, Luisicu no ddu intràt mai, mancai custas chistiònis in fundu no fèssinti che s’intenzioni de is cosas ch’ìant èssi fattu, una borta acabàda sa guerra, totus impari, immoi ca a abarrai pinnigaus, a bolla o a marolla, ìant imparau	Ma nelle discussioni di politica, che di tanto in tanto si facevano, Luisicu non interveniva mai, anche se queste discussioni, in fondo, non erano che progetti per quando la guerra sarebbe terminata, progetti che avrebbero realizzato tutti insieme, adesso che la guerra, con le buone o con le cattive, aveva insegnato loro a stare uniti
Ma po Luisicu fut sèmpiri politica, e issu politica ’ndi mazziàt pagu	Ma per Luisicu queste discussioni erano sempre “politica” e lui di politica ne masticava poca
E poi sa politica ti custringìat a penzai	E poi la “politica” ti costringeva a pensare
E Luisicu fut biddanoesu	E Luisicu era biddanoese
E immoi (parìat una beffa) apusti chi dd’ìanta congedau malamenti, c’ìant imbuscinau in sa politica e in is partidus a issu puru	E adesso (sembrava una beffa) dopo che era stato congedato così malamente, avevano immischiato nella politica e nei partiti anche lui
Prima dd’ìanta postu sa camisa ’e sardista, ma cussu fut istétiu un’órdini, e mancai no dd’èssit portàda cun grandu alligrìa, dda portàt senza ’e grandu fastìdiu	Prima gli avevano fatto indossare la camicia da sardista, ma questo era stato un ordine, e quantunque non la portasse con grande allegria, la portava senza grande fastidio
E immoi ’ndi dd’ìanta giai tirau sa camisa ’e sardista e fùanta ponendiddi custa camisa niedda, chi ddi parìat una camisa ’e traitori	E adesso gli avevano già tolto la camicia da sardista e stavano per mettergli questa camicia nera, che gli sembrava una camicia da traditore
Unu merì chi Sara e is piccioccheddus no fùant in domu, si dd’ìat posta, sa camisa niedda, e si fut castiau in su sprigu ’e su cumou: in su sprigu fut cumpartu sùbitu unu scarràsciu	Una sera che Sara e i ragazzi non erano in casa, aveva provato la camicia nera e si era guardato nello specchio del comò: nello specchio era apparso subito uno sputacchio
Po sa primu ’orta ìat maladittu sa dì ch’ìat connotu a Sara	Per la prima volta aveva maledetto il giorno in cui aveva conosciuto Sara
Si fèssit istétiu solu, bagadìu, a cust’ora ìat èssi stétiu cun su capitanu Lussu, chi bagadìu fut abarrau, a su costau suu, sardista si ddu ollìat sardista, prontu a umperai ancora arrivortella e punnialli, chi àtara’ bòrtas, si issu dd’èssit cumandau	Se fosse stato solo, scapolo, a quest’ora sarebbe stato col capitano Lussu, che scapolo era rimasto: al suo fianco, sardista se l’avesse voluto sardista, pronto ad usare ancora rivoltella e pugnale, come un tempo, se lui glielo avesse ordinato
Invecis si fut giai arréndiu a su fàmini, no tanti a su suu, ca nd’aguantàda, ma a su de Sara e de is piccioccheddus	Invece si era già arreso alla fame, non alla sua, che lui era capace di sopportarla, ma a quella di Sara e dei ragazzi
Dd’ìat zerriau Su Maistu e dd’ìat certau:	L’aveva chiamato Su Maistu e l’aveva sgridato:
“No ti ses fattu biri a sa riunioni…”.	“Non ti sei fatto vedere alla riunione…”.
“Tanti deu scìa totu”.	“Tanto io sapevo tutto”.
“E mancu alla commemorazione del  Maggio”.	“E nemmeno alla commemorazione del  Maggio”.
“Fua aggiudendu a Ogéniu, in Is Arrìus”.	“Stavo aiutando Ogéniu in Is Arrius”.
“Peccau, ti depìa liggi una lìttara di Paolo Pili, che ti riguarda”.	“Peccato, ti dovevo leggere una lettera di Paolo Pili che ti riguarda”.
“Eita nàda?”.	“Cosa dice?”.
Luisicu si fut postu a arrìri	Luisicu rideva
Su Maistu dd’ìat castiau pagu tranquillu:	Su Maistu l’aveva guardato preoccupato:
“Biu ca ti fàit prexeri”.	“Vedo che ti fa piacere”.
“Ddu pòdit cumprendi”.	“Lo può capire”.
Chi sa notizia dd’èssit fattu prexeri gei si pòdit cumprèndi, mancai èssit penzau ca, in fundu, cussa penzioni fut che is trinta dinais de Giudas, sa paga ’e sa traitorìa	Che la notizia gli avesse fatto piacere è comprensibile, quantunque Luisicu pensasse che in fondo, quella pensione era come i trenta denari di Giuda, la paga del tradimento
Ma Luisicu fut arriendu po un’àtara cosa: cand’ìat inténdiu “camerata Luisicu” si fut arregordau de candu, appenas acabàda sa guerra, cuddus anarchicus continentalis ddi narànta “compagno Luisicu”.	Luisicu, però, rideva per un altro motivo: quando aveva sentito “camerata Luisicu” si era ricordato di quando, appena finita la guerra, quegli anarchici continentali lo chiamavano “compagno Luisicu”.
Luegu però si fut fattu sériu	Ma subito si era fatto serio
Chini, si no cussu sconcau ’e Lussu, ìat èssi póziu penzai de benni a Biddanoa a fai una parlata prima de is elezionis, sciendu ca Biddanoa fut totu fascista, ca s’amigu suu, Su Maistu, immoi fut centurione della Milizia Volontaria per la Sicurezza Nazionale e ca s’aiutante di battaglia Luisicu, chi in guerra ddu sighìat che un’umbra, prontu a arriscai sa vida po unu fueddu suu, fut istétiu fattu issu puru capusquadra della M.V.S.N.? Prima ’e benni a Biddanoa Lussu ìada scrittu a Su Maistu nendiddi ch’ìat èssi tentu prexeri di salutare i vecchi compagni d’arme	Chi, se non quella testa matta di Lussu, avrebbe potuto pensare di venire a Biddanoa per fare una parlata prima delle elezioni, sapendo che Biddanoa era interamente fascista, che il suo amico Su Maistu adesso era centurione della Milizia Volontaria per la Sicurezza Nazionale e che l’aiutante di battaglia Luisicu, che in guerra lo seguiva come un’ombra, pronto a rischiare la vita per una sua parola, era stato anche lui nominato caposquadra della M.V.S.N.? Prima di venire a Biddanoa Lussu aveva scritto a Su Maistu dicendogli che avrebbe avuto piacere, fra l’altro, di salutare i vecchi compagni d’arme
Maccu	Matto
Ma Su Maistu, mancai sa lìttara ’e Lussu tanti prexeri no dd’èssit fattu, Su Maistu, si nèrit su chi si nèrit, comenti ómini e comenti amigu fut unu comenti tòccat	Ma Su Maistu, benché la lettera di Lussu tanto piacere non gli avesse fatto, Su Maistu, si dica ciò che si vuole, come uomo e come amico era uno come si deve
Certu, come avversario politico ìat pigau is precauzionis suas: Lussu no ìat èssi dépiu fai nisciuna parlata, non avrebbe assolutamente dovuto aprir bocca, cussu dimóniu; ìat èssi stétiu capassu de fai cambiai idea a calincunu, si èssit fueddau	Certo, come avversario politico aveva preso le sue precauzioni: Lussu non avrebbe dovuto fare nessuna parlata, non avrebbe dovuto assolutamente aprir bocca, quel demonio, sarebbe stato capace di far cambiare idea a qualcuno, se avesse parlato
Tenéi presenti ca Lussu bàndat armau finzas a su cómudu	Tenete presente che Lussu va armato anche al cesso
Attenzioni	Attenzione
A dónnia modu, sa genti ’e Biddanoa connoscìat sa nomenàda ’e Lussu, no ddui ìat cumbattenti chi no ’nd’èssit chistionau, e immoi ddu ’olìat biri in facci, o torrai a biri, che is de sa Brigata	Ad ogni modo, la gente di Biddanoa conosceva la fama del capitano Lussu, non c’era combattente che non ne parlasse, e adesso tutti volevano vederlo, o rivederlo, come quelli della Brigata
Candu s’automobili si fut firmàda in d’un’óru ’e Sa Prazzitta, e Lussu ’ndi fut bessìu, su primu e s’ùnicu chi si ddi fut accostiau fut istétiu Su Maistu	Quando l’automobile si era fermata, da una parte di Sa Prazzitta, e Lussu ne era sceso, il primo e l’unico che gli si fosse avvicinato era stato Su Maistu
Fut abettendiddu:	Stava aspettandolo:
dd’ìat arrespustu Lussu tocchendiddi sa manu e castiendiddu in facci cun cudda miràda firma	 gli aveva risposto Lussu stringendogli la mano e guardandolo con quei suoi occhi fermi
Poi si ddi fut postu a su costau e impari si fùant incamminaus facci a domu ’e Su Maistu	Poi gli si era messo al fianco e insieme si erano incamminati verso la casa di Su Maistu
Genti firma pe parti in Sa Prazzitta, pe parti in sa ’ia ’e Tiricu, e Lussu passendu in mesu e saludendu a totus cun d’un’accìnnidu ’e sa conca, su movimentu de sa barbetta a punta, de is ogus accùzzus	Gente ferma intorno a Sa Prazzitta, ai lati della via di Tiricu, e Lussu che passa salutando tutti con un cenno della testa, il movimento della barbetta a punta, degli occhi aguzzi
Citìa sa genti, e no solu po órdini ’e Su Maistu, ma poita donniunu fut pregontendu a issu e totu comenti si podìat èssi contras a un’ómini che custu, chi bastàt a ddu castiai in facci po cumprendi eita razza ’i ómini fudi	Zitta la gente, e non solo per ordine di Su Maistu, ma perché ognuno chiedeva a se stesso come si poteva stare contro un uomo come questo, che bastava guardarlo in faccia per capire che razza d’uomo fosse
Ma is órdinis fùant órdinis	Ma gli ordini erano ordini
Apusti de una mesoredda ’ndi fùanta bessìus costau a pari de domu ’e Su Maistu passendu un’àtara borta in mesu sa genti finzas a Sa Prazzitta	Dopo una mezz’oretta erano usciti fianco a fianco da casa di Su Maistu passando un’altra volta in mezzo alla gente fino a Sa Prazzitta
Innì si fùanta saludaus, s’ìanta toccau sa manu, Su Maistu ìat girau ’e pàlas e s’inci fut istesiau, e Lussu fut abarrau solu	Lì si erano salutati, si erano stretti la mano, Su Maistu si era allontanato e Lussu era rimasto solo
Appenas ìat circau ’e fueddai, sa genti, ma prus chi àturu sa piccioccalla, istruìa de Su Maistu, ìat cumenzau a aboxinai, a sonai bottus e liàunas, matràccas e istrocciarrànas, parìat Cida Santa	Appena aveva tentato di parlare, la gente, ma più che altro la ragazzaglia, istruita da Su Maistu, aveva cominciato a gridare, a percuotere barattoli e latte di petrolio, “matraccas” e “istrocciarrànas”, sembrava la Settimana Santa
Lussu, firmu in mesu Sa Prazzitta a brazzus ingruxàus, ingiriau ’e sa genti, fattu-vattu si scaringiàt a arrìri, parìat divertendusì	Lussu, fermo in mezzo a Sa Prazzitta con le braccia conserte, attorniato dalla gente, di tanto in tanto si apriva in un sorriso, sembrava divertirsi
Fascistas e Milizia in divisa, firmus ananti ’e su Municipiu, in servizio d’órdine pubblico, calincunu cun is ògus in terra, bregungiosu	Fascisti e Milizia, in divisa, fermi davanti al Municipio in servizio di ordine pubblico, qualcuno con gli occhi bassi, vergognoso
Ddus cumandàt Antonèfis, su prus anzianu, ca su Capusquadra Luisicu e la Camicia nera scelta Elìas no si fùanta presentaus all’appello	Li comandava Antonèfis, il più anziano, perché il Caposquadra Luisicu e la Camicia nera scelta Elias non si erano presentati all’appello
In d’unu momentu chi ddi fut partu ca su stragazzu fèssit amenguendu, Lussu ìat tentau un’àtara borta ’e fueddai, ma debàdas	In un momento in cui gli era parso che il chiasso stesse scemando, Lussu aveva tentato un’altra volta di parlare, ma inutilmente
Si fut pesàda una ’oxi ’e femina:	Si era alzata una voce di donna:
“Lassaiddu fueddai, traitoris!”.	“Lasciatelo parlare, traditori!”.
Prus a forti bottus, liàunas e istrocciarrànas	Più forte il frastuono dei barattoli, delle latte e degli istrocciarrànas
Tandu Minnìa nd’ìat istracciau unu pipìu de brazzus ’e una picciocchedda, e cun dus còrpu’ di anca s’ìat fattu logu e si fut accostiàda a Lussu:	Allora Minnìa aveva strappato un bambino dalle braccia di una ragazzina, e con un colpo d’anca si era aperta la strada e si era avvicinata a Lussu:
“Tèngiat, tocchididdu: pòdit èssi chi no crèsciat cacciappu che i custus cagallonis”.	“Tenga, lo tocchi: può darsi che non cresca coniglio, come questi coglioni”.
Lussu dd’ìat castiàda cun arrespettu, si bìat ca fut cummóviu, e ìat carinniau su pipìu	Lussu l’aveva guardata con rispetto, commosso, e aveva carezzato il bambino
Ma ’nd’ìat approfittau po nai, cun d’una ’oxi chi parìat unu tronu:	Ma ne aveva approfittato per dire, con una voce che sembrava un tuono:
“Seis fendumì unu grand’onori: a Gesucristu puru dd’ìanta sonau matràccas e istrocciarrànas, ma no fut serbìu a nudda, poita fut issu su chi tenìat arrexoni”.	“Mi state facendo un grande onore Anche a Gesù Cristo avevano suonato matraccas e istrocciarrànas ma non era servito a nulla, perché era lui che aveva ragione”.
Ìat fattu un’accìnnidu a su sciaferru, cuddu ’nd’ìat accostiau s’automobili, e Lussu cun calma ìat abertu su sportellu, si fut sézziu e fut partìu	Aveva fatto un cenno allo chauffeur, quello aveva avvicinato la macchina, lui con calma aveva aperto lo sportello, era salito, ed erano partiti
Sa piccioccalla coraggiosa ìat circau de ponni infattu a s’automobili, e unu ìat iscutu una perda: sùbitu de s’automobili si fùanta incraràdas is cannas de unu fusìli	La ragazzaglia coraggiosa aveva tentato d’inseguire l’automobile, ed era volato un sasso: subito dall’automobile erano apparse le canne di un fucile
Tandu sa truma ìat furriau ’e pàlas e ci fut torràda a Sa Prazzitta	Allora la torma aveva fatto dietro-front ed era tornata a Sa Prazzitta
Poita apu tentu tanti pressi de contai sa storia del “mancato comizio” (comenti òi s’ìat a nai) di Emilio Lussu, candu inveci ìap’èssi dépiu contai àtaras duas cositteddas suzzédias prima	Perché ho avuto tanta fretta di parlare del “mancato comizio” (come oggi si dice) di Emilio Lussu, quando invece avrei dovuto raccontare altre due cosette successe prima
Su fattu è custu: ca a su “comiziu” di Emilio Lussu ìap’èssi dépiu pigai parti deu puru in calidadi de sonadori ’e strocciarrànas Ma mamma mia	Il fatto è questo: che al “comizio” di Lussu avrei dovuto partecipare anch’io in qualità di suonatore di “istrocciarrànas”. Ma mia madre
A mamma mia a ddi nomenai a Mussolini fut comente ddi nomenai su dimóniu	A mia madre nominarle Mussolini era come nominarle il demonio
Po issa Mussolini fut Luziférru, “cussu dellincuenti”, “cussu cani arrabiosu”, “su chi ’ndi ’òllidi scudi su Rei de sa cadira po s’inci sezz’issu”, e àtaras cosas peus	Per lei Mussolini era Lucifero, “quel delinquente”, “quel cane rabbioso”, “quello che vuole far alzare il re dalla sua sedia per sedercisi lui” ed altre cose peggiori
E fùanta cosas chi naràt cun totus, ch’ìat sighìu a nai finzas e candu no si podìat, cun chini ddi capitàda	Ed erano cose che diceva con tutti, che aveva continuato a dire anche in seguito, quando era pericoloso, con chi le capitava
A unu maisteddu sicilianu chi una dì, in buttega, si fut postu a fueddai del “nostro amatissimo Duce” comente chi fèssit Gesucristu torrau a pei in terra, dd’ìat truncau su fueddu in bucca:	A un maestrino di scuola siciliano che un giorno, in bottega, si era messo a parlare del “nostro amatissimo Duce”, come se fosse Gesù Cristo tornato sulla terra, aveva troncato la parola in bocca:
“Fustei strexassindi su muccu i acabidimidda de chistionai de cussu dellincuenti comenti chi fèssit unu grand’ómini	“Lei si pulisca il moccio e me la smetta di parlare di quel delinquente come se fosse un grand’uomo
Fustei no dèpit ai tentu nì babbu nì mamma, su scuru, chindighinò no dd’ìat èssi mancu nomenau, cussu facc’’e mollènti”.	Lei non deve aver conosciuto né babbo né mamma, poverino, diversamente non l’avrebbe nemmeno nominato, quella faccia d’asino”.
“Fustei no mi fàit nudda Nì fustei nì àtiri	“Lei non mi fa nulla, né lei né altri
E po acabai sa discussioni sartidimì sa birdiera e bàndit a Sa Prazzitta, a fai sa parlata: forzis at a agatai callincunu tontu che fustei e totu, chi tèngiat gana ’e ddu scurtai”.	E per finire la discussione mi salti la porta e vada in Sa Prazzitta, a fare la parlata: forse troverà qualche stupido come lei che avrà voglia di sentirla”.
Ma cun chi dda penzàt che issa e totu	Ma con chi la pensava come lei
Tiu Perantoni, po ’ndi nomenà’ unu: candu no tenìat munera po su zigarru, Tiu Perantoni benìat su própiu a buttega, si sceberàt unu zigarru toscanu e cumenzàt a circai in is busciaccas bùidas su dinai chi no ddui fudi	Tiu Perantoni, per fare un nome: quando non aveva moneta per il sigaro, Tiu Perantoni veniva lo stesso in bottega, si sceglieva un sigaro toscano e cominciava a frugarsi nelle tasche vuote cercando i soldi che non c’erano
Mamma cumprendìat: “Mi ddu pagas crasi”. Ma de custus crasi no ’nd’ìat benìu mai manc’unu, né mamma ’nd’abettàda	Mamma capiva: “Me lo paghi domani”. Ma di questi “domani” non ne era mai venuto uno, né mamma ne attendeva
E domìnigu a mangianu benìat Lussu e mamma fut nervosa	E domenica mattina veniva Lussu e mamma era nervosa
Scìat ca Lussu bolìat beni a Mussolini prus pagu ancora de cantu ’ndi ddi bolìat issa: Chi no fèssit po s’edadi ìa a andai a ddi fai su zaccarramanu, ìat penzau	Sapeva che Lussu voleva bene a Mussolini meno ancora di quanto gliene volesse lei: “Se non fosse per l’età andrei a battergli le mani” aveva pensato
E cantu dd’ìat èssi pràxiu	E quanto le sarebbe piaciuto
Deu inveci s’edadi de fai trumbullu dda tenìa, ma deu fua di “parte nemica”, e de sa dì innanti ìa circau de mi preparai: ponendu una cadira in pizzu de s’àtara, ’nd’ìa tirau de s’ùrtima tàula ’e unu parastàggiu su strocciarrànas	Io invece l’età di far chiasso l’avevo, ma io ero “di parte nemica”, e fin dal giorno precedente avevo cercato di prepararmi: mettendo una sedia sull’altra mi ero arrampicato fino all’ultimo ripiano di uno scaffale a muro e avevo tirato giù il mio istrocciarrànas
Dd’ìa beni ispruinau, e mi fut benìu su disìgiu de ddu provai: fut istétia sa rovina mia	L’avevo spolverato ben bene e mi era venuta voglia di provarlo: era stata la mia rovina
Mamma, de buttega, dd’ìat inténdiu e forzis ìat cumpréndiu is intenzionis mias	Mamma, da bottega, l’aveva sentito e forse aveva capito le mie intenzioni
Ndi fut intràda incillìa:	Era entrata accigliata:
“Donamiddu”.	“Dammelo”.
Si dd’ìa apportu, preoccupau, issa dd’ìat castiau unu momentu, poi si dd’ìat postu asutta ’e is peis	Glielo avevo allungato, preoccupato, lei l’aveva guardato un momento, poi se l’era messo sotto i piedi
Su strocciarrànas ìat fattu unu sonu léggiu	Il mio istrocciarrànas aveva fatto un rumore sinistro
A bell’a bellu mamma ’nd’ìat boddìu is arrògus, si fut accostiàda a sa ziminera e ci ddus ìat ghettaus a su fogu:	Lentamente mamma aveva raccolto i pezzi, si era avvicinata al camino e li aveva buttati nel fuoco:
“Immoi ses manneddu finzas e po ddu sonai in Cida Santa, su strocciarrànas”.	“Adesso sei grandetto anche per suonarlo in Settimana Santa”.
Ma po nai totu sa beridadi dep’acciùngi ca totu custu fut costau una surra a Mariuccia, sorrixedda mia	Per dire tutta la verità devo aggiungere che di questo mio infortunio aveva fatto le spese mia sorellina, Mariuccia, che le aveva prese
De mèi, no de mamma	Da me, non da mamma
Mariuccia, chi fut sa prus pitica e fut in terza, cand’ìat bistu a mamma fendumì a arrògus su strocciarrànas, si fut posta a sartai e a pistai is manus: “Beni fattu, beni fattu, beni fattu!”. Ma mi dd’ìat pagàda	Mariuccia, che era la più piccola ed era in terza, quando aveva visto mamma fare a pezzi il mio istrocciarrànas si era messa a saltare e a battere le mani: “Ben fatto, ben fatto!”.
In iscola sua Mariuccia fut s’ùnica chi no èssit tentu sa divisa de Piccola Italiana	Ma me l’aveva pagata Nella sua classe Mariuccia era l’unica che non avesse la divisa da Piccola Italiana
A is festas nazionalis o alle gite scolastiche ch’immoi si fìanta, is cumpàngias andànta totus bestìas in divisa, e Mariuccia cun d’unu bestireddu a quadritteddus biancus e arrùbius, lìmpiu, ma sèmpiri su própiu	Alle feste nazionali o alle gite scolastiche che adesso si facevano, le compagne andavano tutte vestite in divisa, ma Mariuccia con un vestitino a quadretti bianchi e rossi, pulito, ma sempre lo stesso
Issa ’ndi suffrìat, mischinedda, e calincuna cumpàngia dda pigàt finzas e in giru: ma de ddi comporai sa divisa de Piccola Italiana mamma no ’nd’ìat bófiu mancu intendi	Ne soffriva, poverina, e qualche compagna la prendeva anche in giro: ma di comprarle la divisa da Piccola Italiana mamma non ne aveva voluto mai sentire
Sigomenti a Sa Maista ’ndi ddi parìat mali, de Mariuccia, fut benìa a domu po circai de cunvinci a mamma a si dda comporai, custa divisa	Siccome Sa Maista ne aveva un po’ di compassione, di Mariuccia, era venuta a casa per tentare di convincere mamma a comprargliela, questa divisa
Mamma, po educazioni, dd’ìat fatta sezzi, dd’ìat finzas e offertu una tassixedda ’e Marsala, ma candu cudda ìat toccau sa chistioni, dd’ìat firmàda luegu:	Mamma, per educazione, l’aveva fatta accomodare e le aveva offerto un bicchierino di Marsala, ma quando quella aveva toccato la questione l’aveva fermata subito:
“Ascùrtidi: a filla mia dda bestu comenti bollu deu, e no comenti bòllit Mussolini”.	“Senta, mia figlia la vesto come voglio io, e non come vuole Mussolini”.
Is duas cositteddas chi apu sartau: sa penzioni ’e Luisicu e is gradus di Caposquadra della M.V.S.N chi dd’ìanta donau, senza mancu ddi pregontai si ddus accettàt o no	Le due cosette che ho saltato: la pensione di Luisicu e i gradi di Caposquadra della Milizia che gli avevano dato, senza nemmeno chiedergli se li accettava o no
Duas cositteddas de nudda, ma chi in d’una biddixedda comente Biddanoa, in custa pizzialledda ’e mundu, fùanta cosas mannas, importantis	Due cosette da nulla, ma che in un paesino come Biddanoa, in questo frammentino del mondo, assurgevano a fatti importanti
In d’una bidda accantu donniùnu, po podi bivi, depìat traballai che unu scrau totu sa vida, finz’a candu fut peis a sa fossa, su sciri ca calincunu podìat bivi finz’a s’ùrtima dì senza ’e traballai, fut una cosa ch’intràda in totu is chistionis	In un paese dove ciascuno, per vivere, doveva lavorare come uno schiavo tutta la vita, fintanto che si trovava con i piedi nella fossa, apprendere che qualcuno poteva vivere fino al suo ultimo giorno senza lavorare era un fatto di tale importanza che entrava in tutti i discorsi della gente
Ma Luisicu tenìat su malecadùcu	Ma Luisicu aveva il malcaduco
Ebbenis	Ebbene
Ddu ìat genti, in bidda, chi tenìat su malecadùcu e penzioni no ’nd’ìat èssi tentu mai	C’era gente in paese che aveva il malcaduco e pensione non ne aveva avuto mai
No è po penzai mali ’e nisciunus, ma deu creu chi si a calincunu, o a medas, dd’èssinti promìttiu una penzioni che sa de Luisicu in cambiu de su malecadùcu, no ddis ìat èssi partu mancu beru	Non è per pensar male di nessuno, ma io credo che se a qualche biddanoese, o a molti, avessero promesso una pensione come quella di Luisicu in cambio del malcaduco, non gli sarebbe sembrato vero
Tanti, passau s’attaccu, unu s’intendìat comente prima, e po totu sa vida no ìat èssi connotu prus s’abbisóngiu	Tanto, passato l’attacco, uno si sentiva come prima, e per tutta la vita non avrebbe mai più conosciuto il bisogno
Ma nèmus fut imbidiosu: sa fortuna fut toccàda a Luisicu, bonu pròi ddi fàzzada	Ma nessuno era invidioso: la fortuna era toccata a Luisicu, buon pro gli faccia
Fut una penzioni ’e guerra che is àtaras e Luisicu sa guerra dd’ìat fatta diadéru	Era una pensione di guerra come le altre e Luisicu la guerra l’aveva fatta davvero
Sa penzioni fut arribada apusti de tres mesis chi Paolo Pili ìada scrittu a Su Maistu: penzioni e arretratti, una bella sommetta, coment’ìat nau s’Officiali ’e Posta candu si dd’ìat pagàda	La pensione era arrivata dopo tre mesi che Paolo Pili aveva scritto a Su Maistu: pensione e arretrati, una bella sommetta, come aveva detto l’ufficiale postale quando gliela aveva pagata
Po Luisicu fut istétia una grandu cosa, certu, immoi no depìat timi prùs né miséria né fàmini, né issu né sa famìlia, no ìat èssi dépiu andai prus a giorronada po contu ’e genti chi pagu ddi praxìada	Per Luisicu era stata una gran cosa, certo, adesso non aveva più da temere fame e miseria, né lui né la sua famiglia, non sarebbe più dovuto andare a giornata per conto di persone che poco stimava
Eppuru, su si biri in manus totu cussu dinai no dd’ìat donau sa cuntentesa chi s’abettàda	Eppure, vedersi in mano tutti quei soldi non gli aveva dato la gioia che s’aspettava
Mancai fèssit segùru ca no fùanta fendìddi nisciun’arregàlu, ca fut istétia sa guerra a fai de unu lioni comenti fut issu un invalido, cun totu custu	Quantunque fosse certo che non stavano facendogli alcun regalo, perché era stata la guerra a fare di un leone come lui un invalido, con tutto
no arrennescìat ancora a s’indi bogai ’e conca cudd’idea ca sa penzioni fut sa paga de una traitorìa	questo non riusciva ancora a togliersi dalla testa che la sua pensione era la paga di un tradimento
Po dd’ottenni s’ìat dépiu ponni sa camisa niedda, traixi su capitanu, e custa fut una cosa chi dd’arremordìat ancora	Per ottenerla aveva dovuto indossare la camicia nera, tradire il capitano, e questo era un fatto che gli rimordeva sempre
Ind’ìat chistionau cun Sara, e Sara, comente sèmpiri, dd’ìat postu in bònas:	Ne aveva parlato anche con Sara, e Sara, come sempre, l’aveva rasserenato:
Totu “semplice” po Sara, totu craru	Tutto semplice, per Sara, tutto chiaro
E Luisicu s’ìat postu su coru in paxi: in fundu in fundu, Sara tenìat arrexoni	E Luisicu si era messo il cuore in pace: in fondo Sara aveva ragione
E po primu cosa, sigomenti no bolìat chi dd’èssinti nau ca fut susùncu, ìat fattu festa: ìat cumbidau totu su bixinau e totu sa genti chi agatàda in Sa Prazzitta, a mericeddu e su domìnigu	E per prima cosa, siccome non voleva che gli dessero dello spilorcio, aveva fatto festa: aveva invitato tutto il vicinato e tutta la gente che incontrava in Sa Prazzitta, la sera e la domenica
Poi ìat penzau a Sara: ìat bófiu chi s’èssit bestìa totu ’e nou, de sennora, comente candu fut benìa, e a is pipìus, e poi a Ogéniu e a Lionora, mischinus, ìat bófiu chi issus puru èssint inciungiau bestìris nous	Poi aveva pensato a Sara: aveva voluto che si vestisse tutta di nuovo, da signora come quando era arrivata, e ai bambini, e poi a Ogéniu e a Lionora, poverini, aveva voluto che anche loro indossassero vestiti nuovi
Infinis ìat fattu una cosa chi cun Sara ìat sèmpiri penzau ’e fai, ma sa mancanza de dinai no si dd’ìat mai permìttiu: ìat zerriau su maistu ’e muru, e si fùanta postus di accórdiu po acciungi dus aposentus a sa domixedda, a parti ’e pinna	Infine aveva fatto qualcosa che con Sara aveva progettato da tanto, ma la mancanza di quattrini non gli aveva mai permesso: aveva chiamato il muratore e si erano accordati per ampliare la casa, aggiungendovi due stanze, dalla parte di dietro
Sa domixedda fut troppu pitica, immoi chi sa famìlia fut crescendu	La casa era troppo piccola, adesso che la famiglia stava crescendo
E totu custu è pagau cun su malecaducu, Luisicu, ch’immoi, po nai sa beridadi, ddu supportas mellus, e is attaccus pàrit chi non bèngant a cracu comente prima	E tutto questo è pagato col malecaduco, Luisicu, che adesso, per la verità, sopporti meglio, e le crisi sembra che non arrivino così di frequente come prima
Méllus aìci	Meglio così
S’àtara cosittedda:	L’altra cosetta:
In dus fueddus – dd’ìat nau Su Maistu – ti spiego quali sono i compiti della Milizia Volontaria per la Sicurezza Nazionale: mantenimento dell’ordine interno e preparazione dei giovani alla vita militare	“In due parole – gli aveva detto Su Maistu –, ti spiego quali sono i compiti della Milizia Volontaria per la Sicurezza Nazionale: mantenimento dell’ordine interno e preparazione dei giovani alla vita militare
Gradus arrùbius	Gradi rossi
“Nudda	“Nulla
Penzu chi àndit beni a tui puru”.	Penso che vada bene anche a te”.
“Comenti no	“Come no
Totu, m’àndat beni: tessera, gradus, mallecadùcu, penzioni, totu: Viva il Fascismo, Comandante!”.	Tutto mi va bene: tessera, gradi, malecaduco, pensione, tutto: Viva il Fascismo, Comandante!”.
Tiu Perantoni bessìat a pillu in carnovali	Tiu Perantoni veniva fuori a carnevale
No ch’in su restu ’e s’annu no fèssit in bidda, o chi s’èssit incungiau in dòmu, no: traballàda, candu tenìat traballu, s’imbriagàda, si podìat, a mericeddu andàt a si fai is cummissionis, a si comporai unu zigarru, mancai senza ’e dinai, ma no si firmàt mai in Sa Prazzitta o in su stradoni a arrallài cun sa genti	Non che per il resto dell’anno non fosse in paese o che si rinchiudesse in casa, no: lavorava, quando aveva lavoro, s’ubriacava, se poteva, sul tardi andava a farsi le commissioni, a comprarsi un sigaro, spesso senza avere i quattrini, ma non si fermava mai in Sa Prazzitta o nello stradone a chiacchierare con la gente
Torrau a domu, in s’istadi si sezzìat in prazza, fumendu e castiendu aillargu, facci a Frumindosa, a is montis, penzamentosu; in s’ierru, candu senzàt de traballai, o no tenìat traballu, si sezzìat accanta ’e su fogu, liggendu certus lìburus chi ’ndi bogàt a un’a unu de una cascitta serràda cun d’unu lucchettu, chi no lassàt aberta mai	Tornato a casa, d’estate si sedeva in cortile, fumando e guardando lontano, verso Flumendosa o verso i monti lontani, pensieroso; d’inverno, quando smetteva di lavorare o non aveva lavoro, si sedeva vicino al fuoco a leggere certi libri che toglieva da una cassetta chiusa con un lucchetto, che non lasciava mai aperta
Ma in carnovali Tiu Perantoni fut un’àturu: si bestìat de màscara cun is bestìris de sa mulleri, chi fut una fémina	Ma in carnevale Tiu Perantoni era un altro: si vestiva a maschera con gli abiti della moglie, una donna grassa grassa,
grassa grassa, si fìat duas tittas de zàppulu mannas che duas sìndrias, s’accappiàt unu muccadori in conca, ma no si ponìat facciòla, che is àturus	si faceva due seni di stoffa grandi come due angurie, si legava un fazzoletto in testa ma non si metteva maschera, come gli altri
Nd’arresurtàt ca fìat arrìri prus de is àtaras màscaras, custa fémina tittimanna cun is mustazzus arrubiàstus, longus e trottoxàus	Ne risultava che era talmente buffo e faceva ridere più delle altre maschere, questa femmina mammelluta con quei baffi rossastri, lunghi ed attorcigliati
No mancàda a nisciuna mascaràda, de sa prima a s’ùrtima, e di ónnia cambaràda fut su primu a intrai in is domus accantu ddus cumbidànta, su primu a tastai i’ zìppulas, a buffai sa primu tassa ’e binu o di aquardenti	Non mancava a nessuna mascherata, dalla prima all’ultima, e di ogni gruppo era il primo ad entrare nelle case dove erano accolti, il primo ad assaggiare le frittelle, a bere il primo bicchiere di vino o d’acquavite
In Sa Prazzitta, in su stradoni o in calisisìat àtara bia, candu fut giai cottu firmàt sa cambaràda ’e is màscaras, ci arziàt a una cadìra, a una banghina o a unu bangheddu e cumenzàt a aboxinai:	In Sa Prazzitta, nello stradone o in qualsiasi altro luogo, quando era ben sbronzo fermava la compagnia delle maschere, saliva su una sedia, su una panchina o su un banchetto e cominciava a gridare:
E aici dónnia domìnigu, totu su carnovali, finz’a s’ùrtima dì, su martis	E così ogni domenica per tutto il carnevale, fino all’ultimo giorno, il martedì
Su primu domìnigu ’e carésima, però, Tiu Perantoni no tastàt unu stiddìu ’e binu finz’a s’ora ’e cenai, poita su chi depìat fai issu no fut cosa chi podìat fai un’imbriagu	La prima domenica di quaresima, però, Tiu Perantoni non assaggiava una goccia di vino fino all’ora di cena, perché ciò che doveva fare lui non era cosa che potesse fare un ubriaco
In Biddanoa, comente in medas lògus, su primu domìnigu ’e carésima si segànta is pingiàdas	In Biddanoa, come in tanti altri paesi, la prima domenica di quaresima si rompevano le pentole
A cuaddu	A cavallo
Intrendu in bidda, sa domu ’e Tiu Perantoni fut a manu ’e manca de su stradoni, accantu cumenzàt sa ’ia de Santa Maria, ma prus in artu, tantis chi po lompi a prazza sua ddu ìat una pigadedda In s’intràda ’e prazza ddu ìat una cresura ’e spinecrìstis, bèccia, cun d’unu truncu grussu che sa còscia	Entrando in paese la casa di Tiu Perantoni era a sinistra dello stradone, dove incominciava la via di Santa Maria, ma più in alto, tanto che per arrivare nel suo cortile c’era una salitina: all’entrata del cortile c’era una pianta di “spinecristis”, vecchia, con un tronco grosso come una coscia
A s’àtara parti de su stradoni ddui fut sa domu de signor Casu, cun su curridóriu a sa própiu artesa e in direzioni de sa cresura ’e spinecrìstis	Dall’altra parte dello stradone c’era la casa di signor Casu col balcone alla stessa altezza e nella stessa direzione della pianta di “spinecristis”.
Su domìnigu chi segànta is pingiàdas, de su curridóriu ’e signor Casu partìat una funi chi Tiu Perantoni accappiàt a su truncu de sa spinecrìstis In custa funi, chi attruessàt su stradoni a un’artària de unus quattru metrus, appiccànta a un’a una is pingiàdas chi si depìanta segai, e a un’a unu is cabonis e is caboniscus cundennaus a fai una morti pagu bella	La domenica in cui si rompevano le pentole, dal balcone di signor Casu partiva una fune che Tiu Perantoni tendeva e legava al tronco della sua pianta di “spinecristis”. A questa fune, che attraversava lo stradone a un’altezza di un quattro metri, appendevano una alla volta le pentole che si dovevano rompere, e a uno a uno i galli ed i galletti condannati ad una morte crudele
Provu a mi spiegai mellus	Provo a spiegarmi meglio
Su primu domìnigu ’e carésima, fàccias a is tres, si pinnigànta in Sa Prazzitta ottu o dexi giòvunus a cuaddu, sedda, istàffas cùrzas	La prima domenica di quaresima, verso le tre del pomeriggio, si riunivano in Sa Prazzitta otto o dieci giovani a cavallo, sella, staffe corte
Donniùnu portàt unu fusti o una màniga ’e scova longa unu metru	Ognuno portava un bastone o un manico di scopa lungo un metro
Candu Tiu Perantoni infilàda in sa funi sa primu pingiàda, Efiluisu, de pizzu de sa muralla, donàt s’órdini po sa parténzia: “Antoni!”. Antoni, cun d’unu corpu ’e sproni, partìat a totu fua, is arrédinis in sa manu ’e manca, artu su fusti in sa manu deretta	Quando Tiu Perantoni infilava nella fune la prima pentola, Efiluisu, da sopra la muraglia, dava l’ordine della partenza: “Antoni!”. Antoni, con un colpo di sperone, partiva al galoppo, le redini nella sinistra, alto il bastone nella mano destra
Lómpiu asutta ’e sa pingiàda s’indi pesàda in is istàffas e bum	Giunto sotto la pentola, sempre al galoppo, si alzava sulle staffe, e bum
unu corpu a sa pingiàda e sighìat a curri finz’a Cuccuru ’e Callia, ca prima no arrennescìat a firmai su cuaddu	un colpo alla pentola e continuava fino a Cuccuru ’e Callia, ché prima non sarebbe riuscito a fermare il cavallo
Si faddìat, sa genti pe parti ’e su stradoni ddu pigàt a boxis e a sùrbius; s’inzertàda, impari cun is arrògus de sa pingiàda ’nd’arruìat dónnia cosa: o cinìxu, o zìppulas o prùini ’e crabòni, o pìsciulu	Se sbagliava il bersaglio la gente schierata ai bordi dello stradone lo sfotteva con urla e fischi; se colpiva giusto, assieme ai cocci della pentola cadeva giù ogni cosa: cenere, o frittelle, o polvere di carbone, o, qualche volta, pipì
Is chi fùanta prus a accanta tandu no è chi s’èssinti divertìus meda	In questo caso quelli che stavano più vicini non è che si divertissero molto
Apusti de una pingiàda, unu caboniscu, a conca pendi pendi	Dopo una pentola un galletto, appeso a testa in giù
De pizzu de sa muralla Efiluisu zerriàda: “Francischinu!”. E via Francischinu, cun su fusti puntau a sa conca ’e su caboniscu	Da sopra la muraglia Efiluisu gridava: “Francischinu!”. Francischinu partiva al galoppo col bastone puntato alla testa del galletto
Si faddìat, o su caboniscu no morìat sùbitu, Efiluisu ’ndi zerriàt un’àturu chi dd’acabàda	Se sbagliava o il galletto non moriva subito, Efiluisu chiamava un altro cavallerizzo che lo finiva
E aici totu su merì: una pingiàda unu caboniscu, una pingiàda unu caboni, e is giòvunus a cuaddu, chi scudìant unu corpu ’e fusti currendu a totu fua strantàxus in is istàffas	E così per tutto il pomeriggio: una pentola e un galletto, una pentola e un gallo, e i giovani a cavallo che colpivano col bastone correndo al gran galoppo ritti sulle staffe
Ddu scìu, ddu scìu, no fùanta zivilis per niente, custus biddanoesus	Lo so, lo so, non erano civili per niente, questi biddanoesi
Ma fut una cosa ch’ìanta sèmpiri connotu	Ma era una cosa che avevano sempre fatto, sempre conosciuto
Issus narànta chi tanti, in calisisìat manera fèssit mortu, unu caboni o unu caboniscu c’ìat èssi sèmpiri acabau in d’unu schidoni o in d’una pingiàda	Loro dicevano che tanto, in qualunque maniera fosse morto, un gallo od un galletto sarebbe sempre finito in una pentola o infilzato in uno spiedo
Bàrbari	Barbari
Forzis	Forse
Ma fattu stat ca si spassìat totu sa bidda	Ma fatto sta che si divertiva tutto il paese
De is tres finz’a mericeddu, si segànta prus de dexi pingiàdas e passànta in sa funi ateretàntus cabonis e caboniscus	Dalle tre fino al tramonto si rompevano più di dieci pentole e passavano nella fune altrettanti galli e galletti
E a su notti, festa: pezza ’e caboni, casu marzu, zìppulas e binu nieddu	E la notte, festa Pollo, formaggio marcio, frittelle e vino nero
E sa coighìna de Tiu Perantoni, chi no capìat in nisciunu logu	E la sbronza di Tiu Perantoni, che non stava in nessun luogo
Eita fìat, di arti, Tiu Perantoni	Cosa faceva, di mestiere, Tiu Perantoni
Immoi fìat su sabateri, ma no fut un’artista che Tatànu	Adesso faceva il calzolaio, ma non era un artista come Tatanu
Fìat fetti crapittas grais, de massaiu, e mali puru	Faceva soltanto scarpe grosse, da contadino, e le faceva anche male
A bòrtas indi ddi bessìat una prus manna ’e s’àtara, po cussu tenìat pagu traballu	A volte una risultava più grande dell’altra, per questo aveva poco lavoro
In gioventudi fut istétiu in miniera, armàda is gallerias	In gioventù aveva lavorato in miniera, armava le gallerie
Poi si fut arrósciu e fut andau a fai su maistu ’e carrus in Campidanu, asutta ’e meri	Poi si era stancato ed era andato a fare il carpentiere, in Campidano, sotto padrone
Inguni ìat cumenzau a buffai e, chini scit comenti, fut torrau a bidda sabateri	Lì aveva cominciato a bere e, chissà come, era tornato in paese calzolaio
Ma naràt ca ddi fut abarrau in su nasu su fragu bellu ’e sa linna, chindighinò no ìat èssi póziu supportai su fragu malu ’e sa pixi	Ma diceva che gli era rimasto nel naso il profumo del legno, diversamente non avrebbe potuto sopportare il cattivo odore della pece
Pagus annus apusti no si fut pru’ bestìu ’e màscara, né zerriàt prus Viva Lenìn e s’àtara cumpangìa	Dopo alcuni anni non si era più vestito a maschera, in carnevale, né gridava più viva Lenin e l’altra compagnia
Ma sa boxi ddi fut torràda in Corte d’Assise po fai inchietai su presidenti	Ma aveva ritrovato la voce in Corte d’Assise, per far arrabbiare il presidente
Su Maistu immoi fut s’autoridadi chi in bidda contàt de prus	Su Maistu adesso era l’autorità che in paese contava di più
– comenti naràda – s’intendìat esponente del governo issu puru, anzis, in Biddanoa, issu scéti	– come diceva – si sentiva esponente del governo anche lui, anzi, in Biddanoa, solo lui
Su sìndigu	Il Sindaco
Unu massaieddu semianalfabeta chi fut istétiu votau poita is biddanoesus fùanta che issu e totu	Un contadinotto semi-analfabeta che era stato eletto perché i biddanoesi erano gente come lui
Is assessoris	Gli assessori
Is cunzilléris	I consiglieri
Ma cussa fut genti chi si podìat occupai della cosa pubblica	Ma queste erano persone che potevano occuparsi della cosa pubblica
E si su podestà puru, per ipotesi, no ìat èssi fattu is cosas comenti tòccada, ci sarebbe stato qualcuno in grado di controllare anche il suo operato: issu, Su Maistu, la maggiore autorità del Partito Nazionale Fascista in Biddanoa	E se anche il Podestà, per ipotesi, non avesse fatto le cose come si deve, ci sarebbe stato qualcuno in grado di controllare anche il suo operato: lui, Su Maistu, la maggiore autorità del Partito Nazionale Fascista in Biddanoa
Tanti po cumenzai ìat fattu una relazione direttamente a Gandolfo, prospettendiddi le necessità del paese e fendiddi un elenco delle opere pubbliche che vi si sarebbero dovute realizzare nell’ambito di quel miliardo che così magnanimamente il Governo Fascista aveva elargito a favore della Sardegna	Tanto per cominciare aveva fatto una relazione direttamente a Gandolfo, prospettandogli le necessità del paese e facendogli un elenco delle opere pubbliche che vi si sarebbero dovute realizzare nell’ambito di quel miliardo che così magnanimamente il Governo Fascista aveva elargito a favore della Sardegna
Poi sa lux’elettrica	Poi la luce elettrica
In s’ierru, de is cincu ’e merì a is ottu ’e mengianu, Biddanoa bivìat a iscorìu	D’inverno, dalle cinque del pomeriggio alle otto del mattino successivo, Biddanoa viveva al buio
Custu e bàstat	Questo e basta
Su Maistu no ìat domandau a Gandolfo né una strada “di congiunzione” tra Biddanoa e Isili e is àtaras biddas de su Sarcidanu, ch’ind’ìat èssi finalmenti bogau a Biddanoa “dall’isolamento”, e nimmancu “le fognature”, chi mancai tandu no fèssint ancora ’e moda po is biddas che Biddanoa, ìant èssi stétias importantis issas puru, candu ìant èssi fattu s’acquedottu	Su Maistu non aveva chiesto a Gandolfo né una strada che collegasse Biddanoa a Isili e ad altri paesi del Sarcidano, strada che avrebbe finalmente tolto Biddanoa “dall’isolamento”, e nemmeno le fognature che, benché allora non fossero ancora di moda per i paesi come Biddanoa, sarebbero state importanti anch’esse, quando avrebbero fatto l’acquedotto
E non tanto per l’igiene, chi certu fut sa cosa prus importanti, quanto per evitare, a chini bessìat o fut custrintu a bessìri a de notti, de ponni is peis accantu no ìat èssi bófiu	E non tanto per l’igiene, quantunque anche per questo lo fossero, quanto per evitare a chi usciva od era costretto ad uscire da casa di notte, di mettere i piedi dove non avrebbe voluto
Delle richieste de Su Maistu a su prefettu, in bidda si fut iscìpiu sùbitu	Delle richieste di Su Maistu al Prefetto, in paese si era saputo subito
Fut istétiu Su Maistu e totu a fai una riunione nella Sezione del Fascio e a liggi su ch’ìat pedìu al Generale Gandolfo po Biddanoa fascista	Era stato Su Maistu stesso a fare una riunione nella sede del fascio ed a leggere ciò che aveva chiesto al Generale Gandolfo per Biddanoa fascista
Sa genti fut abarràda meda cuntenta, ma calincunu ìat penzau ca Su Maistu, giai ca fut pedendu, no ìat èssi portau sa manu cancaràda po acciungi alle richieste cuddas àtaras duas cosas, chi po Biddanoa ìant èssi stétias importantis cantu e forzis prus de is àtaras	La gente era rimasta molto contenta, ma qualcuno aveva pensato che a Su Maistu, già che stava chiedendo, non gli si sarebbe paralizzata la mano se avesse aggiunto anche quelle altre due richieste, che per Biddanoa sarebbero state importanti quanto e forse più delle altre
In is chistionis de sa genti, scarésciu dónni àturu contu, de guerra e di antigóriu, immoi no ddui fùanta che cuddas òperas chi s’ìant èssi dépias fai, e donniunu fut segùru ca dda ìant èssi fattas totus, e in pagu tempus	Nei discorsi della gente, dimenticato ormai ogni altro racconto di guerra o di antichi tempi, adesso non c’era altro che quelle opere che si sarebbero dovute realizzare ed ognuno era sicuro che sarebbero state realizzate tutte, ed in poco tempo
Sa cosa ch’interessàt de prus, a totus, fut su bacinu	Ciò che interessava di più era il bacino
De su bacinu fut su prus chi si chistionàda	Del bacino si parlava più di tutto il resto
Su bacinu ìat èssi cunsìstiu – comenti ìat nau Su Maistu – in uno sbarramento a Is Iscas, e de Parti ’e Sàdili finz’a Pranu ’e Cràstus s’ìat èssi formau un lago artificiale ch’ìat èssi permìttiu di aquai mois e mois de terra, no si scìat cantus	Il bacino sarebbe consistito – come aveva spiegato Su Maistu – in uno sbarramento a Is Iscas, e da Parti ’e Sàdili fino a Pranu ’e Crastus si sarebbe formato un lago artificiale che avrebbe permesso di irrigare ettari ed ettari di terra, non si sa quanti
Forzis s’aqua ìat èssi arribàda finzas a is terras de Stuppara, accantu s’ìat èssi póziu prantai finz’e linu, comente in su tempus antigu, e fai stuppa, chi fut sa ch’ìat donau su nòmini a totu sa cussòrgia	Forse l’acqua sarebbe arrivata fino ai terreni di Stuppara, dove forse si sarebbe potuto coltivare di nuovo il lino, come nei tempi antichi, e produrre anche stoppa, da cui era derivato il nome alla regione
In su bacinu ddu ìant èssi postu pisci, di ónnia calidadi	Nel bacino sarebbe stato possibile immettere pesci, di ogni qualità
E su traballu ch’ìat èssi donàu, a sa genti ’e bidda, su bacinu e is àtaras òperas	E il lavoro che avrebbero dato, alla gente, il bacino e le altre opere
Biddanoa no ìat èssi connotu prus miseria chini scit po cantu tempus, forzis no ’nd’ìat èssi connotu mai prus	Biddanoa non avrebbe sofferto più miseria chissà per quanto tempo, forse non ne avrebbe conosciuto mai più
L’entusiasmo de is biddanoesus fut mannu	L’entusiasmo dei biddanoesi era grande
Is biddanoesus cun totu is pèccas chi tenìant, in fundu fùanta gent’onesta	I biddanoesi, con tutte le pecche che avevano, in fondo erano gente onesta
Mancai no s’èssint fattus notai meda comente sardistas, anzis medas no ìanta mancu cumpréndiu su chi bolìat nai, su ddis èssi fattu cambiai camisa tot’in d’una ddis ìat donau fastìdiu, no ddis fut parta una cosa beni fatta, ma una traitorìa, coment’ìat nau Luisicu a Su Maistu	Benché non si fossero fatti notare troppo come sardisti, anzi molti non avessero capito nemmeno ciò che significava, il fatto di avergli fatto cambiare camicia dall’oggi al domani li aveva alquanto infastiditi, non era sembrata una cosa ben fatta, ma un tradimento, come aveva detto Luisicu a Su Maistu
Però, immoi ca su fascismu s’indi fut arregordau de Biddanoa puru, promittendiddi totu custas òperas (chi po issus fut comente chi fèssinti giai fattas), s’intendìanta prus tranquillus, sa cusciénzia si fut asseliàda	Però, adesso che il fascismo si era ricordato anche di Biddanoa promettendole tutte queste opere (che per loro erano già fatte) si sentivano più tranquilli, si sentivano in pace con la propria coscienza
No, no ddis parìat prus traitorìa, su èssi cambiau camisa, ìanta própiu inzertau a si ponni custa camisa niedda	No, non gli sembrava più tradimento l’aver cambiato divisa, avevano proprio indovinato a mettersi questa camicia nera
Mortu Tiu Valentinu chi aintru ’e cida fìat Su Maistu ’e muru e su domìnigu su braberi, is fillas ìant imbarchinau is aposentus e fattu acconciai sa crobetura smucciurràda, cambiendu totu cuddas téulas chi Tiu Valentinu ind’ìat ghettau una dónni annu, cun d’una scuppettada, su Sàbudu Santu a su momentu ’e s’Incontru	Morto Tiu Valentinu, che in settimana faceva il muratore e la domenica il barbiere, le figlie avevano fatto imbiancare la stanza ed aggiustare il tetto sbocconcellato sostituendo tutte quelle tegole che Tiu Valentinu aveva buttato giù, una tutti gli anni, con una schioppettata, il Sabato Santo al momento dell’Incontro
Mortu Tiu Valentinu, a fai su brabéri in Biddanoa, si pòdit nai ca fut abarrau sceti Sìnzula	Morto Tiu Valentinu, a fare il barbiere, in Biddanoa, si può dire che fosse rimasto solo Sìnzula
A gopai Nicola no ddu contaus, poit’issu fìat fetti “is brabas di ’omu”: andàda a fai sa braba a domu insoru, su domìnigu, a cuddus chi podìanta pagai su brabéri cun dus mois de trigu s’annu, comente is propietarius, o in dinai, comente is impiegaus	Compare Nicola non lo contiamo perché lui faceva soltanto le “barbe di casa”: andava a fare la barba, a casa loro, la domenica, a quelli che potevano pagare il barbiere con due starelli di grano all’anno, come i proprietari, o in danaro come gli impiegati
Is àturus, montàrgius, massaius pòburus, giorronaderis, su domìnigu a si fai sa braba andànta a sa buttega ’e Sìnzula, e ddu pagànta cun d’unu moi sceti ’e trigu o cun calincuna piscedda ’e casu	Gli altri, gente di monte, contadini poveri, giornalieri, la domenica per farsi fare la barba andavano nella bottega di Sìnzula, e lo pagavano con uno starello di grano soltanto o con qualche forma di formaggio
Ma no è chi gopai Nicola, comente braberi, fèssit mellus de Sìnzula: sa beridadi è ca is propietarius e is àturus si fìanta benni su braberi a pèis po no s’imbesturai, in sa buttega ’e Sìnzula, cun totu cùddus istravàccius chi tenìanta fragu de sudori e de cuili	Ma non è che compare Nicola come barbiere fosse migliore di Sìnzula: la verità è che i proprietari e gli altri si facevano venire il barbiere fino ai piedi per non mischiarsi, nella bottega di Sìnzula, con tutti quei pezzenti che puzzavano d’ovile e di sudore
E no fetti po custu, ìat èssi stétiu nudda	E non solo per questo, sarebbe stata poca cosa
In is brabas di ’omu no contu s’Arrettori, Su Maistu, is maresciallus, su brigaderi e pagus àturus, poita custus sa braba si dda fìant issus e totu, con rasoi di proprietà, non si sa mai qualche contagio	Fra le “barbe di casa” non comprendo il Rettore, Su Maistu, i marescialli, il brigadiere e pochi altri, perché questi la barba se la facevano da sé, con rasoi di proprietà, non si sa mai qualche contagio
Gopai Nicola andàt a domu insoru po ddis aderezzai sceti is pilus, dónnia tres cidas o una borta su mesi, segundu	Compare Nicola andava a casa loro solo per aggiustargli i capelli, ogni tre settimane o una volta al mese, a seconda
Comente gopai Nicola, Sìnzula puru a intru ’e cida fìat su maistu ’e pannu su domìnigu su braberi	Come compare Nicola, anche Sìnzula in settimana faceva il sarto e la domenica il barbiere
Su domìnigu a mangianu, Sìnzula ponìat a un’óru ’e sa buttega su bangu accantu tallàda, e indi bogàt de un’aposenteddu a su costau bangus e bangheddus	La domenica mattina metteva il bancone da una parte della bottega e tirava fuori da una stanzetta a fianco banchi e banchetti
De is ottu a mesudì is bangus e is bangheddus si prenìanta de genti a braba longa, montàrgius e biddaius, e Sìnzula, lestru, ddus arrasigàt totus, cun manu lébia	Dalle otto a mezzogiorno i banchi ed i banchetti si riempivano di gente con la barba lunga, gente di monte e gente di paese, e Sìnzula, svelto, raschiava tutti con mano leggera
In sa buttega ’e Sìnzula, su domìnigu, intrànta totu is fattus de Biddanoa, furas, corrus, malas nomenàdas, fattus suzzédius a craru o a iscusi, in su monti o in bidda, in domu o in sa ’ia, asutta ’e una cresura o in pizzu de unu lettu	Nella bottega di Sìnzula la domenica entravano tutti i fatti di Biddanoa: furti, corna, maldicenze, fatti successi alla luce del sole o di nascosto, in campagna o in paese, in casa o in strada, sotto un cespuglio o sopra un letto
Ma nèmus, mancu po burla, si fut mai permìttiu de fai su nòmini ’e Minnìa	Ma nessuno, nemmeno per burla, si era mai permesso di fare il nome di Minnìa
Sìnzula, tra una spinzellàda e s’atara, ascurtàt totu, e fattu-vattu naràt sa sua, chi a bòrtas fìat arrìri, a bòrtas fìat penzai	Sìnzula tra una spennellata e l’altra ascoltava tutti e di tanto in tanto diceva la sua, che a volte faceva ridere, a volte faceva pensare
Sìnzula fut artu pagu prus de cincu pàrmus, ma po custu no si pòdit nai chi no fèssit un’ómini comenti tòccat: po ciorbeddu, po coru e po àturu	Sìnzula era alto poco più di cinque palmi ma per questo non si poteva dire che non fosse un uomo come si deve: per cervello, per cuore e per altro
Piticheddeddu comenti fudi, no ìat fattu sa guerra e mancu su sordau, po custu no fut istétiu obbligau a fai su sardista, comente is cumbattentis, né su fascista, apustis	Piccolino com’era non aveva fatto la guerra e nemmeno il soldato, per questo non era stato obbligato a fare il sardista, come i combattenti, né il fascista, dopo
Sìnzula fut abarrau meri de penzai su chi bolìat de is cosas chi fùanta suzzédias in Biddanoa e in àtaras biddas, e finzas e in continenti, ca calincuna borta liggìat su giornali	Sìnzula era rimasto padrone di pensare ciò che voleva delle cose che stavano succedendo in Biddanoa e in altri paesi e perfino in continente, perché qualche volta leggeva il giornale
Naràda o no naràda sui chi penzàt de dónnia cosa segundu is personis cun is calis fut chistionendu	Diceva o non diceva ciò che pensava di ogni cosa, secondo le persone con le quali stava discorrendo
Però, mancai s’ind’èssit arrìsiu, calincunu rapportu cun is fascistas ddu tenìat: ddis arrangiàda is divisas troppu mannas, chindighinò ìant èssi partus mustaionis pru’ de su chi fùanta	Però, quantunque ne ridesse, qualche rapporto con i fascisti lo aveva anche lui: aggiustava le loro divise troppo grandi, diversamente sarebbero sembrati degli spaventapasseri più di quanto non fossero
Sa buttega ’e Sìnzula fut longa pru’ de ses metrus, e aintru ’e cida ddui traballàt issu e Minnìa, chi fut sa cosingiàna, e duas picciocheddas chi fùant imparendu a cosìri, ma po moi ’ndi tirànta s’imbasta e piccigànta is buttonis	La bottega di Sìnzula era lunga più di sei metri e in settimana vi lavoravano lui e Minnìa, che era la cucitrice, e due ragazzine che imparavano il mestiere, ma per adesso toglievano le imbastiture e attaccavano i bottoni
A merì, a ci passai su tempus e a contai contus de piccioccas e de piccioccus, a buttega ddu andànta is perdulàrius de bidda, ma Minnìa pagu ddus carculàda, mancai calincuna borta, scurtendu certus contus, s’èssit iscaringiàda a arrìri, senza ’i arziai sa conca de su traballu	La sera, a passare il tempo e a raccontare fatti di ragazzi e di ragazze, venivano i fannulloni del paese, ma Minnìa badava poco a loro, anche se qualche volta, sentendo certe storielle, non tratteneva un sorriso fuggevole, ma senza alzare gli occhi dal lavoro
Sìnzula bivìat solu, ma no corcàt solu: a de notti andàt a fai cumpangìa a Minnìa, chi bivìat sola issa puru	Sìnzula viveva solo ma non dormiva solo: di notte andava a tener compagnia a Minnìa, che viveva sola anche lei
In su lettu ’e Minnìa, a iscurìu, Sìnzula no fut un’omineddu artu pagu pru’ de cincu pàrmus: tra is càmbas longas de Minnìa Sìnzula fut unu giganti, e is manus suas no lassànt unu momentu sa peddi lisa ’e Minnìa, tébida e bianca	Nel letto di Minnìa, al buio, Sìnzula non era più l’ometto alto cinque palmi: tra le gambe lunghe di Minnìa Sìnzula era un gigante, e le sue mani non abbandonavano un momento la pelle liscia di lei, tiepida e bianca
E s’ortu e Ti’Angiullina	E l’orto di Ti’Angiullina
Cussu no fut un’ortu, fut unu giardinu, fut unu logu comenti nanta ch’è su Celu, accantu ddu at dónnia cosa bella ma nèmus dd’at mai bista, po cussu	Quello non era un orto, era un giardino, era un luogo come dicono sia il Cielo, dove dicono che c’è ogni cosa bella ma nessuno l’ha mai vista, per
is cosas de su Celu no tèninti nòmini, no tènint abbisóngiu ’e nòmini, poita funti cosas de Deus	questo le cose del Cielo non hanno nome, non hanno bisogno di nome perché sono le cose di Dio
Tui ddui ses intrau mai, in s’ortu ’e Ti’Angiullina	Tu sei mai entrato nell’orto di Ti’Angiullina
No	No
E tui, e tui, e tui	E tu, e tu, e tu
No	No
Deu giai	Io sì
S’ortu ’e Ti’Angiullina fut serrau cun d’unu murixeddu bàsciu, cun palus in pizzu ’e su muru, e tra un palu e s’àturu cun d’una cerda, arta, de cuddas cerdas de cadùmbu chi pònint in is carrus candu incùngianta sa palla, ma manna, anzis fùanta medas, deu no ddu scìu cantu cerdas c’ìanta bófiu po serrai s’ortu ’e Ti’Angiullina	L’orto di Ti’Angiullina era chiuso con un muricciolo basso e pali piantati sul muro e tra un palo e l’altro era stesa una “cerda”, uno di quei graticci di “cadumbu” che i contadini mettono sul carro intorno alle sponde quando trasportano la paglia, ma grande, questa “cerda”, anzi erano molte, lunghe, io non so quante “cerdas” c’erano volute per recingere l’orto di Ti’Angiullina
Centu, assumancu, o milli	Cento, almeno, o mille
Poita no iscìu mancu cantu fèssit mannu, s’ortu ’e Ti’Angiullina, e si fèssit diadéru tra sa ’ia de Is Arenàdas e prazza sua, no seu mancu tanti seguru chi fèssit in Biddanoa, forzis no fut mancu in Celu, ma in calincun’àturu logu chi mancu Deus iscìt einnu’esti	Perché non so nemmeno quanto fosse grande l’orto di Ti’Angiullina, e se fosse situato davvero tra la via de Is Arenadas e il suo cortile, non sono nemmeno tanto sicuro che fosse in Biddanoa, forse non era nemmeno in Cielo ma in qualche altro luogo che nemmeno Dio sa dov’è
Però deu bolìa biri s’ortu ’e Ti’Angiullina, s’ortu chi no ìat bistu mai nèmus	Però io volevo vedere l’orto di Ti’Angiullina, l’orto che non aveva visto mai nessuno
E una dì fua arziau a pizzu de su muru, e cun d’una arresoriedda ìa circau de fai unu stampu in sa cerda Ma fut cumparta Ti’Angiullina e deu ’ndi fua abasciau de su murixeddu, bregungiosu, e mi fua firmau ananti suu cun s’arresoriedda in manus	E un giorno ero salito sul muretto, e con un coltellino avevo cercato di fare un buco nella “cerda”. Ma era apparsa Ti’Angiullina ed io ero sceso dal muricciolo, vergognoso, e mi ero fermato davanti a lei col coltellino in mano
Ti’Angiullina fut zoppa, portàt una camba prus curza ’e s’àtara e camminàt cun su mazzuccu, unu bastoni che su de su dottori, ma di arredélu Ti’Angiullina portàt sa scriminera in mesu, s’indi bìat un’arrogheddu di asutta ’e su muccadori colori ’e caffeu	Ti’Angiullina era zoppa, aveva una gamba più corta dell’altra e camminava col bastone, un bastone come quello del dottore, ma di “arrideli”. Ti’Angiullina portava la scriminatura in mezzo, se ne vedeva un pezzetto da sotto il fazzolettone color caffè
Is dentis de Ti’Angiullina fùanta mannus che pàlias de forru, ma biancus che sa nì, e cand’arrìat parìanta luxentis	I denti di Ti’Angiullina erano grandi come pale di forno, ma bianchi come la neve, e quando rideva sembravano lucenti
Ma Ti’Angiullina no arrìat giai mai a bucca aberta, arrìat a bucca serràda, arrìat cun is ògus	Ma Ti’Angiullina non rideva quasi mai a bocca aperta, rideva a bocca chiusa, con gli occhi
Sa bucca ’e Ti’Angiullina fut manna, ma is làvras no fùanta grussas né arrùbias, fùanta de su colori ’e sa facci, de su colori ’e sa luna	La bocca di Ti’Angiullina era grande, ma le labbra non erano rosse né grosse, erano dello stesso colore del viso, del colore della luna
A bòrtas is lavras de Ti’Angiullina s’incrispiànt appenas, e custu bolìat nai medas cosas	A volte le labbra di Ti’Angiullina s’increspavano appena, questo voleva dire molte cose
Ti’Angiullina m’ìat castiau, e deu ìa serrau s’arresoriedda e si dd’ia apporta	Ti’Angiullina mi aveva guardato ed io avevo chiuso il coltellino e glielo avevo dato
Issa dd’ìat pigàda, e s’arresoriedda fut isparéssia	Essa l’aveva preso e il coltellino era scomparso
Tandu Ti’Angiullina m’ìat pigau sa manu e deu ìa camminau a su costau suu finz’a s’ecca ’e s’ortu	Allora Ti’Angiullina mi aveva preso per mano ed io avevo camminato al suo fianco fino alla porticina dell’orto
S’ecca ’e s’ortu fut fatta ’e cadùmbu che sa cerda chi ddu serràda	La porticina era anch’essa fatta di “cadumbu” come la “cerda” che recingeva l’orto
Ti’Angiullina ìat allonghiau sa manu e s’ecca si fut aberta	Ti’Angiullina aveva allungato la mano e la porticina si era aperta
Fuaus intraus e secca si fut serràda, a sola	Eravamo entrati e la porticina si era richiusa, da sola
Immoi Ti’Angiullina no fut prus zoppa, no portàt prus su bàculu, e camminàt senza ’e toccai terra, in s’àiri	Adesso Ti’Angiullina non era più zoppa, non portava più il bastone e camminava senza toccare terra, nell’aria
E deu cun issa, a manu pigàda	Ed io con lei, che mi teneva per mano
Ta bella chi fut Ti’Angiullina, ’moi, deu no iscìa eita castiai, a issa o a is cosas chi m’amostàda, a is cosas chi no ìat bistu mai mancu Deus	Quant’era bella Ti’Angiullina, adesso, io non sapevo cosa guardare, lei o le cose che mi mostrava, le cose che non aveva visto mai nemmeno Dio
“Custu est unu fruttu prenu de succi e de sonu” – mi naràda – e deu m’intendìa in bucca unu sabòri mai inténdiu, durci, ma cun àturus sabòris in prus, prus bonus, e in orìgas unu sonu, unu sonu, depìat èssi su ch’intèndint is àngiulus	“Questo è un frutto pieno di succo e di suono” mi diceva, ed io sentivo in bocca un sapore sconosciuto, dolce, ma con altri sapori in più, più buoni, e nelle orecchie un suono, un suono, doveva essere quello che sentono gli angeli
E is froris no fùanta froris, fùanta màtas, no, no fùanta màtas, poita no portànta né truncu né follas, is fròris fùanta coloris ebbìa, dónnia colori, e indi prenìanta su celu cantu fut artu, e su celu fu fattu ’e coloris e de fròris, e fut totu unu frori, mannu, chi no connoscìat notti	E i fiori non erano fiori, erano alberi, no, non erano alberi, perché non avevano né tronco né foglie, i fiori erano colore e basta, e riempivano il cielo quanto era alto, ed il cielo era fatto di colori e di fiori, ed era tutto un fiore, grande, che non conosceva notte
Deu no ddu scìu, cantu ddui fua abarrau, in s’ortu ’e Ti’Angiullina	Io non so quanto tempo ero rimasto nell’orto di Ti’Angiullina
Ma candu fua po ’ndi bessìri, ananti ’e s’ecca, Ti’Angiullina si fut firmàda e fut torràda zoppa, cun su bàculu	Ma quando stavamo per uscire, vicino alla porticina Ti’Angiullina si era fermata ed era tornata zoppa, col bastone
M’ìat lassau sa manu e si fut incrubàda:	Aveva abbandonato la mia mano e si era inchinata:
“Eit’è cuss’erba birdi birdi chi è boddendindi, Ti’Angiullina?” dd’ia nau	“Cos’è quest’erba verde verde che sta raccogliendo, Ti’Angiullina?”, le avevo detto
“Custu	“Questa
È perdusèmini, ninneddu Mi depu fai sa xena”.	È prezzemolo, ninneddu. Devo farmi la cena”.
M’ìat torrau a pigai sa manu e indi fuaus torraus a bessìri a prazza	Mi aveva preso di nuovo per mano ed eravamo usciti in cortile
M’ìat castiau cun is ogus arrì arrì, is lavras incrispiàdas:	Mi aveva guardato con quegli occhi sorridenti, le labbra increspate:
“Bai, immoi: mammai at èssi in penzamentu”.	“Vai, adesso: mamma starà in pensiero”.
No dd’apu agatau prus in perunu logu, s’ortu ’e Tia Angiullina, po cantu dd’apa circau	Non l’ho trovato più in nessun luogo, l’orto di Ti’Angiullina, per quanto l’abbia cercato
Òi mi domandu cantu personis, in Biddanoa, tra su bintixincu e su bintisès, iscìanta su chi fut suzzedendu in totu s’Italia in cussus annus	Oggi mi domando quante persone in Biddanoa, tra il venticinque e il ventisei, sapevano ciò che stava succedendo in Italia in quegli anni
E cantus, de is chi ddu scìanta, ìanta cumpréndiu diadéru su chi bolìat nai soppressione dei partiti politici, della libertà di stampa, istituzione del tribunale speciale e àtaras cosas chi òi totus isciéus e cumprendéus	E quanti, fra quelli che lo sapevano, avevano compreso davvero cosa significava soppressione dei partiti politici, della libertà di stampa, istituzione del Tribunale speciale ed altre cose che noi tutti, oggi, siamo in grado di comprendere
Deu penzu ca Su Maistu, ca custas cosas ddas iscìat, ddas èssit cumpréndias puru, beni, e ca fèssit di accórdiu, in coru suu, cun chini ddas ìat bófias e fattas	Io penso che Su Maistu, che queste cose le sapeva, le avesse anche comprese e che fosse d’accordo, in cuor suo, con chi le aveva volute
Oppuru no, chi èssit fattu finta di èssi di accórdiu poita ddi cumbenìat, o poita timìat a sa mulleri, issa sì, ca fut una “vera fascista”. Mah	Oppure no, che facesse finta di essere d’accordo perché gli conveniva, o perché aveva paura di sua moglie, lei sì, che era una “vera fascista”. Mah
Luisicu Po issu il fascismo fut unu dépidu chi depìat pagai po su ch’ìat ottentu, e ddu pagàda, ma de mala gana, comenti si pàgat dónnia dépidu	Luisicu, per lui il fascismo era un debito che doveva pagare per ciò che aveva ottenuto, e lo pagava, ma di malavoglia, come si paga ogni debito
Ma no ci fut mai arrennésciu a s’indi scarèsci de su capitanu Lussu	Però non era mai riuscito a dimenticarsi del capitano Lussu
Tantis chi candu, in su bintisès, Su Maistu dd’ìat nau ca Lussu, cun d’una scuppettàda, ind’ìat ghettau de su curridóriu unu fascista casteddaiu chi ci ddi bolìat intrai in domu, inzullìu de prus di àturus milli fascistas, Luisicu si fut iscaringiau a arrìri:	Tanto che, quando nel ventisei Su Maistu gli aveva detto che Lussu, con una schioppettata, aveva buttato giù dal balcone un fascista cagliaritano che voleva entrargli in casa, aizzato da più di altri mille fascisti, Luisicu aveva sorriso largamente:
“Bèni fattu	“Ben fatto
Si bit ca cussu strunzu no connoscìat su Capitanu”. Su Maistu fut abarrau citìu	Si vede che quello stronzo non conosceva il capitano”. Su Maistu era rimasto zitto
Ma candu una dì Tiu Perantoni dd’ìat nau ca moi il generale Sanna, su Generali, su Cumandanti de sa Brigata, chi si firmàda a chistionai, in sardu, cun dónnia sordau chi ddi benìat a trettu; chi fueddàda in sardu finzas ai reggimenti schierati; su Generali chi po is sordaus de sa Brigata fut “babbu mannu”: candu Tiu Perantoni dd’ìat nau ca moi il generale Sanna fut presidente del Tribunale speciale, e dd’ìat ispiegau eita fut il Tribunale speciale, tandu fut Luisicu chi fut abarrau citìu	Ma quando un giorno Tiu Perantoni gli aveva detto che il generale Sanna, il Generale, il comandante della Brigata che si fermava a discorrere in sardo con ogni soldato che gli capitava davanti; che parlava in sardo anche ai reggimenti schierati; il Generale che per i soldati della Brigata era “babbu mannu”; quando Tiu Perantoni gli aveva detto che adesso il Generale Sanna era Presidente del Tribunale speciale, allora era rimasto zitto Luisicu
Is maresciallus de Biddanoa, oltre alle “autorità”, beninténdiu, is còsas ddas iscìanta, ma, sendu mesu ignorantis, no ddas cumprendìanta po su chi fùanta: po cussu fùanta “perfettamente d’accordo” issus puru	I marescialli di Biddanoa, oltre alle “autorità”, beninteso, le cose le sapevano, ma essendo mezzo ignoranti non le valutavano appieno: perciò erano “perfettamente d’accordo” anche loro
Comente chi Biddanoa èssit prena di sovversivi	Come se Biddanoa fosse piena di sovversivi
Figuraisì is propietarius	Figurarsi i proprietari
Po donniunu ’e issus su chi naràt su generu-maresciallu fut che s’evangéliu:	Per ognuno di loro ciò che diceva il genero-maresciallo era vangelo:
“Sa baraunda de is partidus est acabàda, dd’at nau génnuru miu”.	“La baraonda dei partiti è finita, l’ha detto mio genero”.
“Mancu malli ca ci at penzau Mussolini a proibiri is sovversivus, chindighinò ci aus a èssi acabàus che in Russia, ca po su fàmini si pàppanta finz’e is tòpis, candu no ci pàssat callincunu pipìu puru	“Meno male che ci ha pensato Mussolini a ‘proibire’ i sovversivi, se no anche noi saremmo finiti come in Russia, che per la fame mangiano anche i topi, quando non ‘ci passa’ anche qualche bambino
Dd’at nau génnuru miu”.	L’ha detto mio genero”.
“Ai contadini ’ndi ddis anti secuestrau terra e bestiàmini, ’nd’at pigau totu lo Stato, nèmus possìdit pru’ nudda, mancu sa ’omu accantu bivìada”.	“Ai contadini hanno sequestrato terra e bestiame, si è preso tutto lo Stato, nessuno possiede più nulla, nemmeno la casa dove viveva”.
“Génnuru miu at nau ca finzas e i su Papa…”.	“Mio genero ha detto che anche il Papa…”.
Depìat èssi po custa storia de su papa chi su predi puru s’ìat appuntau in sa suttana su distintivu fascista	Doveva essere per questa storia del papa che anche il prete si era appuntato sulla sottana il distintivo fascista
Ma sa cosa chi òi mi fàit prus penzai è ca is pòburus puru, no totus, ma medas, pagànta is dexi francus de sa tessera, chi po issus fùanta mannus, senza ’e si chesciai, senza ’e murrungiai	Ma ciò che oggi mi sorprende è che anche i più poveri, non tutti, ma molti, pagavano le dieci lire della tessera, che per loro erano qualcosa, senza lamentarsi, senza mugugnare
E su domìnigu si ponìanta sa camisa niedda e su distintivu, si Su Maistu fìat ghettai su bandu	E la domenica indossavano la camicia nera col distintivo, se Su Maistu faceva dare il bando
Ddu fìanta po timorìa, poita ddis praxìat, o poita	Lo facevano per paura, perché ci prendevano gusto, o perché
Candu passànta in su stradoni, custus pòburus truncaus de su traballu, is anzianus no tanti cìrdinus po curpa ’e su marroni, cun su zigarru in bucca e is manus a parti ’e pàlas, cun sa camisa niedda senza ’e corbatta, Ninna e Amalia, de s’enna scaringiàda ddis fìanta su stroccìu	Quando passavano nello stradone, questi poveretti stroncati dalla fatica, curvi gli anziani per lunghi anni di zappa, col sigaro in bocca e le mani dietro la schiena, con la camicia nera senza cravatta, Ninna e Amalia, dalla porta socchiusa, facevano gli sberleffi
Ma Tia Catellina no bolìat e s’inchietàda:	Ma Tia Catellina non voleva e s’arrabbiava:
“Acabaimidda	“Finitela
Si s’ind’acàtat Su Maistu, ddu biéisi!”.	Se se ne accorge Su Maistu lo vedete!”.
Candu mamma nosta e babbu nostu funti mortus de medas annus, e su disprexeri s’at cambiau facci e ùngas, a bòrtas suzzèdit chi si pentaus de no ddis èssi pregontau certas cosas, candu fùanta bius	Quando nostra madre e nostro padre sono morti da tanti anni, e i dispiaceri ci hanno cambiato faccia ed unghie, a volte succede che ci rammarichiamo di non aver chiesto loro certe cose, quando erano vivi
Deu, po nai, mancu sendu mannu ìa mai pregontau a babbu miu poita issu puru ìat pigau sa tessera e su distintivu	Io, per dire, nemmeno da grande ho chiesto mai a mio padre perché anche lui avesse preso tessera e distintivo
Si dd’ìat postu, su distintivu, in su trau de sa bestimenta ’e lana, birdàngia, candu s’ìat fattu sa fotografia per la carta d’identità, chi fut obbligatória	L’aveva messo, il distintivo, all’occhiello della giacca di lana verdognola, quando si era fatto la fotografia per la carta d’identità che adesso era obbligatoria
E it’ìat nau mamma	Cosa aveva detto mamma
Pagu e nudda: “Su mèri ses tui…”. Ma issa no ìat cambiau idea	Poco o nulla: “Il padrone sei tu…”. Ma lei non aveva cambiato idea
Dda tengu deu, cussa fotografia ’e babbu, arrubiàsta, cun d’un’arrógu ’e timbru in d’un’àngulu: “COMUNE DI VILL…”.	La conservo io, quella fotografia di babbo, rossiccia, con la macchia di un timbro nell’angolo: “COMUNE DI VILL…”.
Babbu è sézziu in d’una cadira, castiendu aillargu cun is ògus che i’ de fillu miu, sa scriminera a una parti, pàgus is pìlus, e is manus abèrtas imbaràdas a is còscias, una in donniùna	Babbo è seduto su una sedia, che guarda lontano con gli occhi come quelli di mio figlio La scriminatura da una parte, pochi i capelli, e le mani aperte appoggiate alle cosce, una su ciascuna
Is manus de babbu miu fùanta mannas che is mias, ma non “civilizzate”, che is mias, fùanta grussas, dónnia didu su dóppiu ’e is mius	Le mani di mio padre erano grandi come le mie, ma non “civilizzate” come le mie, erano grosse, ogni dito il doppio del mio
Is venas chi de is manus arziànta a su bruzzu fùanta grussas che funis	Le vene che dalle mani salivano ai polsi erano grosse come funi
Is manus de babbu miu no fùanta fattas che is manus de is àturus óminis, fùanta fattas de un’àtara pasta, forzis in s’impastu ddu ìant imbesturau ferru e linna, luxi e amori, e su fueddu senza ’e fueddus cun su cali babbu miu fueddàt cun is còsas, tocchendiddas	Le mani di mio padre non erano fatte come le mani degli altri uomini, erano fatte di un’altra pasta, forse nell’impasto avevano mescolato ferro e legno, luce ed amore, e la parola senza parole con la quale mio padre parlava con le cose, toccandole
Is manus de babbu miu fùanta duas manus derettas, sa manu ’e manca puru fut una manu deretta, si no comenti ìat èssi fattu a chistionai a duas manus cun d’una matixedda chi fut prantendu, po dd’arreccumandai su chi depìat fai po cresci manna e sana, po cresci a léstru, po si difendi de is babillòttis, de sa néula e de su siccori	Le mani di mio padre erano due mani destre, anche la sua mano sinistra era una mano destra, se no come avrebbe fatto a parlare a due mani con la pianticella che stava piantando per raccomandarle ciò che doveva fare per crescere alta e sana, per crescere in fretta, per difendersi dagli insetti, dalla nebbia e dalla siccità
O cun d’una mata, cun d’unu sarmentu chi fut pudendu, candu ’ndi ddi bogàt sa linna bèccia comente chi fèssit boghendundeddi unu bestìri bécciu e malifattu, e ddi promittìat, cun is fuèddus de cuddas manus mannas, unu bestìri nou, bellu, chi dd’ìat èssi portau Beranu candu ìat èssi arribau e dd’ìat èssi bista pronta a si ddu ponni	O con una pianta che stava potando togliendole il legno vecchio come se stesse togliendole un vestito lercio e malfatto, promettendole, con le parole di quelle mani grandi, un vestito nuovo, bello, che le avrebbe portato Primavera, quando sarebbe venuta e l’avrebbe trovata pronta ad indossarlo
E is manus de babbu miu candu fìat un’infertura, fèssit a ogu o a pértia	E le mani di mio padre quando faceva un innesto, fosse a gemma o a spacco
Tandu is manus depìanta fueddai ’e prus, depìanta cumbinci	Allora le mani dovevano parlare di più, dovevano convincere
Primu cun sa pértia o cun s’ogu, poi cun sa mamma de sa pértia e de s’ogu in su momentu chi fut de bonamori, candu “tiràda”. Is manus fueddànta, fueddànta e narànta a sa mamma ca s’ogu o su pizzu, postus in brazzus a un’àtara mata, a una chi non donàda o chi fut di àtara arrazza o prus cumuna, ìant èssi créscius, s’ìant èssi fattus mannus, una mata noa, bella, prena de fruttus e de nius, e is mammasmatas lassànta fai a is manus chi narànta sceti sa beridadi	Prima con la marza o con la gemma, poi con la madre della marza e della gemma, nel momento in cui era di buon amore, ché “tirava”. Le mani parlavano, parlavano e dicevano alla mamma-pianta che la gemma o la marza, inserite nel ramo di un’altra pianta che non “donava”, che era sterile, o che era di un’altra specie, più povera, sarebbero cresciute, si sarebbero fatte una nuova pianta, bella, piena di frutti e di nidi E le mamme-piante lasciavano fare, docili, alle mani che dicevano solo la verità
Sa mata chi non donàda, o chi fut prus cumuna, invecis, si lassàt cumbinci luègu, fut arróscia de bivi senza ’e fròris bellus o de fruttus saborìus	La pianta che “non dava”, invece, che era sterile o più povera, più comune, si lasciava convincere subito, era stanca di vivere senza fiori belli e senza frutti saporiti
Candu babbu miu s’accostiàt a custas matas cun sa pértia ch’incurzàda fut diventàda unu pizzu, sa mata ìat giai cumpréndiu, no ddu ìat bisóngiu de medas fueddus de parti ’e is manus de babbu	Quando mio padre si avvicinava con un rametto che accorciato era diventato una marza, la pianta aveva già capito, non c’era bisogno di troppe parole da parte delle mani di mio padre
A is prìmus de beranu, babbu torràt a passai accànta ’e sa mata pudàda, accanta ’e sa mata inferta	All’inizio della primavera babbo ritornava e si avvicinava alla pianta potata, alla pianta innestata
Sa mata pudàda fut ponendusì su bestìri nou, is ògus, is gemmas, fùant unfraus, prenus: babbu ddis passàt a asuba, cun delicadesa, is manus suas mannas, e candu si furriàda is froris cumenzànt a ispannai, poi benìant is fruttus, e fut totu unu miràculu	La pianta potata stava indossando il suo vestito nuovo, le gemme erano gonfie, piene: babbo le carezzava con le sue mani grandi, e quando si voltava i fiori cominciavano a sbocciare, poi venivano i frutti, ed era tutto un miracolo
Tenéi passiénzia, fut babbu miu	Abbiate pazienza, era mio padre
Ma si ddu boleis isciri, si pozu nai puru ca a babbu miu ddi narànta Su Buttegheri, poita custa fut s’arti sua	Ma se volete sapere altro, posso anche dirvi che mio padre lo chiamavano Su Buttegheri, perché questo era il suo mestiere
Fut benìu a Biddanoa giovoneddu, de un’àtara bidda, e ìat postu buttega, sa primu buttega ’e Biddanoa	Era venuto a Biddanoa molto giovane, da un altro paese, ed aveva messo su bottega, la prima di Biddanoa
Fut istétiu babbu su primu a bettìri su caffeu, cruu, ma is biddanoesus no iscìant eita fudi	Era stato mio padre a portare per primo il caffè a Biddanoa, crudo, ma i biddanoesi non sapevano cosa fosse
Calincuna fémina però dd’ìat comporau su própiu, po no fai biri, ma no iscìat comenti ddu fai	Qualche donna però l’aveva comprato lo stesso, per non far vedere, ma non sapeva come cucinarlo
Tandu dd’ìat cottu a buddìu e dd’ìat cundìu cun óllu e axedu, che s’inzalàda	Allora l’aveva bollito e l’aveva condito con olio e aceto, come l’insalata
Ma fut malu, malu	Ma era cattivo, cattivo
Tostau e marigosu	Duro e amaro
Dd’ìat nau a Su Buttegheri, e tandu babbu ìat fatt’arribai turradoris, molinettus e caffetteras	L’avevano detto a Su Buttegheri e babbo aveva fatto arrivare tostacaffè, macinini e caffettiere
De candu babbu si fut coiau, in buttega ddu abarràt pagu, ddui lassàt a mamma, ca ddi praxìat de prus	Da quando babbo si era sposato, in bottega ci stava poco, vi lasciava mamma, ché a lei piaceva di più
E issu s’ind’andàt a bìngia, a Su Ladus, a sa bìngia chi fut istétia di Antoni Maria Mulas, e innì pudàda, inferìat e chistionàt cun is matas cun cuddas manus mannas mannas chi parìanta pàlias di argiòla	Lui se ne andava nella vigna di Su Ladus, la vigna che era stata di Antoni Maria Mulas, innestava e parlava con le piante con quelle sue mani grandi che sembravano pale
Poi issu puru ìat circau de diventai propietariu, ma fut un’arti chi no fut sa sua e c’ìat pérdiu totu	Poi anche lui aveva tentato di diventare proprietario, ma non era il suo mestiere e ci aveva rimesso tutto
Cosa ’e no crei, babbu puru ìat tentu dus gènnurus maresciallus, de is chi apu nau innanti, unu de finanza e unu de is carabineris	Cosa da non credere, anche mio padre aveva due generi marescialli, di quelli che ho detto prima, uno di finanza e uno dei carabinieri
Ma in bidda ddui fùant abarraus pagu, fùanta torraus a is lògus insòru	Ma in Biddanoa c’erano rimasti poco, erano tornati ai loro paesi
Babbu fut mortu apusti ’e cincu dis chi su dottori dd’ìat proibìu di andai a bìngia, poita a fai cussa pigàda dd’ìat èssi póziu fai mali a su coru	Babbo era morto cinque giorni dopo che il dottore gli aveva proibito di andare in vigna, perché fare quella salita avrebbe potuto fargli male al cuore
Cumpostu in su lettu parìat biu	Composto nel letto sembrava vivo
Cuddas manus suas mannas chi chistionànta cun is matas e cun dónnia cosa de linna o de ferru, immoi fùanta firmas, scumpàrtas finzas e is venas grussas che funis	Quelle sue mani grandi che parlavano con le piante e con ogni cosa di legno o di ferro, adesso erano ferme, scomparse perfino le vene grosse come funi
Si ddas ìanta trogàdas, is manus, cun d’un’arrosàriu nieddu, chi segundu sa genti ìat èssi nau a babbu calincuna cosa del regno dei cieli	Gliele avevano unite, le mani, con un rosario nero, che secondo la gente avrebbe detto a babbo qualcosa del regno dei cieli
Ma s’arrosàriu fut fattu de una linna morta chi babbu no ìat connotu, e no ddi naràt nudda	Ma il rosario era fatto di un legno morto, che babbo non aveva conosciuto, e non gli diceva nulla
E poi babbu no dd’ìat èssi ascurtau su própiu: s’arrosàriu fut unu strepu chi is manus suas, bias, no ìant umperau mai	E poi babbo non l’avrebbe ascoltato lo stesso: il rosario era un attrezzo che le sue mani, vive, non avevano adoperato mai
No totus is provvedimentus chi pigàda il Duce, o il fascismo al governo, chi fut sa própiu cosa, tenìanta “riflessi” su tutto il territorio nazionale	Non tutti i provvedimenti che prendeva il Duce, o il fascismo al governo, che era la stessa cosa, avevano “riflessi” su tutto il territorio nazionale
Certus provvedimentus, a bòrtas, interessànta una zona sceti, o una regione, e a is àtaras pagu ’ndi ddis importàda, ammìttiu chi dd’èssint iscìpiu	Certi provvedimenti, talvolta, interessavano una sola zona, una sola regione, e alle altre poco importava, ammesso che li avessero conosciuti
Ma custus provvedimentus puru, chi eus a nai “secondari”, cunsideraus totus impari serbìant a rafforzare l’autorità dello Stato fascista, all’accentramento dei poteri e a àtaras cosas	Ma anche questi provvedimenti settoriali e secondari, considerati nel loro insieme, servivano a rafforzare l’autorità dello Stato fascista, ad accentrare i poteri e ad altre cose
Torreus a Biddanoa, accantu tres de custus “provvedimenti minori” dd’ìant interessàda direttamenti	Torniamo a Biddanoa, interessata direttamente da tre di questi provvedimenti minori
Fùanta: istituzione della provincia di Nuoro, “la provincia del Littorio”, alla quale Biddanoa ìat èssi passàda; 	Che erano: istituzione della provincia di Nuoro, “la provincia del Littorio”, alla quale Biddanoa sarebbe passata
Tres povvedimentus chi a is biddanoesus andànta pagu a géniu, poita po una bidda pòbara comente Biddanoa fùant unu dannu, unu bucconi marigosu malu a ingurti	Tre provvedimenti che ai biddanoesi andavano poco a genio, perché per un paese povero come Biddanoa costituivano un danno, erano un boccone amaro difficile da mandar giù
Biddanoa ìat fattu sèmpiri parti de sa provincia ’e Casteddu	Biddanoa aveva da sempre fatto parte della provincia di Cagliari
Andai a Casteddu po calisisìat cosa di offìziu, comente pratiche amministrative, o de Giustizia, fut una cosa chi costàt, sì, tempus e dinai, ma candu si depìat fai si fìat	Andare a Cagliari per una qualunque pratica amministrativa o di Giustizia costava sì, tempo e danaro, ma quando il viaggio si doveva fare non era la fine del mondo
Sa distanzia tra Biddanoa e Casteddu, in ferrovia, fut pagu prus de centu chilometrus	La distanza tra Biddanoa e Cagliari, in ferrovia, era di poco superiore ai cento chilometri
Si unu depìat andai a Casteddu po custas cosas, si ponìat in sa bértula pani e casu o pani e sartizzu, si ’ndi tenìat, pigàt su primu trenu, a is setti, e a mesudì fut in Casteddu	Chi doveva andare a Cagliari per queste cose metteva nella bisaccia pane e formaggio o pane e salsiccia, se ne aveva, prendeva il primo treno, alle sette, e a mezzogiorno era a Cagliari
Tra su merì e s’incràs a mengianu fìat su chi depìat fai, e a mesudì torràt a pigai su trenu	Tra il pomeriggio e l’indomani mattina sbrigava le sue cose e a mezzogiorno riprendeva il treno
A is cincu fut un’àtara borta in Biddanoa	Alle cinque era di nuovo a Biddanoa
E mancai si fut finzas e ispassiau, ascurtendu comenti fueddànta is casteddaius, chi però ddu cumprendìanta, mancai no èssit chistionau in italianu	E forse si era perfino divertito, ascoltando parlare i cagliaritani i quali però lo capivano, anche se non parlava in italiano
Ma andai a Nuoru	Ma andare a Nuoro
Po andai a Nuoru bisongiàt a pigai su trenu ’e mesudì chi andàt a Lanusei e ci ponìat cinc’oras, comente andai a Casteddu	Per andare a Nuoro bisognava prendere il treno di mezzogiorno diretto a Lanusei, che impiegava già cinque ore, come andare a Cagliari
In Lanusei si depìat pernottai poita sa corriera de Lanusei a Nuoro partìat s’incràs a mengianu, e ci ponìat àtaras tres oras	A Lanusei si doveva pernottare perché la corriera da Lanusei a Nuoro partiva solo l’indomani mattina e impiegava altre tre ore
Si unu fut léstru, abistu e furtunau, e arrennescìat, in Nuoru, a fai totu in d’una dì, a merì torràt a Lanusei, pernottàda, e s’incràs a merì fut in bidda	Se uno era svelto, sveglio e fortunato, riusciva, a Nuoro, a sbrigare tutto in un giorno, la sera tornava a Lanusei, dove pernottava di nuovo, e l’indomani sera poteva rientrare in paese
Ma fut raru chi unu, po curpa de su viaggiu troppu longu, s’èssit isbrigau in tres dis, casi sèmpiri c’indi bolìanta quattru	Ma era raro che qualcuno, a causa del tempo che perdeva in un viaggio così lungo, riuscisse a sbrigarsi in soli tre giorni, di solito ne occorrevano quattro
Quattru dis de traballu pérdias, sa spesa chi fut dóppia de sa di andai a Casteddu, e difficultadis finzas e po si fai cumprendi, in d’una bidda (no, no fut cittàdi, tandu, Nuoru) accantu sa genti fueddàda in manera diffarenti, chi is biddanoesus pagu mazziànta	Quattro giorni di lavoro perduti, la spesa era doppia di quella che occorreva per andare a Cagliari e difficoltà perfino per farsi capire, in un paese (no, non era città, allora, Nuoro) dove la gente parlava in maniera diversa, che i biddanoesi poco masticavano
A Nuoro, poi, fùanta custrintus a ddu andai sceti is anzianus, is giòvunus no ’ndi bolìant intendi: in Nuoru no ddu ìada mancu accantu si spassiai	A Nuoro, poi, dovevano andarvi solo gli anziani, i giovani non volevano sentirne, di andarvi: a Nuoro non c’era nemmeno un posticino dove potersi divertire
Dd’ìat nau Su Maistu	L’aveva detto Su Maistu
Ma in medas biddas de su Campidanu ìanta sighìu a fai anche prestiti in natura, comenti fìat prima su Monti Granàticu, cioè trigu po seminai e mancai po molli, candu su fàmini arribàda a genùgu	Ma in molti paesi del Campidano le Casse Comunali avevano continuato a concedere prestiti anche in natura, come faceva il soppresso Monte Granàtico, cioè per semina ed anche per macinare, quando la fame arrivava a mezza gamba
In Biddanoa no: niente prestiti in natura, le spese po spaliai su trigu in su Monti Granàticu, po chi no s’èssit ammucorau, fùanta troppo onerose, quindi niente trigu a préstidu, cun cantu prexu de is biddanoesus prus pòburus si pòdit cumprendi	A Biddanoa no: niente prestiti in natura, le spese per spalare il grano nel Monte Granàtico, perché non ammuffisse, erano troppo onerose Quindi niente prestiti di grano Con quanta allegria dei biddanoesi più poveri si può immaginare
Ma po pigai cust’incàrrigu Su Maistu	Ma per assumere questo nuovo
ìat dépiu lassai l’insegnamento, s’indi fut andau in pensione	incarico Su Maistu aveva dovuto lasciare l’insegnamento ed era andato in pensione
Sa cosa ddi cumbenìat	La cosa gli conveniva
La carica di Segretario politico del Fascio dd’ìat passàda al maresciallo Casula, che, sotto la sua guida, dd’ìat èssi póziu fai benissimo	La carica di Segretario politico del Fascio l’aveva affidata al maresciallo Casula, che, sotto la sua guida, non avrebbe incontrato difficoltà
Issu s’ìat tentu, comente Centurione, il comando del reparto della Milizia e cust’incàrrigu nou, beni pagau	Lui avrebbe mantenuto, col grado di Centurione, il comando del reparto della Milizia, e quell’altro incarico, ben remunerato
“Sa tassa ’e is cràbas”, comenti ddi narànta in Biddanoa	“La tassa delle capre”, come la chiamavano a Biddanoa
A is làcanas cun Seulu, Sàdili e Gadoni, Biddanoa tenìat ancora bòscus e calincuna foresta accantu ddui pascìanta, mancai malamenti, setti-ottuxentus cràbas	Ai confini con Seulo, Sadali, e Gadoni, Biddanoa possedeva ancora alcuni boschi e qualche lembo di foresta, dove pascolavano, malamente, sette-ottocento capre
Dónnia crabàrgiu, in media, ’ndi tenìat una cinquantina	Ogni capraio, in media, ne possedeva una cinquantina
Is cràbas, gei si scidi, frùttanta prus pagu ’e is brebeis, su casu ’e cràba è su chi esti, e su prézziu puru	Le capre, si sa, danno meno latte delle pecore, il formaggio di capra è quello che è, ed il prezzo pure
Po custu, tra is montàrgius, is crabàrgius funt is prus pòburus	Per questo i caprai erano anche più poveri degli altri pastori
E immoi custa tassa, binti francus a pégus	E adesso questa tassa, venti lire a capo
Il fascismo ìat decretau ca fùanta is cràbas chi distruìanta is forestas, brucando gli alti e teneri germogli	Il fascismo aveva decretato che le capre erano responsabili della distruzione delle foreste perché brucavano i germogli più alti e più teneri
Comente chi fèssinti giràffas	Come se le capre fossero giraffe
A liggi certas circolaris chi su prefettu mandàt a is Cumunus, s’ìat èssi póziu crei ca is forestas, cinquanta o sessant’annus innanti, ’ndi ddas ìanta segadas is cràbas, ca si ddas ìanta pappàdas is cràbas, e su chi no fùant arrennéscias a si pappai, dd’ìanta fattu a craboni o a traversinas, o a linnàmini po bastimentus o po àturu	A leggere certe circolari che il prefetto mandava ai Comuni, si sarebbe potuto credere che le foreste, cinquanta o sessant’anni prima, le avessero distrutte le capre, che le avessero divorate le capre, e che ciò che non erano riuscite a divorare l’avessero trasformato in carbone o ne avessero fatto traversine per ferrovie, legname per bastimenti o altro
A dolu mannu ’e Zigarru	Povero Zigarru
Zigarru fut su crabàrgiu prus pòburu ’e bidda, chi tenìat prus pagu cràbas, una trintina, prus fillus, ottu, e prus dépidus	Zigarru era il capraio più povero di Biddanoa, quello che possedeva meno capre di tutti, una trentina, più figli, otto, e più debiti
In prus ancora, no fut tanti firmu ’e conca, narànta ca fut sa guerra	Inoltre non era tanto sano di testa, colpa della guerra, dicevano
Calincunu naràt finzas e ca in guerra una borta si fut fuìu	Qualcuno diceva perfino che in guerra una volta era scappato
De cand’ìanta postu custa tassa ’e is cràbas, Zigarru no tenìat prus pasu	Da quando era stata applicata la tassa sulle capre, Zigarru non aveva avuto più pace
Andàda infattu ’e is cràbas chistionendu a sa sola, certàt cun tótus, iscudìat is piccioccheddus, finzas chi unu mengianu àturus dus crabàrgius dd’ìant agattau a peis de s’azza de Figus Nieddas, isfragellau	Andava dietro le capre parlando da solo, litigava con tutti, picchiava i figli, finché una mattina altri due caprai l’avevano trovato ai piedi del precipizio di Figus Nieddas, sfracellato
A ingìriu is cràbas cun cuddus ògus de cristianu, chi no arrennescìant a cumprendi su chi fut suzzédiu	Intorno a lui le sue capre, con quegli occhi di cristiano, che non riuscivano a comprendere ciò che era accaduto
Candu a Zigarru dd’ìanta postu in duas alas de matta, una camba pendi-pendi e sa crapitta cun su tacconi spiccigau coment’ìat bàttiu a sa rocca, is cràbas dd’ìanta postu infattu, cun is pitiolus chi sonànta che campanas a doppiu	Quando Zigarru era stato messo su due rami d’albero per portarlo a casa, una gamba ciondoloni e una scarpa col tacco distaccato come aveva sbattuto contro la roccia, le capre gli erano venute dietro, con i campanacci che suonavano come campane a morto
E fùant intradas in domu issas puru, e fùant issas chi ’nd’ìant iscidau sa pobidda ’e Zigarru e is piccioccheddus	Ed erano entrate in casa anch’esse, esse avevano svegliato la moglie di Zigarru e i ragazzi
Su trumbullu, su prantu, su sonu ’e is pitiolus	Il trambusto, il pianto, il suono dei campanacci
In busciacca, Zigarru, in d’unu portafólliu cardangiosu, portàt sa bulletta ’e s’esattori cun s’ingiunzioni po sa tassa ’e is cràbas: sa dì e totu ìat èssi dépiu pagai giai milli francus, compresa la mora	In tasca Zigarru aveva un portafoglio sudicio e, dentro, la bolletta dell’esattore, con l’ingiunzione per la tassa delle capre: lo stesso giorno Zigarru avrebbe dovuto pagare più di mille lire, compresa la mora
E Zigarru non tenìada manc’unu soddu	E Zigarru non possedeva nemmeno un soldo
E intantis Mussolini aboxinàt che ogni rivoluzione ha i suoi morti e i suoi martiri	Intanto Mussolini gridava che ogni rivoluzione ha i suoi morti e i suoi martiri
Chini scit chi in su contu no ddu èssit postu a Zigarru puru	Chissà se nel conto aveva incluso anche Zigarru
Pópulu de Biddanoa, no sèghisti sa mazza	Popolo di Biddanoa, non rompere le balle
Eita bòlis chi sìanta quattru dis po andai a Nuòru, al tuo nuovo capoluogo di provincia, la soppressione de su Monti Granàticu, sa tassa ’e is cràbas, e si ci bolis ponni in su contu sa morti ’e Zigarru puru, unu crabàrgiu miserabili, eita bolis chi sìat totu custu a cunfrontu dei vantaggi che ti attendono, alla voce della civiltà che finalmente potrai udire, a s’aquedottu, a sa lux’elettrica, a su campusantu nou, a su bacinu	Cosa vuoi che siano quattro giorni per andare a Nuoro, al tuo nuovo capoluogo di provincia, la soppressione del Monte Granàtico, la tassa sulle capre, e se la vuoi mettere in conto anche la morte di Zigarru, un capraio miserabile, cosa vuoi che sia tutto questo a confronto dei vantaggi che ti attendono, alla voce della civiltà che finalmente potrai udire, all’acquedotto, alla luce elettrica, al camposanto nuovo, al bacino
Finz’a immoi s’ind’è chistionau sceti, narais, e no si bit nudda	Finora se n’è parlato soltanto, dite, ma non si vede nulla
no si còntat	non si conta
O no si fidàis mancu della parola del Generale Gandolfo, fascisti di poca fede	O non vi fidate nemmeno della parola del generale Gandolfo, fascisti di poca fede
Ancora pagus mèsis i eis a biri su chi at èssi Biddanoa per merito del Fascismo, chi po Biddanoa at a fai meda prus de cantu gli altri governi cosiddetti liberali e democratici no àpanta fattu dalla fusione perfetta col Piemonte ad oggi, senza contare i governi stranieri, po is calis la Sardegna tutta non era che una colonia	Ancora pochi mesi e vedrete ciò che diventerà Biddanoa per merito del Fascismo, il quale farà per Biddanoa molto di più di quanto non abbiano fatto in passato gli altri governi cosiddetti democratici e liberali, dalla fusione perfetta col Piemonte ad oggi, senza contare i governi stranieri, per i quali la Sardegna tutta non era che una colonia
E Biddanoa abettàda, con disciplina fascista	E Biddanoa attendeva, con disciplina fascista
E po dd’aggiudai a passai is pagus mesis, in màiu de su bintisetti fut benìu in visita ufficiale Sua Eccellenza il Prefetto di Nuoro, Ottavio Dinale	E per aiutarla a trascorrere i pochi mesi, in maggio del ventisette era venuto in visita ufficiale Sua Eccellenza il Prefetto di Nuoro, Ottavio Dinale
Dinale in dus o tres mesis ìat fattu su giru de totu is biddas de sa provincia noa, de sa provincia “sua”, per conoscere personalmente le autorità e le popolazioni	Dinale in due o tre mesi aveva visitato tutti i paesi della provincia nuova, della “sua” provincia, per conoscere personalmente le autorità e le popolazioni
In custu giru fut benìu a Biddanoa puru, chi fut s’ùrtima bidda della provincia del Littorio, ultima ma non dimenticata, ìat nau su Prefettu	Durante questo giro era venuto anche a Biddanoa, che era l’ultimo paese della provincia del Littorio, ultimo ma non dimenticato, aveva detto il Prefetto
Ottavio Dinale no fut unu fascista calisisìat, fut unu fascista della prim’ora, giornalista del “Popolo d’Italia”, il giornale del Duce, fut uno degli uomini più fidati di Mussolini	Ottavio Dinale non era un fascista da nulla, era un fascista della prim’ora, giornalista del “Popolo d’Italia”, il giornale del Duce, uno degli uomini più fidati di Mussolini
Dèu però no iscìu se il Duce èssit postu a Dinale a capo della provincia di Nuoro po is grandus meritus chi siguramenti tenìat verso il fascismo, oppuru chi dd’èssit mandau in Sardegna per punizione, cosa ch’ìanta sèmpiri fattu totu is meris de sa Sardìnnia, cumenzendu de is cartaginesus finzas a is meris di oindì, chi funti fendu sa própiu cosa	Io non so però se il Duce avesse messo Dinale a capo della provincia di Nuoro per i grandi meriti che sicuramente poteva vantare nei confronti del Fascismo, oppure se l’avesse mandato in Sardegna per punizione, cosa che avevano fatto sempre tutti i padroni della Sardegna, cominciando dai cartaginesi fino ai padroni di oggi
Su Maistu, mancai maistu prus no fèssit, né segretario politico, ma chi comente centurione della M.V.S.N fut sèmpiri la massima autorità politica de Biddanoa, appenas ìat iscìpiu di questa inaspettata quanto gradita visita, ìat zerriau luegu il suo vice, il caposquadra Luisicu:	Su Maistu, quantunque “maistu” non fosse più, né Segretario politico, quale Centurione della Milizia era sempre la massima autorità politica di Biddanoa Appena aveva saputo di questa inaspettata quanto gradita visita, aveva chiamato subito il suo vice, il caposquadra Luisicu
“Sàbudu – dd’ìat nau – arriva Sua Eccellenza il Prefetto di Nuoro, Dinale, e nosu ddi depeus fai accoglienze degne del suo rango	“Sabato – gli aveva detto – arriva Sua Eccellenza il Prefetto di Nuoro, Dinale, e noi dobbiamo fargli un’accoglienza degna del suo rango
Dèu apu penzau a un arco di trionfo a s’intrada ’e Sa Prazzitta, sotto il quale passerà Sua Eccellenza e il seguito, e noi con loro, per recarci al Municipio, dove ascolteremo il saluto e gli ordini del Capo della nostra provincia ed offriremo poi al Prefetto e al suo seguito un modesto rinfresco	Io ho già pensato a un arco di trionfo all’entrata di Sa Prazzitta, sotto il quale passerà Sua Eccellenza con il suo seguito, e noi con loro, per recarci al Municipio, dove ascolteremo il saluto e gli ordini del Capo della nostra provincia, ed offriremo poi al Prefetto e al suo seguito un modesto rinfresco
Sa birra e is gazzosas funti giai comporàdas	La birra e le gazzose sono già comprate
Per fare l’arco di trionfo – ìat sighìu Su Maistu – pianteremo a s’intràda ’e Sa Prazzitta, comenti t’apu nau, due pali telegrafici, uno per parte, de cuddus tres che il guardafili di Mandas tiene qui in deposito, e in pizzus li uniremo cun s’àturu palu	Per fare l’arco di trionfo – aveva proseguito Su Maistu – pianteremo all’entrata di Sa Prazzitta, come ti ho detto, due pali telegrafici, uno per parte, prendendoli da quelli che il guardafili di Mandas tiene qui in deposito, e sopra li uniremo con un altro palo
Si Artizzu bénit prima ’e sàbudu, dd’eus a pedìri su permissu, chindighinò li prendiamo lo stesso	Se Artizzu viene prima di sabato gli chiederemo il permesso, se no li prendiamo lo stesso
Ìa a bolli biri	Vorrei vedere
Po fai custu t’ìast a podi fai aggiudai de Perantoni, chi de custas cosas s’ind’intèndit, mancai immoi fàzzat su sabateri, e da tre militi che ti metterò a disposizione o che tu stesso potrai scegliere	Per fare questo potresti farti aiutare da Perantoni, che di queste cose se ne intende, anche se fa il calzolaio, e da tre militi che ti metterò a disposizione o che tu stesso potrai sceglierti
Venerdì gli stessi militi, cun calincunu avanguardista, mancai, ant a andai a circai is fròris, medas, mi raccomando	Venerdì gli stessi militi, con qualche avanguardista, andranno in campagna a prendere i fiori, molti, mi raccomando
Io mi avvicinerò spesso per dare un’occhiata”.	Io di tanto in tanto mi avvicinerò per dare un’occhiata”.
E Luisicu fut andau a domu de Tiu Perantoni	E Luisicu era andato in casa di Tiu Perantoni
Dd’ìat agatau sézziu in su bangheddu, cosendu a dus ispagus una crapitta chi fut insolendu	L’aveva trovato al lavoro, cucendo a doppio spago una scarpa che stava risuolando
Candu Luisicu dd’ìat nau su chi ddi depìat nai, unu pagu bregungiosu e unu pagu arriendu de cudd’idea dell’arco di trionfo ch’ìat tentu Su Maistu, Tiu Perantoni prima dd’ìat castiau comenti si càstiat unu maccu, a bucca abèrta, casi chi no èssit bófiu crei a su chi fut nendiddi Luisicu, poi, tot’in d’una, si fut iscaringiau a arrìri e ìat giai dezìdiu su ch’ìat èssi fattu	Quando Luisicu aveva finito di dirgli ciò che gli era stato ordinato, un po’ vergognoso e un po’ divertito da quell’idea dell’arco di trionfo che aveva avuto Su Maistu, Tiu Perantoni prima l’aveva guardato come si guarda un matto, a bocca aperta, quasi non volesse credere a quanto gli aveva detto Luisicu, poi d’improvviso era apparso sorridente: aveva già tracciato il suo piano
E a Luisicu, chi fut abettendu, dd’ìat donau sùbitu sa risposta:	E a Luisicu, in attesa, aveva dato subito la risposta:
“De su Prefettu Dinale m’ind’affuttu, de Su Maistu capubanda su própiu, ma de tui no, tui ses un’amigu	“Del Prefetto Dinale me ne fotto, di Su Maistu capobanda lo stesso, ma di te no, tu sei un amico
E si tui ast a fai comenti nau ’eu, ast a biri ’ta bell’arco di trionfo chi dd’ap’a cuncordai, al camerata Dinale	E se tu farai come ti dico io vedrai che bell’arco di trionfo gli prepareremo al camerata Dinale
Po primu cosa mi fais portai is pallus tellegraficus a s’intràda ’e Sa Prazzitta, e una scalla longa	Per prima cosa mi fai portare i pali telegrafici all’entrata di Sa Prazzitta, e una scala lunga
Is fossus po is pàllus ddus fazzu deu e totu, bàstat chi mi procùrist unu piccu	Le buche per i pali le faccio io stesso, purché mi procuri un piccone
E poi no bollu nisciunu segamentu ’e mazza candu seu traballendu I’ mustaiònisi ddus ponis de guardia po no lassai accostiai a nèmusu, mancu a is autoridadis	E poi ‘non voglio nessuna rottura di scatole mentre sto lavorando’. Gli spaventapasseri, i tuoi militi, li metti di guardia per non lasciar avvicinare nessuno, nemmeno le autorità
Sa pruinca e is froris, medas, sigùru, ddusu bollu a mengianeddu, chi no s’allàzzananta	La pervinca e i fiori, molti, sicuro, li voglio di buon mattino, diversamente appassiscono
E bollu meda spagu po ddus accappiai a is pàllusu”.	E voglio molto spago per legarli ai pali”.
A Luisicu ddi fut partu ca a Tiu Perantoni fèssit passendiddi in conca calincun’idea macca, ma no ìat nau nudda	A Luisicu era sembrato che a Tiu Perantoni stesse attraversando il cervello qualche idea pazza, ma non aveva detto nulla
Fut andau accantu ’e Su Maistu per “riferire”: “Tutto a posto,	Era andato da Su Maistu per riferire: “Tutto a posto,
Perantoni pènzat issu a totu: a prantai is palus e a cuncordai l’arco di trionfo cun is froris	Perantoni pensa lui a tutto: a piantare i pali, ad adornare l’arco di trionfo
Però no bòllit a nèmus in mesu is pèis cand’è traballendu	Però non vuole nessuno tra i piedi mentre sta lavorando
Ma a s’ora sua at èssi totu prontu”.	Ma al momento giusto sarà tutto pronto”.
S’ora sua fut benìa in d’unu bellu mangianu ’e màiu	Il momento giusto era venuto in un bel mattino di maggio
In custas pagus occasionis, is autoridadis de Biddanoa aspettànta “l’illustre ospite” in mesu Sa Prazzitta, e candu s’automobili si firmàda dd’aberìanta su sportellu, gli porgevano il saluto “nostro e della popolazione”, e abettànta chi cuddu èssit arrespustu cun is pagus fueddus de sèmpiri	In queste rare occasioni le autorità di Biddanoa attendevano “l’illustre ospite” in mezzo a Sa Prazzitta, e quando l’automobile si fermava gli aprivano lo sportello, gli porgevano il saluto “nostro e della popolazione”, e attendevano che quello rispondesse con le parole di sempre
Ma custa borta fut diversu: po podi fai passai a Sua Eccellenza e il suo séguito di autoridadis nuoresas e biddanoesas, beninteso, sotto l’arco di trionfo, bisongiàt a dd’abettai, a Sua Eccellenza, prima chi fèssit arribau a Sa Prazzitta, cioè in Cuccuru ’e Callia, cinquanta metrus prima	Ma stavolta era diverso: per poter far passare Sua Eccellenza e il suo seguito di autorità, nuoresi e biddanoesi, beninteso, sotto l’arco di trionfo, bisognava attendere Sua Eccellenza in Cuccuru ’e Callia, cinquanta metri prima di Sa Prazzitta
E aici ìanta fattu	E così era stato fatto
Dd’ìant abettau assummancu duas oras, is autoridadis mannas e piticas de Biddanoa: Su Maistu, cioè il Centurione, in divisa beni prenciàda, cun sa sciarpa azzurra a tracolla; su Podestà (ah, no si dd’apu nau ancora, il consiglio comunale era stato sciolto, finalmente, e a su postu de su sìndigu ddui fut su Podestà, un’àturu maresciallu, il maresciallo Zoncheddu, un militare rigido ed autoritario come si conviene al capo di una comunità fascista); il Parroco ex-cappellano cun su distintivu bene in vista; le maestre in divisa di Donne Italiane cun is piccioccheddas de scola in divisa di Piccole Italiane, salvu sorrixedda mia chi portàt su bestireddu a quadrittus comente sèmpiri; le Giovani Italiane, chi fùanta piccioccheddas de scola issas puru, ma fùanta is prus tòntas poita fùant ancora in quarta mancai èssinti tentu prus de cattódix’annus e cumenzànt a èssi prenixeddas; su maistu sicilianu (cuddu chi no praxìat a Tia Pissentica) in divisa di Capomanipolo dell’Opera Nazionale Balilla, cun is mustrinas biancas colori ’e latti, chi cumandàda is Balillas cun sa conca arrungiosa; su dottori, su segretariu comunali, s’officiali ’e posta	L’avevano atteso per più di due ore, autorità grandi e piccole di Biddanoa: Su Maistu, cioè il Centurione, nella sua divisa ben stirata, con la sciarpa azzurra a tracolla; il Podestà (non ve l’ho ancora detto: il consiglio comunale era stato sciolto, finalmente, e al posto del Sindaco adesso c’era il Podestà, un altro maresciallo, il maresciallo Zoncheddu, un militare rigido ed autoritario come si conviene al capo di una comunità fascista); il parroco excappellano col distintivo bene in vista; le maestre in divisa da Donne Italiane con le ragazzine di scuola in divisa da Piccole Italiane, salvo mia sorellina che portava il suo vestitino a quadretti come sempre; le Giovani Italiane, che erano ragazze di scuola anch’esse, ma erano le più tonte perché erano ancora in quarta benché avessero più di quattordici anni e cominciassero ad essere pienotte; il maestro siciliano (quello che non piaceva a Tia Pissentica) in divisa da Capomanipolo dell’Opera Nazionale Balilla, con le mostrine bianche color latte, che comandava i Balilla con la testa rognosa; il medico; il Segretario comunale; l’ufficiale postale
E poi le autorità minori: su cunciliadori, s’uscieri cumunali, s’interramortus, Domianu su bandidori, ch’ìat lassau in domu a Lioni, su cani coraggiosu chi no dd’ìat bintu mancu su malloru arrùi, e infinis is fascistas in camisa niedda, assummancu binti, ch’ìanta fattu morri ’e s’arrisu a Ninna e a Amalia, candu fùanta passaus in su stradoni, ananti de s’enna insoru, camminendu a passo marziale po andai a adobiai su Prefettu	E poi le autorità minori: il conciliatore, l’usciere comunale, il becchino, Domianu il banditore, che aveva lasciato a casa Lioni, il cane coraggioso che non era stato vinto nemmeno dal toro selvatico E infine i fascisti in camicia nera, almeno venti, che avevano fatto morire dal ridere Ninna e Amalia, quando erano passati davanti alla loro porta a passo marziale, per andare incontro al Prefetto
S’àtara genti, sa genti chi no contàt nudda, óminis e feminas, bèccius e piccioccheddus foras de scola, fut abarràda in Sa Prazzitta, a ingìriu de sa muralla ’e Tiu Màuru, o sézzia in is banghinas de su Municipiu, abettendu issa puru s’arribu de su Prefettu	L’altra gente, la gente che non contava nulla, uomini e donne, vecchi e ragazzi non più scolari, era rimasta in Sa Prazzitta, ai piedi della muraglia di Tiu Màuru o seduta nelle panchine davanti al Municipio, in attesa anch’essa dell’arrivo del Prefetto
In su stradoni, pagus metrus prima di arribai all’arco di trionfo, schierata in armi ddui fut totu sa Milizia (dox’óminis, ses pe parti) agli ordini del caposquadra Luisicu	Nello stradone, a breve distanza dall’arco di trionfo, schierata in armi, c’era tutta la Milizia (dodici uomini, sei per parte) agli ordini del caposquadra Luisicu
A is undixi e mesu, su balilla ch’ìanta postu di vedetta in punta ’e sa mata de s’olia ’e sa Dona, si fut postu a aboxinai:	Alle undici e mezza, il Balilla che era stato messo di vedetta in cima all’ulivo di Sa Dona aveva lanciato il grido:
“Funt arribendu	“Stanno arrivando
Funt arribendu	Stanno arrivando
Anti furriau in cantonera!”.	Hanno svoltato alla cantoniera!”.
Sa nui ’e su prùini cun s’automobili a ananti, anzis, tres nuis e tres automobilis, no c’ìat postu meda a arribai de cantonera a Cuccuru ’e Callia	La nuvola di polvere con l’automobile davanti, anzi tre nuvole e tre automobili, non aveva impiegato molto a percorrere il tratto di strada dalla cantoniera a Cuccuru ’e Callia
E in Cuccuru ’e Callia il cerimoniale: su Podestà, in camisa niedda e cun sa fascia tricolore in sinzu ìat abertu su sportellu a su Prefettu, dd’ìat lìggiu, imbruncunendu, unu billetteddu chi s’ind’ìat bogau de busciacca, e ìat acabau con le parole di rito: “E per Sua Eccellenza il Prefetto Dinale, eja, eja, eja!”. Sa genti, ch’immòi fut cumenzendu a èssi istruìa in custas cosas, ìat arrespustu “Alalà!” cun boxi crara e forti	E in Cuccuru ’e Callia il cerimoniale: il Podestà, in camicia nera con la fascia tricolore intorno ai fianchi, aveva aperto lo sportello al Prefetto, gli aveva letto, incespicando, un bigliettino che si era tolto da tasca, e aveva finito con le parole di rito: “E per Sua Eccellenza il Prefetto Dinale, eja, eja, eja!”. I presenti, che adesso incominciavano ad essere istruiti in queste cose, avevano risposto “Alalà!” con voce chiara e forte
Dinale (bell’ómini, artu, bestìu ’e nieddu) ìat cumenzau bantendu is biddanoesus chi no ìat mai inténdiu nomenai, e aggiumai ddi fuìat che il Duce li portava sempre nel cuore	Dinale (bell’uomo, alto, vestito di nero) aveva risposto tessendo le lodi dei camerati biddanoesi, che non aveva mai sentito nominare, e a momenti gli scappava detto che il Duce li portava sempre nel cuore
Ma ìat nau su própiu che grazie alle opere in programma, volute dal Duce, Biddanoa ìat èssi connotu quel progresso che agognava da anni, anzi da secoli	Ma aveva detto ugualmente che, grazie alle opere in programma volute dal Duce, Biddanoa avrebbe conosciuto quel progresso che agognava da anni, anzi da secoli
E ìat acabau inneggiando al Duce cun is tres zérrius di eja, eja, eja	E aveva finito inneggiando al Duce con i tre gridi di eja, eja, eja
S’alalà de sa genti fut arribau puntuali, unu tronu	L’alalà era arrivato puntuale, un tuono
Poi si fut cumpostu il corteo, chi apusti de una cinquantina ’e metrus ìat èssi dépiu passai sotto l’arco di trionfo: in testa Sua Eccellenza Dinale, cun su Questori a unu costau e su Podestà a s’àturu, poi is àtaras autoridadis, nuoresas e biddanoesas	Quindi si era formato il corteo che dopo una cinquantina di metri sarebbe dovuto passare sotto l’arco di trionfo: in testa Sua Eccellenza Dinale col Questore da una parte e il Podestà dall’altra, poi le altre autorità, nuoresi e biddanoesi
Candu fùanta passaus ananti della Milizia schierata, Luisicu ìat ordinau il “Presentat-arm” e Dinale, biendu a Luisicu cun totu s’appicconi de is medaglias, ìat lassau is àturus e si fut accostiau a ddi toccai sa manu, nendiddi cosas chi nèmus ìat inténdiu	Quando erano passati davanti alla Milizia schierata, Luisicu aveva ordinato il “Presentat-arm” e Dinale, vedendo Luisicu con quel grappolo di medaglie sul petto, aveva lasciato gli altri e si era avvicinato per stringergli la mano, dicendogli cose che nessuno aveva udito
Tandu fut suzzédia una cosa lèggia, Biddanoa, Biddanoa	Poi era successo qualcosa di brutto, Biddanoa, Biddanoa
Candu il corteo fut po intrai asutta dell’arco di trionfo, chi su Prefettu aveva molto ammirato, di asutta ’e terra, creu, ’ndi fut bessìu Tiu Perantoni	Quando il corteo della autorità stava per passare sotto l’arco di trionfo, che il Prefetto aveva molto ammirato, da sotto terra, credo, era venuto fuori Tiu Perantoni
Cottu che Lazzaru	Cotto come Lazzaro
O aici parìada	O così sembrava
Camminendu a zighizaghis, própiu candu su Prefettu con tutto il corteo fut intrendu asutta ’e s’arco, Tiu Perantoni ìat imbruncunau e ci fut arrùtu a pesu mortu in pizzu ’e unu de is pàlus: s’arcu ìat trémiu e ìat cumenzau a pendi a ananti	Camminando a zig-zag col suo passo da sbronzo, proprio mentre il Prefetto con tutto il corteo stava per passare sotto l’arco, Tiu Perantoni aveva inciampato ed era caduto a peso morto contro uno dei pali: l’arco aveva tremato ed aveva cominciato ad inclinarsi in avanti
Sa genti chi fut a ingìriu ’e Sa Prazzitta s’indi fut accatàda e ìat cumenzau a ci stesiai, is chi fùanta prus accanta a si fuìri, spingendusì s’unu cun s’àturu	La gente che stava intorno a Sa Prazzitta se n’era accorta ed aveva incominciato ad allontanarsi, i più vicini a fuggire, spingendosi l’uno con l’altro
Su Prefettu e is autoridadis, chi própiu in cussu momentu fùanta passendu asutta ’e s’arcu, no ìanta cumpréndiu su chi fut suzzedendu finzas a candu Tia Mundìca no si fut posta a aboxinai: “Est arruendìndi	Il Prefetto e le Autorità, che proprio in quel momento stavano passando sotto l’arco, non avevano capito ciò che stava succedendo fintanto che Tia Mundìca non aveva gridato: “Sta cadendo
Est arruendìndi!”. Tandu is autoridadis puru ìanta cumpréndiu, e comènte puddas istratallàdas si fùanta postas a curri, su Podestà a una parti, Su Maistu a s’àtara, su questori e su predi conca a susu, su brigaderi infattu	Sta cadendo!”. Allora anche le autorità avevano capito e come galline spaventate si erano messe a correre, il Podestà da una parte, Su Maistu dall’altra, il Questore ed il prete all’insù, il brigadiere dietro
In mesu Sa Prazzitta, abbabballucau, fut abarrau sceti il Camerata Dinale, chi no iscìat accantu si tirai	In mezzo a Sa Prazzitta, imbambolato, era rimasto soltanto il Camerata Dinale, che non sapeva da che parte dirigersi
Ma própiu candu l’arco di trionfo fut po ci dd’arrùi asuba, il caposquadra Luisicu, lasciando il comando delle truppe chi si fùant isparzinàdas, si fut postu a curri, e léstru che unu lampu fut arribau a pàlas de su Prefettu e dd’ìat donau un’imperta cun totu a is duas manus	Ma proprio quando l’arco era sul punto di rovinargli addosso, il caposquadra Luisicu, lasciando il comando delle truppe che si erano sparpagliate anch’esse, si era lanciato di corsa, e svelto come un lampo era giunto alle spalle del Prefetto e gli aveva dato un formidabile spintone con entrambe le mani
Sua Eccellenza ci fut bessìu tuvi-tuvi po cincu o ses metrus, e poi ci fut arrutu in pizzu’ de Tia Mundìca	Sua Eccellenza, catapultato in avanti, aveva percorso cinque o sei metri incespicando, a braccia tese, finché non era caduto addosso a Tia Mundìca
E Luisicu in pizzu’ de su Prefettu	E Luisicu addosso al Prefetto
In cussu momentu, candu Tia Mundìca fut carcinendu asutta ’e cuddus dus, l’arco di trionfo, a pagu distànzia, ’ndi fut arrutu cun grandu stragazzu ma po furtuna senza ’e toccai a nisciùnus	Proprio in quel momento, quando Tia Mundìca stava scalciando sotto quei due, l’arco di trionfo, a poca distanza, era precipitato con grande fracasso, ma, per fortuna, senza colpire nessuno
Coment’ìat póziu, il Camerata Dinale s’indi fut pesau, e unu pagu spérdiu ìat torrau a toccai sa manu a Luisicu	Come aveva potuto, il camerata Dinale si era rialzato, e un po’ smarrito aveva stretto nuovamente la mano a Luisicu
Si no fèssit istétiu po Luisicu, infattis, Sua Eccellenza il Prefetto Dinale, fascista della prim’ora, ìat èssi mortu in Biddanoa streccau che una pretta	 se non fosse stato per Luisicu, infatti, Sua Eccellenza il Prefetto Dinale, fascista della prim’ora, sarebbe morto in Biddanoa schiacciato come uno scarafaggio
Ma sa dì infattu, cand’ìat agatau a Luisicu, Tiu Perantoni aggiumai si ddu pàppat: “Facci ’e tontu	Ma il giorno dopo, quando aveva incontrato Luisicu, Tiu Perantoni per poco non lo sbranava: “Faccia di tonto
Apust’’e totu cussu traballu ch’ìa fattu, própiu tui mi depìast arrovinai totu!”.	Dopo tutto quel lavoro che avevo fatto, proprio tu dovevi rovinarmi tutto!”.
Forzis, durante il rinfresco, calincuna cosa su Podestà a su Prefettu si dd’ìat pedìa, poita apustis de una parìga ’e mesis fut benìu a Biddanoa un ingegnere del Genio Civile con due tecnici per fare i primi rilevamenti	Forse, durante il rinfresco qualcosa il Podestà doveva aver detto al Prefetto, perché dopo un paio di mesi era venuto a Biddanoa un ingegnere del Genio civile con due tecnici, per fare i primi rilevamenti
Ddui fùanta abarraus una cida, senza ’e ci stesiai meda ’e bidda	Si erano trattenuti una settimana, senza allontanarsi dal paese
S’aqua ’e Sa Funtanedda dd’ìant agatàda potàbile, poi tenìat il grande vantaggio di essere a poco più di un chilometro dall’abitato, cosa che avrebbe consentito un notevole risparmio nelle spese per la tubatura	L’acqua di Sa Funtanedda era risultata potabile, inoltre aveva il grande vantaggio di essere a poca distanza dall’abitato, circa un chilometro, cosa che avrebbe consentito un notevole risparmio nelle spese per la tubatura
Comenti, s’aqua ’e Sa Funtanedda no s’àndat beni, biddanoesus	Come, l’acqua di Sa Funtanedda non vi va bene, Biddanoesi
No esti né frisca, né bona, narais	Non è né fresca né buona, dite
Certo, s’aqua de Corongiu o de Pantaleu è prus frisca, prus leggera, contiene meno calcare	Certo l’acqua di Corongiu o di Pantaleu è più fresca, più leggera, contiene meno calcare
Su fattu stat ca bosàturus biddanoesus state diventando un po’ troppo esigenti, eita dimóniu	Il fatto è che voi biddanoesi state diventando un po’ troppo esigenti, che diamine
Si fàinti s’acquedotto, grazie al Fascismo, e boleis isceberai s’aqua puru	Vi costruiscono l’acquedotto, grazie al Fascismo, e volete fare anche la scelta dell’acqua
Tres o quattru mesis per il progetto e per l’appalto, e fut arribàda s’impresa campidanesa cun meris continentalis, cun is maistus de muru e is manòrbas	Tre o quattro mesi per il progetto e per l’appalto, ed era arrivata l’impresa campidanese con padroni continentali, i muratori e i manovali
Boleis chi pigheus maistus de muru biddanoesus	Volete che impieghiamo muratori biddanoesi
E is piccioccas de Biddanoa ìanta tragau giarra po contu ’e s’impresa campidanesa	E le ragazze di Biddanoa avevano trasportato ghiaia per conto dell’impresa campidanese
Calincuna, a mesudì, a s’ora ’e sa firmàda, si sezzìat in coa de is manovalis ceraxinus, e a mericeddu ci dd’acabàt gunneddas a susu in mesu a is trigumoriscus de Su Fenu	Qualcuna, a mezzogiorno, all’ora della sosta, era finita in grembo ai manovali selargini, e la sera gonne all’aria tra i campi di granoturco di Su Fenu
Custus campidanesus	Ma questi campidanesi
Su domìnigu a merì passillànta in su stradoni in colletto e cravatta, che sennoris	La domenica sera passeggiavano nello stradone in colletto e cravatta, come signori
E is piccioccas no ’ndi ddis pigànta is ògus de pizzus	E le ragazze non gli toglievano gli occhi di dosso
Ma is biddanoesus, mancai ddus èssint imbidiàus e fèssinti gelosus, no ddu donànt a biri	Ma i giovanotti di Biddanoa, quantunque li invidiassero e fossero gelosi, non l’avevano dato a vedere
E no fut suzzédiu mai nudda	E non era successo mai nulla
Po Santa Maria, in Biddanoa ddui fut s’acquedottu, Gandolfo mantenìat is promissas	Per Santa Maria, in settembre, anche Biddanoa aveva l’acquedotto, Gandolfo manteneva le promesse
Ma in Biddanoa no ddu ìat fognature, e quindi s’aqua brutta ìanta sighìu a ci dda ghettai in is bias e in is pràzzas	Ma in Biddanoa non c’erano fognature, e quindi l’acqua sporca si buttava sempre nelle strade e nei cortili
E senza fognature no ddu ìat mancu lavandinus, né vasche da bagno, né water e né bidet, cosas mai inténdias nomenai, in cussu tempus	E non essendoci fognature non c’erano nemmeno lavandini, né vasche da bagno né water né bidet, cose mai sentite nominare, in quei tempi, a Biddanoa
Is quattru familias (quattru in totu sa bidda, costàt troppu) chi s’ìanta postu s’aqua in domu, non tenendu lavandinu ìanta postu asutta ’e su rubinettu, in coxina, unu craddàxu ’i arràmini	Le quattro famiglie (quattro in tutto il paese, costava troppo) che avevano portato in casa l’acqua dell’acquedotto, non avendo lavandino avevano messo sotto il rubinetto un caldaro di rame
Candu fut prenu ddu sbuidànta in prazza a lavamanus	Quando era pieno lo svuotavano in cortile a lavamani
In mesu bidda, in is istradas, ìanta postu quattro “fontanelle”: una in Sa Prazzitta, a sa parti ’e Frennàssiu, una in Tiricu, una in Palenuraxi e una in bixinau ’e crésia	Nelle strade del paese erano state sistemate quattro “fontanelle”: una in Sa Prazzitta, dalla parte di Frennàssiu, una in Tiricu, una in Palenuraxi e una nei pressi della chiesa
Immoi sa genti no depìat andai prus a sa funtana ’e Callia e de Ziu Marras, po s’aqua ’e domu, assummancu, e is piccioccheddus nelle “fontanelle” ìant imbentau giogus nous	Adesso la gente non doveva andare più alla fontana di Callia o a quella di Ziu Marras, per l’acqua di casa, almeno, e i ragazzini nelle fontanelle avevano inventato giochi nuovi
Po s’aqua ’e buffai sa genti, però, fut sighìa a andai a sa funtana ’e Giuanneddu, cun is màrigas de Nuradda: s’aqua ’e Giuanneddu fut bona e frisca, ’ndi serràda is dentis, no fut callenti e isciaboriàda che sa de s’acquedottu	L’acqua da bere, però, la gente aveva continuato ad attingerla a Giuanneddu, con le brocche di Nuradda: l’acqua di Giuanneddu era buona e fresca, tanto fresca che dolevano i denti, quando la bevevi Non era certo come l’acqua dell’acquedotto, calda e scipita
E a mericeddu sighìant a passai in Sa Prazzitta is piccioccas cun sa màriga in conca a una perra, is bràzzus isciàmiasciàmia e totu s’àturu movi movi, po is ogus e po is bisus de chini ddas castiàt arrumbau a sa muralla	E la sera, al tramonto, passavano ancora in Sa Prazzitta le ragazze con la brocca di sghimbescio sulla testa, le braccia va e vieni e il resto in movimento, per gli occhi e per i sogni di chi le stava a guardare appoggiato alla muraglia
Grazias a Gandolfo e a s’aqua sciaboriàda de s’acquedottu, custu spettàculu in Sa Prazzitta fut durau ancora annus e annus	Grazie a Gandolfo e all’acqua poco buona dell’acquedotto, questo spettacolo in Sa Prazzitta era durato ancora per molti anni
E m’ìat a praxi de podi nai ca dùrat ancora	E a me piacerebbe credere che duri ancora
Dinale, il Prefetto fascista chi aggiumai fut mortu streccau asutta dell’arco di trionfo, no si fut iscarésciu de Biddanoa	Dinale, il Prefetto fascista, che a momenti vi moriva schiacciato sotto l’arco di trionfo, non si era dimenticato di Biddanoa
Ìat fattu un’arrisixeddu grogu, sa dì, candu, appenas passau su trambullu, si ddi fut accostiau su questori e dd’ìat nau, a s’orìga:	Aveva fatto un risolino giallo quel giorno, quando, appena passato il trambusto, era stato avvicinato dal questore che gli aveva sussurrato:
A èssi suspettosu a su questori ddu portàt s’arti sua e totu, ma apustis ch’ìat fueddau cun is autoridadis e cun calincun’àtara personi ’e Biddanoa, si fut casi cumbìnciu ca su suu fut un sospetto infondato	Ad essere sospettoso il questore era portato dal suo stesso mestiere, ma dopo che aveva parlato con le autorità e con qualche altra persona di Biddanoa si era quasi convinto che il suo era stato un sospetto infondato
E no ddu ìat penzau prus	E non ci aveva pensato più
Però cussa bidda no ddi praxìat	Però quel paese non gli piaceva
O mellus	O meglio
Candu a merì, andendusindi, s’automobili insoru fut arribau a cantonera, su questori si fut furriau a su Prefettu e dd’ìat amostau a Biddanoa:	Quando la sera, andandosene, la loro automobile era arrivata alla cantoniera, il questore si era rivolto al Prefetto e gli aveva additato Biddanoa:
Apustis de una quindixina ’e dis fùant arribaus a bidda dus sennoris	Dopo una quindicina di giorni erano arrivati in paese due signori
Indi fùant arziàus de stazioni impari cun Tiu Pepi, unu a una parti e unu a s’àtara, cun d’una valigia in manus	Erano saliti dalla stazione con Tiu Pepi, una valigia in mano
Unu fut giòvunu, una trintina ’i annus o pagu prus, is pilus arrubiastus ma mesu spinniau, ogus asùlus, portàt pantalonis a sa zuava e una pinna ’e pilloni piticheddedda in su cappeddu	Uno era giovane, una trentina d’anni o poco più, i capelli rossicci alquanto radi, occhi azzurri, portava pantaloni alla zuava e una penna d’uccello piccolina infilata nella fascia del cappello
S’àturu ’ndi podìat tenni cinquanta, brenti manna, beni bestìu, cun su cappeddu in pranu ’e cuccuru	L’altro era sulla cinquantina, grossa pancia, ben vestito, il cappello in cima al cranio
Tiu Pepi, cun sa posta a coddu, ddis ìat amostau, passendu, sa buttega ’e Tia Grazia	Tiu Pepi, col sacco della posta in ispalla, aveva indicato ad entrambi la bottega di Tia Grazia
Fùant intraus, e apustis ch’ìanta pappau calincuna cosa, fùant bófius andai a caserma, e prus a tardu a s’offìziu, dal signor Podestà: dus cunfinàus	Erano entrati, e dopo che avevano mangiato qualcosa erano voluti andare in caserma, e più tardi in Municipio, dal signor Podestà: due confinati
Signor Benoni, su prus giòvunu, fut de Merano, in Alto Adige, e fut un confinato “politico”, e signor Patané de Acireale, in Sicilia, un “mafioso”. Aici ìat nau a calincunu su podestà, ma senza ’e spiegai nudda, e cussu fueddu – “mafioso” – pagus dd’ìanta cumpréndiu, forzis poita in bidda mafiosu bolìat nai un’àtara cosa Mafiosu fut unu chi ddi praxìat a èssi sèmpiri beni allichidìu, unu gallosu, unu palliosu	Signor Benoni, il più giovane, era di Merano, in Alto Adige, ed era un confinato “politico”, mentre signor Patané era di Acireale, in Sicilia, ed era un “mafioso”. Così aveva detto a qualcuno il Podestà, ma senza spiegare nulla, e quella parola, “mafioso”, pochi l’avevano capita, forse perché in paese mafioso significava tutt’altra cosa: veniva chiamato così chi amava vestir bene, essere elegante, frivolo, vanitoso
Comenti si sìat, nèmus ìat iscìpiu de seguru su ch’ìanta cummìttiu cussus dus po ddus èssi mandaus a Biddanoa a fai dus annus de cunfinu	Comunque, nessuno aveva saputo cosa avessero commesso quei due per essere sbattuti a Biddanoa a scontarvi due anni di confino
Tra issus, prima, no si fùanta mai bistus, si fùanta connotus in su trenu, e pagu s’assimbillànta s’unu cun s’àturu	Tra di loro prima non si conoscevano, si erano incontrati per la prima volta in treno e poco o niente avevano in comune
Sa genti ’e bidda ìat fattu luegu comente unu scebéru: ìat azzettau a Benoni e ìat tentu aillargu a Patané	La gente di Biddanoa aveva fatto subito la sua scelta: aveva accettato Benoni e aveva tenuto a distanza Patané
Benoni si fut imbesturau luegu a sa genti ’e Sa Prazzitta, fueddàt cun totus, amigu ’e totus, ìat imparau finzas e calincunu fueddu in sardu, fueddus malus po s’imprùs, chi naràt fendu finta ’e no cumprendi e fendu morri ’e s’arrisu is chi ddu scurtànta	Benoni si era subito ambientato, confuso con la gente di Sa Prazzitta, parlava con tutti, amico di tutti, aveva perfino imparato qualche parola in sardo, parolacce per lo più, che ripeteva facendo finta di non capirne il significato e provocando l’allegria di chi lo ascoltava
Un’assimbillu ddui fut tra Benoni e bona parti de is biddanoesus: Benoni fut pòburu e no ’ndi ddi parìat bregùngia ’e ddu nai, po bivi ìat sèmpiri traballau, de piticu piccioccu ’e buttega, poi “salumaio”.	Una certa rassomiglianza si sarebbe perfino potuta riscontrare, tra Benoni e i biddanoesi: Benoni era povero e non se ne vergognava, per vivere aveva sempre lavorato, da piccolo aveva fatto il garzone di bottega, poi il salumaio
Patané no, Patané fut arriccu e ddu donàt a biri	Patané no, Patané era ricco e lo dava a vedere
Eita èssit fattu no si scìat, depìat èssi unu grandu propietàriu, cun Tia Grazia e cun is fillas fueddàt sèmpiri de “giardini”, comenti naràt issu, giardinus di aràngiu chi no acabànta mai, de terras, de domus in bidda sua e in cittadi, a Catania	Cosa facesse, di professione, non si sapeva, doveva essere un grande proprietario, con Tia Grazia e con le figlie parlava sempre di giardini di aranci, sterminati, di terre, di case e palazzi al suo paese e in città, a Catania
Dinai no ’ndi ddi mancàda, no tenìat zertu abbisóngiu de is trexentus francus su mesi chi passànta a dónnia cunfinau, po cussu no andàt mai a sa Posta a ’ndi ddus arretirai	Soldi non gliene mancavano, non aveva certo bisogno delle trecento lire al mese che il Governo passava ad ogni confinato, lui non andava mai alla posta a ritirarle
Po issu, mancai no dd’èssit nau, sa genti ’e Biddanoa fut àliga, ma “s’àliga” dd’ìat lassau a sa sola, mai cumbidau, mai donau cunfidénzia o istima, a custu brentudu manniosu chi creìat di èssi chini scit echini	Per lui, quantunque non lo dicesse esplicitamente, la gente di Biddanoa era spazzatura, ma la “spazzatura” l’aveva isolato, mai dato confidenza, mai un invito, a questo presuntuoso pancione che credeva di essere chissà chi
Cun is autoridadis però Patané fut un’àturu	Con le autorità, però, Patané era un altro
Si a merì, passillendu in su stradoni a sa sola comente sèmpiri, cun su mesu zigarru in bucca e is póddixis in su corpettu, ddi capitàt de biri su podestà, fùanta scappeddadas finz’a terra: “I miei rispetti, signor Podestà!”; o su brigaderi: “I miei ossequi, signor Brigadiere!”, “Servo suo, signor Segretario Politico!”, “Bacio le mani, Reverendo!”.	Se la sera, passeggiando da solo nello stradone come sempre, con mezzo sigaro in bocca, la giacca sbottonata e i pollici sotto le ascelle infilati nel panciotto, gli capitava di imbattersi nel Podestà, si ricomponeva immediatamente ed erano scappellate fino a terra: “I miei rispetti, signor Podestà!”, o nel brigadiere: “I miei ossequi, signor Brigadiere!” “Servo suo, signor Segretario Politico!” “Bacio le mani, Reverendo”.
Apustis de un’annu chi fut in bidda ìat arricìu unu telegrammu ch’ìat isventalliau in totu Sa Prazzitta, e un’àturu ’nd’ìant arricìu su Podestà e su brigadieri: condonato il resto del confino al nominato Patané Rosario	Dopo un anno di confino a Biddanoa aveva ricevuto un telegramma che aveva sventagliato in tutta Sa Prazzitta, e un altro ne avevano ricevuto il Podestà e il brigadiere: condonato il resto del confino al nominato Patané Rosario
Candu fut partìu fut dispràxiu sceti a Tia Grazia: cun su chi ddi donàt Patané po pappai e po dormìri, ddui campàt totu sa familia	Quando era partito era dispiaciuto solo a Tia Grazia: con ciò che le dava Patané per il vitto e per l’alloggio, manteneva tutta la famiglia
Benoni no si podìat permitti di andai “a pensione”, comente Patané: s’ìat pigau a pesoni un’aposenteddu in Pala ’e Nuraxi, accantu dormìat e si fìat a pappai is pagus bortas chi no fut cumbidau a pràngiu o a cena a domu ’e calincunu	Benoni non poteva permettersi il lusso di andare “a pensione” come Patané Aveva preso in affitto una stanzetta in Palenuraxi, dove dormiva e cucinava, le poche volte in cui non era invitato da qualcuno a pranzo o a cena
Candu fut benìu s’ierru e in bidda ìanta cumenzau a boccìri is porcus de domu, Benoni fut diventau sa personi prus importanti e apprezziàda de totu Biddanoa	Quando era arrivato l’inverno e in paese avevano incominciato ad ammazzare i maiali “di casa”, Benoni era diventato la persona più importante e più contesa di Biddanoa
Cand’ìat boccìu su suu, su primu chi dd’ìat cumbidau fut istétiu su podestà, po benevolenzia, s’intèndit, ma po biri puru si Benoni fut su “salumaio” chi naràt di èssi	Il primo ad invitarlo, quando aveva ammazzato il suo maiale, era stato il Podestà, per benevolenza, s’intende, ma anche per vedere se Benoni era quel salumaio che diceva di essere
Fut beru, balla	Era vero, cavolo
S’ìat portau de domu unu deventali biancu e si fut postu a traballai, léstru che unu trenu, e in pagu tempus ìat fattu dus presuttus e salamu de tres calidadis chi mellus de cussu su podestà no ’nd’ìat mai tastau	Aveva portato da casa il suo grembiule bianco e si era messo a lavorare, svelto come un treno, e in poco tempo aveva fatto due prosciutti e salami di tre qualità che di meglio il Podestà non ne aveva mai assaggiato
Sa genti dd’ìat iscìpiu, e de sa dì a dónnia boccimentu ’e porcu, podìat mancai su porcu ma no mancàt Benoni	La gente l’aveva saputo, e da quel giorno ad ogni uccisione di maiale poteva mancare il maiale ma non mancava Benoni
Totus bolìanta su salamu de tres calidadis, fìanta casi totu su porcu a salamu, pezza, mustela, làndura, croxolu, aggiumai no fìanta prus sartizzu	Tutti volevano il salame di tre qualità, riducevano quasi tutto il maiale in salame: carne, filetto, ghiandole, cotenna, tutto A momenti non facevano più salsicce
Porcus che cuss’annu in bidda no ’nd’ìanta boccìu mai	In Biddanoa non erano stati mai ammazzati tanti maiali come in quell’anno
Finzas e is prus pòburus, is chi no ’nd’ìanta mai tentu	Perfino i più poveri, quelli che non ne avevano mai posseduto uno
Si fut bia genti incamminendusì adenotti, cua cua, facci a Padenti o a is forestas de Pantaleu e torrendu prima ’e fai luxi cun d’unu saccu a coddu	Si era vista gente incamminarsi di notte, di nascosto, verso Padenti o le foreste di Pantaleu e rientrare in paese prima di far giorno con un sacco sulle spalle
S’incràs is piccioccheddus andànta a làndiri po ingrassai unu porcu chi fut cumpartu tot’in d’una in prazza, asutta de s’umbragu ’e sa linna o aintru ’e una domixedda mesu sciusciàda	L’indomani i ragazzini andavano a raccogliere ghiande per ingrassare un maiale che era comparso d’improvviso in un cortile, sotto una legnaia o dentro una casetta semidiroccata
Tanti po podi cumbidai a signor Benoni, po podi tastai issus puru su salamu de tres calidadis	Tanto per poter invitare il signor Benoni, ed assaggiare anche loro il salame di tre qualità
A Benoni no ddi parìat beru di èssi dónnia dì de sciala ’e porcu: in primis poita ddi praxìat a traballai in s’arti sua, poi poita ddi praxìat sa cumpangìa, e infinis poita ddi praxìat sa pezza ’e porcu	A Benoni non sembrava vero di essere sempre in festa: prima di tutto perché gli piaceva il suo mestiere, poi perché gli piaceva la compagnia e infine perché gli piaceva la carne di maiale
Ma ddi fut pràxiu finzas e su figau cun sa nappa, però, e su sàngunu durci cun nuxi e matafalùa, cosas chi prima no ìat mai pappau	Ma gli era piaciuto anche il fegato arrosto coperto dalla bianca rete di grasso, e il sangue dolce con noci e finocchi, cose che prima non conosceva
De is domus accantu fut cumbidau no s’ind’andàt mai a manus bùidas, fèssinti domus di arriccus o domus de pòburus	Dalle case in cui era stato invitato non andava mai via a mani vuote, fossero case di ricchi o case di poveri
Provvistas in s’aposenteddu suu no ’ndi mancànta, e fut po custu chi arrennescìat a ponni a parti calincuna cosa de is trexentus francus de sa paga ’e cunfinau, e a dda mandai a Emi, sa pobidda	Provviste nella sua stanzetta non ne mancavano, e questo gli permetteva di mettere da parte qualche soldo della sua paga di confinato per mandarlo a Emi, sua moglie
Emi ddi scrìat dónnia dì, ma is lìttaras Benoni ddas arriccìat apustis de dexi, quindixi dis, totus impari, cun d’unu timbru asulazzu a palas de sa busta	Emi gli scriveva tutti i giorni, ma le lettere di Emi Benoni le riceveva dopo dieci-quindici giorni, tutte insieme, con un timbro azzurro dietro la busta
Calincuna borta in is lìttaras ddu ìat quattru o cincu arrigas cancelladas, impriastàdas a tinta niedda	Qualche volta nelle lettere c’erano quattro o cinque righe cancellate, pasticciate con inchiostro nero
Candu Benoni aberìat sa busta e ddas bìat, si fìat grogu che sa cera	Quando Benoni apriva la busta e le vedeva diventava giallo come la cera
Prandendu, a Benoni su binu traitori de Sartu ’e Crésia ddi sciollìat su linguazzu:	A pranzo il vino traditore di Sartu ’e Cresia gli scioglieva la lingua:
Àtaras duas tassas de binu e ’ndi bogàt de su portafogliu s’arritrattu della sua cara Emi:	Altri due bicchieri di vino nero e toglieva dal portafogli la fotografia della sua cara Emi:
Emi, mischina, no naràt nudda, impiastrada comenti fut de làmbrigas e di ollu ’e porcu	Emi, poveretta, non diceva nulla, impiastricciata com’era di lagrime e di grasso di maiale
Ìada scrittu al Duce, a Sua Eccellenza Benito Mussolini, Capo del Governo e Duce del Fascismo – Roma, sa lìttara dd’ìanta bista totu is chi fùant in sa Posta, sa dì chi fut andau a fai sa raccumandada	Aveva scritto al Duce, Benoni, a Sua Eccellenza Benito Mussolini, Capo del Governo e Duce del Fascismo – Roma, la lettera l’avevano vista tutti quelli che stavano alla posta quando aveva fatto la raccomandata
Ma il Duce no dd’ìat mai arrespustu e l’ex-camerata Benoni, confinato politico del regime fascista, ma fascista prus de totu is fascistas de Biddanoa, Benoni, chi in Sa Prazzitta, nelle cerimonie ufficiali portàt sa camisa niedda e arrespundìat alalà e a noi cun boxi arta e airada candu il Segretario Politico zerriàt eja eja o Viva il Duce, Benoni s’ìat iscontau in Biddanoa, dì po dì, tot’a is dus annus de cunfinu	Ma il Duce non gli aveva mai risposto e l’ex-camerata Benoni, confinato politico del regime fascista, ma fascista più di tutti i fascisti di Biddanoa, che in Sa Prazzitta, durante le cerimonie ufficiali, portava la camicia nera e rispondeva alalà e a noi con voce tonante quando il segretario politico gridava eja eja o Viva il Duce, Benoni aveva scontato in Biddanoa, giorno dopo giorno, i suoi due anni di confino
Candu fut partìu dd’ìat accumpangiau totu sa bidda a istazioni, e no si fut cumpréndiu si fèssit una dispidìda o una prucissioni	Quando era partito, tutto il paese l’aveva accompagnato alla stazione e non si era capito se fosse un commiato o una processione
Ómini appaxiau no fut, Luisicu, rassenniau, forzis	Uomo rasserenato non era, Luisicu, rassegnato, forse
Ancora, però, penzendu a certas cosas, s’intendìat su sànguni arziendiddi a conca, e si si furriàda in giru bìat su chi fut suzzedendu in Biddanoa de candu Biddanoa fut “fascista”, e fùanta cosas chi pagu ddi praxìanta po cudd’amori de is cosas giustas ch’ìat sèmpiri tentu	Ancora però, pensando a certe cose, sentiva il sangue ribollirgli dentro e se si guardava intorno vedeva ciò che stava succedendo in Biddanoa da quando Biddanoa era “fascista”, ed erano cose che poco gli piacevano per quel senso di giustizia che aveva sempre avuto
A bòrtas su cumportamentu de certas personis, de is chi cumandànta a sa luxi ’e su soli, e de is àtaras, prus isfaccìas, chi cumandànta asutt’asutta angariendu is pòburus, dd’annappànta sa vista e ddi fìanta torrai a penzai a cuddus anarchicus forzis mai scaréscius	A volte il comportamento di certe persone che spadroneggiavano alla luce del sole, e di altre, peggiori, che si nascondevano nell’ombra angariando i poveri, gli faceva pensare ancora a quegli anarchici mai dimenticati
Ma si poderàda, circàt de no biri is cosas chi portàt a ananti ’i ògus	Ma si tratteneva, cercava di non vedere certe malefatte, che pure erano evidenti
Cun totu ca fùanta cosas chi a issu no ddu toccànta direttamenti, cun totu chi a issu personalmente no ddu podìat toccai nèmus, mesu autoridadi comenti fut issu puru, cun cuddus gradus de capusquadra de sa Milizia e sa fama di eroico combattente, is cosas tròttas ddi fìanta feli su própiu	Malefatte che magari non lo toccavano personalmente, nessuno poteva toccarlo, mezza autorità com’era, con quei gradi di caposquadra della Milizia e la fama di eroico combattente Ciononostante certe storture gli provocavano una gran rabbia
Si no fèssit istétiu po Sara e po is piccioccheddus	Se non fosse stato per Sara e per i ragazzi
Già, is piccioccheddus	Già, i ragazzi
Bàstat, funt issus isceti chi còntanta, po su restu donniunu si scràffat s’arrùngia sua	Basta, contavano solo loro, per il resto ognuno si gratti la sua rogna
A is piccioccheddus bolìat unu beni maccu, màssima a Millieddu, su segundu	Ai ragazzi voleva un bene immenso, specie a Millieddu, il secondo
E no po su nòmini chi portàda, anzis cussu nòmini, a bòrtas, dd’arregordàt cosas ch’ìat èssi bófiu scaresci, ma fut ca Millieddu fut diversu de Ninnu e de Defendenti	E non per il nome che portava, ché anzi quel nome a volte gli ricordava cose che avrebbe voluto dimenticare, ma perché Millieddu era diverso da Ninnu e da Defendenti
Fut diversu in totu, a cumenzai de sa figura	Era diverso in tutto, a cominciare dal fisico
Mentris is fradis, o po su colori ’e is pilus o de is ògus, e prus po su caràttiri tranquillu, ìanta tirau a sa mamma, Millieddu fut Luisicu pintu e lintu: niedduzzu, is ògus nieddus che sa pixi, allùtus che is de su babbu, no abarràt mai firmu, parìat una bardùfula	Mentre i fratelli, o per il colore dei capelli o degli occhi, e più per il carattere tranquillo, somigliavano alla mamma, Millieddu era Luisicu sputato: bruno, gli occhi neri come la pece, accesi come quelli del padre, non rimaneva mai fermo, sembrava una trottola
E no timìat a nudda, né a su mommoti, che is àturus pipìus, né a su scurìu, né a is temporadas	E non temeva nulla, né il babau, da piccolo, come gli altri bambini, né il buio né i temporali
Calisisìat cosa èssit cumbinau, nisciùnus arrennescìat a dd’acciappai	Qualsiasi cosa avesse combinato nessuno era capace di acciuffarlo
E issu, di attesu, cun d’unu brìnchidu, cun d’unu fueddu, cun d’unu scracàlliu ti fìat passai sa gana ’e ddu scudi	E lui, da lontano, con una piroetta, una parola, una risata, faceva passare la voglia di suonargliele
Bastàt però una castiàda ’e su babbu e torràt sùbitu un’angioni, tranquillu che is àturus	Bastava però uno sguardo del padre per farlo ridiventare un agnellino, tranquillo come gli altri
E fut bonu, de coru, che su pani	Ed era buono, d’animo, come il pane
Appenas Millieddu ìat tentu s’edadi, Sara dd’ìat fattu sa divisa ’e Balilla, e sa maista, forzis po arrespettu ’e su babbu, dd’ìat fattu portai il gagliardetto	Quando Millieddu aveva avuto l’età per indossarla, Sara gli aveva fatto la divisa da Balilla e la maestra, forse per un riguardo al padre, gli aveva fatto portare il gagliardetto
Candu dd’ìat bistu passendu, ananti a totus, senza ’e sballiai passu, a Luisicu si ddi fut abertu su coru: sordau, fut nàsciu sordau, cussu piccioccheddu	Quando l’aveva visto sfilare in testa ai suoi compagni, senza sbagliare il passo, a Luisicu si era aperto il cuore: soldato, era nato soldato quel bambino
Ma luegu una nui niedda ddi fut passàda ananti ’i ògus	Ma subito davanti ai suoi occhi era passata una nuvola nera
In su bintinoi, apusti de ses annus de promissas, Biddanoa fut ancora abettendu sa lux’elettrica, su bacinu e su campusantu nou	Nel ventinove, dopo sei anni di promesse, Biddanoa attendeva ancora la luce elettrica, il bacino e il camposanto nuovo
A Roma fut istétiu fattu il Concordato fra lo Stato italiano e la Chiesa Cattolica: risolta finalmente la questione romana, tappau definitivamente su giassu de Porta Pia, pace fatta fra su Papa e su Rei	A Roma era stato stipulato il Concordato fra lo Stato italiano e la Chiesa Cattolica Risolta finalmente la questione romana, chiusa definitivamente la breccia di Porta Pia, pace fatta tra il Papa ed il Re
E donniunu in domu sua	E ognuno in casa sua
Cun custu, ca sa domu ’e su papa fut diventada una zittadi, la Città del Vaticano	E la casa del Papa era diventata una città, la Città del Vaticano
Ma pòburu Luisicu, gei t’è costàda, a tui, custa paxi tra Stato e Chiesa	Ma povero Luisicu, quanto è costata, a te, questa pace fra Stato e Chiesa
T’ind’arregòdas de candu no solu no intràsta a crésia, ma ci furriàsta sa facci a s’àtara parti candu passàt su predi	Ricordi quando, non solo non entravi in chiesa, ma ti voltavi dall’altra parte se vedevi passare il prete
E sa castiàda lèggia ch’ìasta fattu a Sara candu t’ìat nau ch’ìat èssi bófiu battiai a Ninnu, candu fut nàsciu, mancai no féssis coiàus	E lo sguardo feroce che avevi rivolto a Sara quando aveva detto che le sarebbe piaciuto battezzare Ninnu, quando era nato, quantunque non foste sposati
E candu su predi, po Pasca Manna, andàt de domu in domu a benedixi e sartàt domu tua, ca tui dd’ìasta mandau a nai de passai derettu	E quando, per Pasqua, il prete andava di casa in casa per la benedizione e passava diritto davanti a casa tua perché tu gli avevi fatto sapere che così doveva fare
Ma tandu fusti, a modu tuu, mes’anarchicu, o creìasta di èssi, e immoi, ti pràxat o no, ses fascista	Ma allora eri mezzo anarchico, o credervi di esserlo, e adesso, ti piaccia o no, sei fascista
Cantu cosas t’at fattu vai cussa penzionedda chi t’anti donau is fascistas, e cantus ancora t’ind’at a fai vai	Quante cose t’ha fatto fare la pensioncina che t’hanno dato i fascisti, e quante te ne farà fare ancora
Deu creu ca sa dì chi su Centurioni t’ìat nau su chi t’ìat nau, si èssisti póziu dd’ìast’èssi agangau	Io credo che il giorno in cui il Centurione ti disse ciò che ti disse, tu, se avessi potuto, l’avresti strozzato
Po pagus minutus fusti torrau cuddu Luisicu chi una borta timìanta totus, candu s’inchietàda	Per qualche minuto eri ridiventato quel Luisicu che una volta tutti temevano, quando s’arrabbiava
Ma moi no ses prus tui	Ma adesso non sei più tu
Immoi dèpis aguantai	Adesso devi sopportare
Comenti si sìat, cuddu domìnigu ’e freàrgiu a crésia fùasta dépiu intrai	Comunque, quella domenica di febbraio in chiesa eri dovuto entrare
A ciccìa in conca, custu sì, e a passo di marcia, cumandendu sa squadra ’e sa Milizia armata con fucili novantuno, baionetta e gibernas bùidas, nò-dué nò-dué, e ordinendu su presentat-arm candu su predi ìat arziau s’óstia, e l’attenti cand’ìat intonau su Te Deum di ringraziamento per quell’accordo che aveva restituito Cristo all’Italia e l’Italia a Cristo	Col fez in testa, questo sì, e a passo di marcia, al comando della squadra della Milizia armata con fucili novantuno, baionetta e giberne vuote, nò-duè, nò-duè, e ordinando il Presentat-arm quando il prete aveva alzato l’ostia, e l’attenti quando aveva intonato il Te Deum di ringraziamento per quell’accordo che aveva restituito Cristo all’Italia e l’Italia a Cristo
(…su santu chi t’at criau…).	(…il santo che t’ha creato…).
No, no frastìmisti, Luisicu ses in crésia, e poi àturu che custu t’at a toccai a ingurti, camerata	No, non bestemmiare, Luisicu, sei in chiesa, e poi altro che questo ti toccherà mandar giù, camerata
È un tuo preciso dovere, crètas o no crètas in fatto di religione”.	È un tuo preciso dovere, che sia credente o no”.
“Eit’ìat a bolli nai, totu custu?”.	“E cosa vorrebbe dire tutto questo?”.
“Ca tui e Sara dovete contrarre anche il matrimonio religioso, ca si depeis isposai in crésia puru”.	“Che tu e Sara dovete contrarre il matrimonio religioso, cioè che dovete sposarvi anche in chiesa”.
“Comandante, custu no mi ddu dèpit nai, gei ddu scit ca deu a crésia no ddu andu, ca no creu nì in Déusu nì in santus	“Comandante, questo non me lo deve dire, sa bene che io in chiesa non ci vado, che non credo né in Dio né in Santi
E poi, oramai seu coiau, coiau in s’offìziu, apu fattu il matrimonio civile candu fua sardista	E poi oramai sono sposato in Municipio, dove ho fatto il matrimonio civile quando ero sardista
I a mei mi bàstada”.	E questo mi basta”.
“A mei no, e neppure al Console comandante la Legione, e mancu a su Segretariu Federali	“A me no, e neppure al Console comandante la Legione, e nemmeno al Segretario Federale
Candu mai il Caposquadra Luisicu, Vicecomandante di Reparto della M.V.S.N., l’eroico combattente ed “invalido” Luisicu (e cand’ìat nau “invalido” dd’ìat fattu una spézia di arrisixeddu) può venir meno ad un suo preciso dovere di fascista, che oggi è anche quello di essere, almeno formalmente, un buon cattolico	Quando mai il Caposquadra Luisicu, il Vice-comandante di Reparto della M.V.S.N., l’eroico combattente ed “invalido” Luisicu (e quando aveva detto invalido aveva fatto un sorrisetto acido) può venire meno ad un suo preciso dovere di fascista, che oggi è anche quello di essere, almeno formalmente, un buon cattolico
“Signorsì, ma deu m’indi ’essu de fascista, de capusquadra e de totu”.	“Signorsì, ma io mi cancello da fascista, da caposquadra e da tutto”.
“Comenti bòlis tui	“Come vuoi tu
(“O bruttu fill’’e bagassa, cun cussus pipìus puru ti dda ’òllis pigai, malladittu sìasta, tui e i cuddu corrudu chi ti cumàndada	(O brutto figlio di puttana, anche con quelle creature te la vuoi prendere, maledetto sia, tu e quel cornuto che ti comanda
Totu po cussa penzionedd’’e merda, gei seis arrenfacciendumidda ónnia dì, gei seis approffittendusindi in dónnia manera	Tutto per quella pensioncina di merda, in tutti i modi me la state rinfacciando, ogni giorno, ve ne state approfittando in ogni maniera
No s’ind’è bessìa mancu di ògus, sa penzioni mia, no fua imboscau, eu, comente calincunu	Non v’è uscita nemmeno dagli occhi, la mia pensione, non ero imboscato, io, come qualcuno
Mi dd’anti ’onàda poita mi toccàda, no è benìu a tui su mallecadùcu, o a i cuss’àturu strunzu de fill’’e unu ferreri, speigau dd’agàtinti	Me l’hanno data perché mi spettava, non è venuto a te il malecaduco, o a quell’altro stronzo del figlio di un fabbro, con i vermi lo trovino
Imboscau	Imboscato
S’at fattu unu scarràffiu cun i’ manus suas e totu e po issu sa guerra est acabàda apusti de tre’ mesis	Si è fatto un graffio con le sue stesse mani e per lui la guerra è finita dopo tre mesi
Caporale Mussolini, fillu de grandu bagassa	Caporale Mussolini, figlio di grande bagascia
Mancai dd’apai postu sull’attenti puru, callincuna ’orta, in callincunu logu	Forse l’avrò anche messo sull’attenti, qualche volta, in qualche luogo
E immoi mi fàit andai a crésia, a mi torrai a coiai, a m’ingenugai ananti de cuss’àturu bentrùxu ’e su predi	E adesso mi fa andare in chiesa, a sposarmi un’altra volta, a inginocchiarmi davanti a quell’avvoltoio di un prete
brutt’arrogh’’e merda!”).	brutto pezzo di merda!).
Su Cumandanti ìat lìggiu in su penzamentu ’e Luisicu ma no ìat nau nudda, timendu chi a su vicecomandante dd’èssit benìu un’attaccu de malecadùcu	Il Comandante forse aveva letto nel pensiero di Luisicu ma non aveva detto altro, nel timore che al suo vice-comandante venisse un attacco di epilessia
Ma luegu ìat sighìu:	Ma subito aveva ripreso:
“Capisco ca po unu comente tui, chi at tentu sèmpiri certas ideas, custas funti cosas malas a cumprendi	“Capisco che per uno come te, che ha avuto sempre certe idee, queste son cose difficili da capire
E no t’inchietis poita ti depu nai ancora un’àtara cosittedda…”.	E non t’arrabbiare perché devo dirti ancora un’altra cosetta…”.
“Ìat èssi?”.	“Sarebbe?”.
“Po ti podi sposai in crésia ti depis cunfessai e cuminigai”.	“Per poterti sposare in chiesa prima ti devi confessare e comunicare”.
“Innàntisi mi ’ócciu”.	“Prima mi ammazzo”.
Invecis, tra un frastimu e un’àturu, a càbudu ’e cena, ìat dépiu imparai giai totu su catechismu, cun Sara po maista: is dexi cumandamentus, i sette vizi capitali, le opere di misericordia e àtaras cosas chi no ci ddi bolìant intrai in conca	Invece tra una bestemmia e l’altra, dopo cena, aveva dovuto imparare tutto il catechismo, con Sara per maestra: i dieci comandamenti, i setti vizi capitali, le opere di misericordia corporale e altre cose che non volevano entrargli in testa
E una dì si fut agatau ingenugau ananti ’e su predi fascista, in sagrestia:	E un giorno si era trovato inginocchiato davanti al prete fascista, in sagrestia:
“Faidì su signali de sa Santa Gruxi”.	“Fatti il segno della Santa Croce”.
(De candu no ti fìasta prus sa gruxi, Luisicu?).	(Da quando non ti facevi più la croce, Luisicu?).
“De cantu tempus ses senza ’e ti cunfessai?”.	“Da quanto tempo non ti confessi?”.
“Trint’annus e passa, de candu m’anti cunfrimau”.	“Trent’anni e passa, da quando mi hanno cresimato”.
“Ti dd’as fattu s’esàmini ’e cusciénzia?”.	“Hai fatto l’esame di coscienza?”.
“Sissi, sissi”.	“Sì, sì”.
“Duncas, naramì cali peccaus as cummìttiu de s’ùrtima borta chi ti ses cunfessau”.	“Dunque, dimmi quali peccati hai commesso dall’ultima volta che ti sei confessato”.
“Tótusu	“Tutti
Apu ’occìu, apu furau, apu frastimau a Deus i a santus, apu nau fràullas, seu andau a casinu, seu andau cun dónni arrazza ’e bagassas, feminas i óminis”.	Ho ammazzato, ho rubato, ho bestemmiato Dio e i Santi, ho mentito, sono andato in casino, sono andato con ogni razza di puttane, femmine e uomini”.
“Ma tandu ses cunfessendu di ai peccau anche contro natura”.	“Ma tu mi stai confessando di aver peccato contro natura!”.
“E nerididdi aici”.	“E lo chiami così”.
“As cummìttiu àturus peccaus	“Hai commesso altri peccati
Circa de fai memoria”.	Cerca di ricordarti”.
“Ascùrtidi: deu no seu cuendiddi nudda, dd’apu nau ca in sa lista mia is peccàusu ddui funti totus, totu is chi pòdit cummitti un’ómini chi at connotu fàmini e miseria i at fattu annus i annus de guerra	“Ascolti: io non le sto nascondendo nulla, le ho detto che nella mia lista i peccati ci sono tutti, tutti quelli che ha potuto commettere un uomo come me, che ha conosciuto fame e miseria ed ha fatto anni ed anni di guerra
Unu però ’nd’ammàncat, de peccau, unu sceti: no apu mai mancau di arrespettu a babbu i a mamma, candu fùanta bius	Uno, però, ne manca, di peccato, uno solo: non ho mai mancato di rispetto a mio padre e a mia madre, quando erano vivi
Chi ddi bàstat, beni, chindighinò m’indi pesu e i m’ind’andu”.	Se le basta così, bene, diversamente mi alzo e me ne vado”.
Su predi, mancai no fèssit biddanoesu, connoscìat sa nomenàda ’e Luisicu, e iscìat ca fut capassu de ddu fai diadéru	Il prete, quantunque non fosse biddanoese, conosceva Luisicu e sapeva che sarebbe stato capace di fare ciò che aveva detto
Po cussu no dd’ìat fattu àtaras pregontas	Perciò non gli aveva fatto altre domande
“Nara s’attu de cuntrizioni”.	“Recita l’atto di contrizione”.
Luisicu ìat abbrebulàu calincuna cosa a truncu ’e lingua: de s’attu ’e cuntrizioni no s’ind’arregordàt prus	Luisicu aveva borbottato qualcosa fra i denti: dell’atto di contrizione non se ne ricordava proprio
Su predi s’indi fut accatau ma no ìat nau nudda	Il prete se n’era accorto ma era stato zitto
“Po peniténzia nara tres Babbunostus, tres Avemarias e tres Gloria patris”.	“Per penitenza recita tre Paternostri, tre Avemarie, e tre Gloriapatri”.
E po no si fai frigai ddas ìat arrasàdas issu puru, impari cun su penitenti	E per non farsi fregare li aveva recitati anche lui assieme al penitente
Poi ìat arziau sa manu e dd’ìat fattu sa gruxi:	Poi aveva alzato la mano in un segno di croce:
“Ego te absolvo, in nomine Patris…”.	“Ego te absolvo in nomine Patris…”.
Luisicu s’indi fut pesau e ci fut bessìu ’e crésia comente chi èssit portau is carabineris infattu	Luisicu si era alzato ed era uscito di chiesa quasi di corsa, come se avesse i carabinieri alle calcagna
Però no fut beru ca a sa lista de is peccàus suus ’ndi mancàt unu sceti: ’ndi mancànta dus: unu fut su chi no ìat cummittiu, s’àturu unu chi no ìat cunfessau	Però non è vero che alla lista dei suoi peccati ne mancava uno solo: ne mancavano due: uno quello che non aveva commesso, l’altro quello che non aveva confessato
E su de dus fut unu peccau chi forzis Luisicu ìat fattu beni a no cunfessai, poita si dd’èssit fattu su predi no dd’ìat èssi donau s’assoluzioni	Ed il secondo era un peccato che Luisicu forse aveva fatto bene a non confessare, perché se l’avesse fatto il prete non gli avrebbe dato l’assoluzione
Dd’ìat èssi nau:	Gli avrebbe detto:
“Questo è sacrilegio, non ti pozu donai s’assoluzioni, prima ’ndi depu informai a sua Eccellenza l’Arcivescovo”.	“Questo è sacrilegio, non posso darti l’assoluzione, prima devo informarne Sua Eccellenza l’Arcivescovo”.
Ma deu creu ca sa storia de custu “sacrilegio” dd’èssit iscìpia su predi puru, dda scìat totu sa bidda	Ma io credo che la storia di questo sacrilegio la conoscesse anche il prete, dato che lo sapeva tutto il paese
Però su predi scìat puru ca si Luisicu s’ind’èssit andau prima di acabai sa cunfessioni, in crésia no ddu ìat èssi torrau a intrai prus	Però il prete sapeva pure che, se Luisicu fosse andato via prima di terminare la confessione, in chiesa non si sarebbe fatto più vedere
E issu, su predi, speràda di riportare all’ovile la pecorella smarrita, mancai la pecorella fèssit piuttosto aresti	E lui, il prete, sperava di riportare all’ovile la pecorella smarrita, sebbene la pecorella fosse piuttosto riottosa
Su “sacrilegio” fut custu: tempus prima Luisicu fut ischissiendusì a dolori ’e déntis	Il “sacrilegio” era questo: tempo addietro Luisicu stava diventando pazzo per un mal di denti
Ìat provau ónnia cosa, fumu, aquardenti, una perda ’e sali: nudda	Aveva provato ogni rimedio, fumo, acquavite, una pietra di sale, nulla
Apusti ’e tres dis, candu no ’nd’ìat póziu prus, fut andau accantu ’e su dottori	Dopo tre giorni, quando non ne poteva proprio più, era andato dal medico
Su dottori innanti ’ndi dd’ìat tirau unu casciali sanu, agoa dd’ìat fattu a arrògus su chi ddi ’olìat, ma senza ’e ci podi arrennèsci a s’indi ddu tirai di arrexìnis	Il medico prima gli aveva tolto un dente sano, poi gli aveva sbriciolato quello che gli doleva, ma senza riuscire a toglierglielo dalle radici
Luisicu si fut fuìu corrinendu che unu malloru, fut torrau a domu e ind’ìat istracciau de conca ’e su lettu su cuadru de Nostra Signora ’e Bonària	Luisicu era fuggito dall’ambulatorio muggendo come un toro, era tornato a casa ed era entrato come una furia in camera da letto strappando dal capezzale il quadro della Madonna di Bonaria
Poi ci fut bessìu a prazza, e cun d’una seguredda, frastimendu che unu dimóniu, ìat fattu a pizziàllas a Nostra Signora, a su Bambineddu chi portàda in brazzus, imbirdu e guarnissa	Poi era uscito in cortile e con una scure, bestemmiando come un demonio, aveva fatto in mille pezzi Nostra Signora, il Bambino che portava in braccio, vetro e cornice
Pàrit chi su dolori dd’èssit passau in truncu	Sembra che il mal di denti gli fosse cessato di colpo
A mei mi dispràxit de no si podi contai a fin’a fini sa storia del matrimonio religioso de Luisicu: in crésia no ddui fui	A me dispiace di non potervi raccontare per filo e per segno la storia del matrimonio religioso di Luisicu: in chiesa non c’ero
E mancu s’abbolottu ch’ìanta fattu is tres piccioccheddus candu ddus ìanta battiàus, unu infattu ’e s’àturu, su mengianu e totu, apusti de su sposalìziu: su portali ’e crésia fut serrau	E nemmeno dirvi del chiasso che avevano fatto i tre ragazzini quando li avevano battezzati, uno dopo l’altro, subito dopo il matrimonio: il portale della chiesa era sprangato
E fut serrau poita aici ìat bófiu Luisicu, e su predi si fut dépiu arrendi, sèmpiri po cudda chistioni della pecorella smarrita	Ed era sprangato perché così aveva voluto Luisicu, ed il prete si era dovuto arrendere, sempre per quella questione della pecorella smarrita
In prus Luisicu ìat preténdiu chi sposaliziu e battiàris s’èssint fattus totus a una borta, a intru ’e cida, e prima de s’obrescidróxu, candu fut ancora scurìu; chi gopai Nicola e gomai Daniella èssinti fattu de testimòngius a su sposaliziu e de pardinus a tot’a is tres piccioccheddus chi in crésia no èssit intrau nisciùnus, a infòras de su predi e de su sagrestanu, de issu de Sara e de is piccioccheddus, e de gopai e gomai, e chi su portali ’e crésia, finzas a acabai totu, fèssit abarrau serrau a crai de parti ’i aintru	Inoltre Luisicu aveva preteso che matrimonio e battesimo venissero celebrati contemporaneamente, in un giorno feriale e prima dell’alba, quando ancora era buio, che compare Nicola e comare Daniella facessero da testimoni allo sposalizio e da padrini a tutti e tre i ragazzi: che in chiesa non entrasse nessuno all’infuori del prete e del sagrestano, di lui, Luisicu, di Sara e dei ragazzi, di compare e comare E che il portale, fino al termine di ogni cosa, rimanesse sprangato dall’interno
“E l’organo, chini ddu sònat?” – ìat azzardau su predi	“E l’organo, chi lo suona?” aveva azzardato il prete
“No bòllu nì sònusu nì sonettus”.	“Non voglio né suoni né suonetti”.
(E tra se’e sei: “Is còstas, ti sòninti”).	(E tra sé e sé: “Le costole, ti suonino”).
Ma calincunu, chini scit comenti, ìat iscìpiu su chi si depìat fai a crésia serràda in cussa gióbia ’e marzu, a cuss’ora, e si fut postu a iscurtai de parti ’e foras	Ma qualcuno, chissà come, aveva saputo ciò che si sarebbe dovuto fare prima dell’alba nella chiesa chiusa, quel giovedì di marzo, e si era messo in ascolto dal di fuori
“A innanti su predi dèpit ai nau sa missa – ìat contau, apustis – missa arrasàda, sonu ’i ògrunus no s’ind’at inténdiu	“Prima il prete deve aver detto la messa – aveva raccontato in seguito – messa piana, organo non se n’è sentito
A mesu missa, comenti si fàidi, ddusu dèpit ai sposaus Prima s’est inténdiu Luisicu scrariendusì sa ’oxi e murrungendu calincuna cosa, apustis una spézia ’e scràmiu chi m’è parta sa ’oxi ’e Sara nendu ‘sì’.	Dopo la messa, deve averli sposati, si è sentito Luisicu schiarirsi la voce e brontolare qualcosa, poi una specie di miagolìo, doveva essere Sara che diceva sì
Po mes’ora e prus no s’at inténdiu nudda, depìant èssi in sagrestia per l’atto di matrimonio	Per oltre mezz’ora non si è sentito nulla, forse erano entrati in sagrestia per l’atto di matrimonio
Poi passus in mesu crésia, parìat una prucissioni: fùant accostiendusì a sa fonti battesimali	Poi rumore di passi in mezzo alla chiesa, sembrava una processione: stavano avvicinandosi al fonte battesimale
Tot’in d’una s’est inténdiu unu de is piccioccheddus, prima arriendu a iscraccàllius, poi scribilliéndu: ‘Ih	All’improvviso si sente uno dei ragazzi, prima ridere a crepapelle, poi strillare: ‘Ih, Ih
Ih Babbai, su predi è fendumì su chilli-chilli!’. A mei m’è partu Millieddu, su segundu, cussu chi pònit su fogu a s’erba birdi	Ih Babbo, il prete mi sta facendo il solletico!’. A me è sembrato Millieddu, il secondo, quello che mette fuoco all’erba verde
E Millieddu, comenti fàit sèmpiri, dèpit ai fatt’arrìri is àturu’ dus puru, poita sùbitu si funt inténdius tot’a is tres arriendu che maccus	E Millieddu, come fa sempre, deve aver fatto ridere anche gli altri, perché subito si sono sentiti tutti e tre ridere come matti
Pah!, tres iscarigàdas	Pah Tre schiaffi
A Luisicu si bit ca cuss’alligrìa no dd’andàda	A Luisicu si vede che quell’allegria non andava
Po unu pagheddu totu citìu, poi ancora sa ’oxi ’e Millieddu:	Per un po’, silenzio Poi di nuovo la voce di Millieddu:
M’at postu una perd’’e salli in bucca, e deu dda creìa un’amentina	Mi ha messo una pietra di sale in bocca e io la credevo una mentina
M’at collunau!’.	Mi ha imbrogliato!’.
Su portali dd’ant abertu a is ses passàdas, fut ispanighendu	Il portale l’hanno aperto alle sei passate, stava albeggiando
Luisicu ’nd’è bessìu innanti ’e totus, a conca bàscia, incillìu	Luisicu è uscito davanti a tutti, a testa bassa, aggrondato
Sara infattu, e si bìat ca fut prexàda	Sara dietro, e si vedeva che era contenta
E poi gopai e gomai, e is piccioccheddus, chi ’ndi funti stuppaus currendu	E poi compare e comare, e i ragazzi, che sono sbucati fuori correndo
Fìat frìus, a intru ’e notti ìat ghettau cilixìa, in is fossus prenus di aqua de prazza ’e crésia fut grussa du’ didus	Faceva freddo, la notte era stata gelida e nelle pozzanghere del piazzale della chiesa il ghiaccio era spesso due dita
Millieddu at cumenzau a dda segai cun d’unu crastu, unu fossu infattu ’e s’àturu	Millieddu con una pietra ha cominciato a romperlo, un pezzo dopo l’altro
Candu s’est arrósciu ci at fuliàu su crastu, e currendu at sighìu is fradis	Quando s’è stancato ha buttato la pietra ed ha raggiunto i fratelli, correndo
Accanta ’e domu s’è postu a cantai	Vicino a casa si è messo a cantare
Sa lux’elettrica dd’ìanta posta apusti de trint’annus, su bacinu (ch’immoi ddi narànta “sa diga”) pagu tempus apustis	La luce elettrica era arrivata dopo trent’anni, il bacino, (che adesso si chiamava “diga”) alcuni anni dopo
Ma no fut serbìu a nudda poita, appena ultimato l’invaso, sa diga si fut ispaccàda e s’aqua ci fut bessìa	Ma non era servito a nulla, perché, appena ultimato l’invaso, la diga si era spaccata e l’acqua era venuta fuori
Custas duas operas, però, no intrànta nel miliardo di Gandolfo e mancu nelle opere del regime fascista	Queste due opere, però, non avevano a che fare col miliardo di Gandolfo, e nemmeno con le altre opere del regime fascista
Ddas ìat fattas un altro regime, su chi fut benìu dopo il fascismo, su de immoi	Le aveva realizzate un altro regime, quello subentrato al fascismo, l’attuale
In su trinta, però, un’àtara de is operas de Gandolfo dd’ìanta fatta diadéru: su campusantu nou, e isciéis e innui: a manu ’e manca de su stradoni, arziendu ’e cantonera, prima di arribai a sa funtana ’e Ziu Marras, a unu chilometru de Cuccuru ’e Callia, s’intràda ’e bidda	Nel trenta, però, un’altra delle opere di Gandolfo era stata realizzata: il camposanto nuovo, e sapete dove: a sinistra dello stradone salendo dalla cantoniera, prima di arrivare alla fontana di Ziu Marras, a un chilometro da Cuccuru ’e Callia, l’entrata del paese
Fut unu bellu logu, e a is mortus ddis praxìat	Era un bel posto, e ai morti piaceva
Bellus is quattru murus a ingìriu, biancus che sa camisa lìmpia ’e su domìnigu, biancus e friscus che is carzonis di arròda de linu fini, chi su domìnigu si ponìanta po andai a crésia, candu fùanta bius	Belli i quattro muri di cinta, bianchi come la camicia pulita della domenica, bianchi e freschi come i calzoni “a ruota” di lino del costume, che la domenica i vecchi indossavano per andare a messa, quando erano vivi
Is mortus istànta mellus immoi ca fùanta mortus, in custu bellu campusantu nou, chi no candu fùanta bius	I morti stavano meglio adesso che erano morti, in questo bel camposanto nuovo, che quando erano vivi
In custu bellu campusantu nou is mortus fùant appasiàus, stendiàus a s’umbra de cuddas bellas matas furisteras ch’ìanta prantau giai mannas	In questo bel camposanto nuovo i morti riposavano davvero in pace, sereni, distesi all’ombra di quelle belle piante forestiere che erano state piantate già alte
Di asutta ’e is matas bìanta totu su Stuppara, in bàsciu, comenti ddu bìanta de Cuccuru ’e Callia, candu fùanta bius	Distesi nell’ombra, vedevano Stuppara, in basso, come la vedevano da Cuccuru ’e Callia, quando erano vivi
In màiu, candu su trigu fut artu, Stuppara parìat un’arei birdi chi si movìat cambiendu colori candu tiràt bentu	In maggio, quando il grano era alto, Stuppara sembrava un gregge verde, che si muoveva cambiando colore quando tirava vento
E is mortus abettànta su mesi ’e làmpadas chi fìat s’arei ’e su trigu colori ’i òru, e su bentu estu chi fìat ingraniri sa spiga	E i morti attendevano giugno che rende il gregge di grano color d’oro, e il venticello che fa maturare le spighe
E candu sa spiga fut ingranìa e su soli cumenzàt a callentai, is mortus, istendiàus a s’umbra, abettànta chi ananti de cuddu bellu campusantu nou èssinti passaus is primus messadoris	E quando le spighe erano mature e il sole diventava più caldo, i morti, distesi nell’ombra, attendevano che davanti al loro bel camposanto passassero i primi mietitori
A chizzi, candu ddus intendìanta passendu, pesànta appenas sa conca e ddis ponìant infattu, ma senza ’e si movi, comenti fàinti is mortus	All’alba, quando li sentivano passare, sollevavano appena la testa e si univano a loro, ma senza muoversi, come fanno i morti
Appenas s’incraràt su soli de palas de Santa Ittória, is messadoris fùanta giai ananti ’e sa messi, e is mortus, istendiàus in s’umbra, gioghittànta cun sa luxi de is azzas brilliantis de is fràcis, arrodàdas sa dì innanti	Appena s’affacciava il sole da Santa ’Ittória, i mietitori erano già davanti alle messi, e i morti distesi nell’ombra giocherellavano col riflesso delle falci, affilate il giorno innanzi
Candu su soli fut artu, sa fràci in manus de is messadoris si fìat prus grai e si movìat prus a bellu	Quando il sole era alto, la falce in mano ai mietitori si faceva pesante e si muoveva più lenta
A mesudì is messadoris, fadiàus, si firmànta e si sezzìant a s’umbra ’e una cresura: ma su pani fut tostau, su casu fut pagu e s’aqua in su broccollittu fut callenti	A mezzogiorno i mietitori, stanchi, sostavano all’ombra di un cespuglio: ma il pane era duro, il formaggio scarso, e l’acqua nelle brocche era calda
E su coru nieddu che su trigu abbruvurau	E il cuore era nero, come le spighe malate
E candu contoniànta, a mericeddu, calincunu no ci dda fìat a camminai a su passu ’e is àturus	Quando i mietitori rientravano, al tramonto, qualcuno non riusciva a tenere il passo dei compagni
Malària	Malaria
A su scorigadróxu, candu is messadoris torrànt a passai ananti ’e campusantu, is mortus fùanta pighendusì su friscu, abettendu sa luna	E quando all’imbrunire ripassavano davanti al camposanto nuovo, i morti stavano godendosi il fresco, aspettando la luna
Intendìant is pàssus in sa giarra ’e su stradoni e su passu de cuddu chi fut abarrau a agoa	Udivano i passi nella ghiaia dello stradone ed il passo del mietitore che veniva dietro
E a is mortus indi ddis parìat mali, de is messadoris	I morti avevano compassione dei mietitori
Candu c’intràt sa luna is mortus cumenzànta a abettai, a de dì, a de notti, su tempus po issus no contàda: abettànta chi is messadoris puru, a sa fini, fèssinti benìus a si pasiai impari cun issus a s’umbra ’e custas matas, in custu bellu campusantu nou	Quando tramontava la luna i morti cominciavano ad attendere, di giorno, di notte, il tempo non contava: attendevano che anche i mietitori, alla fine, venissero a riposarsi insieme a loro, all’ombra di queste piante, in questo bel camposanto nuovo
In Is Arrìus, arrìus ddui ’nd’ìat tres, ma dus prus chi arrìus fùanta coras	In Is Arrius i torrenti erano tre, ma due più che torrenti erano ruscelli
In su de tres, un’arriixeddu chi però no si siccàda mancu in s’istadi, ddui fut su molinu ’e Billòi	Nel terzo, un torrentello che però scorreva anche d’estate, c’era il mulino di Billoi
Billòi, comente calincun’àturu in bidda, bestìat ancora a sa sarda, cun is pantalonis biancus de linu, is càrzas nieddas a istaffa, sa giacchetta di orbaci nieddu e sa berritta piticheddedda chi ddi pendìat a una parti ’e sa facci e dd’arribàt appenas a pizzu ’e coddu	Billoi, come qualche altro in paese, portava ancora il costume, con i pantaloni bianchi di lino, i borzacchini neri, d’orbace come la giacca e la berritta, che lui portava corta, gli pendeva da un lato della testa e gli arrivava appena alla spalla
Billòi ìat fattu sèmpiri su molinàrgiu, che su babbu, de candu fut piticu, e immoi fut colori ’e farra, parìat fattu ’e farra	Billoi aveva fatto il mugnaio da sempre, come il padre, e adesso era colore di farina, sembrava fatto di farina
Is manus lisas, biancas, moddis, parìanta fattas cun su prùini ’e sa farra chi si pesàt de sa mola	Le mani lisce, bianche, molli, sembravano fatte con la polvere della farina che si alzava dalla macina in movimento
Sa mola furriàt dì e notti aintru ’e sa domixedda bàscia, cun s’arròda a su costau chi si bìat de parti ’i aìntru	La macina girava giorno e notte nella casetta bassa con la ruota del mulino a fianco, la ruota si vedeva anche dall’interno della casetta
De farra Billoi portàt finz’e cillus e pabarìstas	Di farina Billoi aveva anche ciglia e sopracciglia
A Billoi ddi donàt fastìdiu dónni àturu sonu chi no fèssit su de s’àqua e su de sa mola	A Billoi dava fastidio ogni altro rumore che non fosse quello dell’acqua e della macina
Billoi molìat su trigu de chini no tenìat mola né molenti, o non bolìat tenni né s’una né s’àturu	Billoi macinava il grano di chi, in casa, non aveva né macina né somaro o non voleva tenere né l’una né l’altro
Andàda in is domus de is fittianus cun d’unu o dus saccus bùidus, prenìat mesu saccu ’e trigu, dd’accappiàda in punta, poi parzìat su trigu metadi in su culu ’e su saccu e metadi in punta, ddu trottoxàda, e indi fìat comente una bértula chi s’attuàt a coddu	Andava nelle case dei clienti con uno o due sacchi vuoti, riempiva di grano metà del sacco, lo legava in cima, poi divideva il grano per metà nel culo del sacco e per metà in punta, lo attorcigliava in modo da formare una specie di bisaccia e se lo caricava sulle spalle
Si is saccus fùanta dus ddus ponìat unu in pizzu de s’àturu, Billoi fut forti	Se i sacchi erano due li metteva uno sull’altro, Billoi era forte
Sa própiu cosa fìat candu portàt su molìngiu	La stessa operazione ripeteva col grano macinato, quando lo riportava al cliente
Billoi andàt e torràt totu sa dì, cun trigu o cun molìngiu, e a su notti, apusti cena, andàt a moli, scaucciu	Billoi andava e tornava tutto il giorno con grano e con farina e di notte, dopo cena, tornava al suo lavoro nel mulino, scarico
Torràt a domu cand’ìat accabau, a bòrtas a de dì, a bòrtas a de notti, po issu fut su própiu, Billoi fut zurpu	Rientrava a casa per riposare un po’ quando aveva finito, a volte di giorno, a volte di notte, per lui non faceva differenza, Billoi era cieco
Portàt unu mazzuccu ’i ollastu, longu e fini che unu strùmbulu, e mancai èssit connotu, comente chi ddas èssit bistas, is istradas de bidda, sa de Is Arrìus e su mori, a bòrtas si firmàda, e prima de sighìri a andai toccàda in terra ananti suu, cun su mazzuccu: giai sèmpiri in mesu camminu ddu ìat calincuna cosa, una perda o àturu, chi dd’ìat èssi fattu arrùi	Portava un bastone d’olivastro lungo e fino come un pungolo, e quantunque conoscesse come se le vedesse le strade del paese, quella de Is Arrius e il sentiero, a volte si fermava di botto, e prima di proseguire tastava davanti a sé col bastone: quasi sempre davanti a lui c’era un ostacolo, un sasso, un ramo o qualcosa che avrebbe potuto farlo cadere
Sa notti chi in mesu su mori ìat agatau su mortu, Billoi ìat acabau ’e moli chi podìant èssi is tres	Quella notte che in mezzo al sentiero aveva trovato il morto, Billoi aveva finito di macinare verso le tre
Ìat insaccau sa farra e si fut incamminau po torrai a bidda: si ’olìat corcai unu pagheddu in su lettu, nottesta, tenìat unu dolori a is arrìgus e sa stòia ddi parìat troppu tostàda	Aveva insaccato la farina e si era incamminato per tornare a casa: voleva riposare un po’ nel letto, stanotte, aveva mal di reni e la stuoia gli sembrava troppo dura
Passendu in su mori ddi fut partu chi ddu èssit calincuna cosa in terra: ìat toccau cun su mazzuccu, ma no ìat cumpréndiu eita fudi	Passando nel sentiero aveva avuto la sensazione che per terra vi fosse un ostacolo: aveva tastato col bastone e aveva sentito qualcosa, ma non capiva di che si trattasse
Tandu si fut incrubau e ìat toccau cun sa manu: una crapitta, un’àtara, is càmbas: s’ómini depìat èssi sézziu in terra, imbarau a su muru o a una cresura, is cambas de truessu in mesu su mori: un’imbriagu, ìat penzau Billoi, immoi ’ndi ddu scidu	Allora si era inchinato ed aveva allungato la mano: una scarpa, un’altra, le gambe L’uomo doveva essere seduto per terra, appoggiato al muro o ad un cespuglio, le gambe di traverso nel sentiero: un ubriaco, aveva pensato Billoi, adesso lo sveglio
Cun is manus, apusti de is cambas ìat toccau sa giacchetta: infusta	Con le mani, dopo le gambe, aveva toccato la giacca: bagnata
Di ògus, t’ind’è bessìu, su ’inu, imbriagoni	Dagli occhi t’è uscito, il vino, ubriacone
Immoi ddu pigu a iscarigàdas	Adesso lo prendo a schiaffi
Ma candu dd’ìat toccau sa facci, infusta issa puru, Billoi ìat cumpréndiu ca fut sànguni, depìat èssi totu insanguentau	Ma quando gli aveva toccato la faccia, bagnata anch’essa, Billoi aveva capito che era sangue, doveva avere la faccia insanguinata, il poveretto
Po biri si fut mortu ìat circau de ddi ponni sa manu in su coru, ma ìat agatau prima un’arrosàriu, poi ìat toccau una cosa frida, de ferru: un’arrivortella	Per accertarsi se fosse morto aveva cercato di sentirgli il cuore, ma la mano aveva incontrato prima un rosario, poi una cosa fredda, di ferro: una rivoltella
S’è boccìu, poboritteddu	Si è ucciso, poverino
Billoi fut nàsciu zurpu, connoscìat sa genti a sa ’oxi, no podìat connosci custu mortu tocchendiddu cun is manus	Billoi era nato cieco, conosceva le persone dalla voce, non poteva riconoscere questo morto toccandolo con le mani
Calmu, Billoi fut andau a caserma e fut torrau cun is carabineris	Calmo, Billoi era andato in caserma ed era ritornato con i carabinieri
Candu dd’ìanta nau chini fut su mortu, no ddui ’olìat crei	Quando i carabinieri gli avevano detto chi era il morto era rimasto sbalordito
S’indi fut istesiau, s’ind’ìat bogau s’arrosàriu ’e busciacca, e si fut ingenugau	Si era allontanato, si era tolto il rosario da tasca e si era inginocchiato
Preghendu movìat appena is lavras de farina	Pregando muoveva appena le labbra di farina
Su mortu fut Su Maistu	Il morto era Su Maistu
Biddanoa, candu dd’ìat iscìpiu, fut abarràda comenti atturdìa	Biddanoa, quando lo aveva saputo, era rimasta sbigottita
De Lanusei, de Nuoru e de Isili fut benìa totu sa Giustizia per i rilievi e gli adempimenti di legge	Da Lanusei, da Nuoro e da Isili era venuta la Giustizia per i rilievi e gli adempimenti di legge
Cosa lestra, si trattava indubbiamente di suicidio: un colpo di rivoltella calibro , sparato a bruciapelo appoggiando l’arma alla tempia destra	Accertamenti rapidi, si trattava indubbiamente di suicidio: un colpo di rivoltella calibro , sparato a bruciapelo appoggiando l’arma alla tempia destra
Il medico legale ìat nau ca sa morti doveva essere stata istantanea	Il medico legale aveva detto che la morte doveva essere stata istantanea
no si fut biu nisciunus	non si era visto nessuno
A biri su mortu ddui fut andàda totu sa bidda, ma sa mulleri ’e Su Maistu no si fut móvia ’e domu	A vedere il morto era andato tutto il paese, ma la moglie di Su Maistu non si era mossa da casa
A merì, candu dd’ìanta consegnato il cadavere, no dd’ìat mancu toccau, no dd’ìat calau una làmbriga	La sera, quando le era stato restituito il cadavere, non l’aveva nemmeno sfiorato con la mano, non aveva versato una lagrima
Frida che sa nì	Fredda come la neve
Su própiu is fillus, chi fùanta benìus de Casteddu in automobili, cun su baùlu bell’e prontu, comporau fattu	Così anche i figli studenti, che erano venuti da Cagliari con la cassa da morto, pronta
Fut una bregùngia, cussu mortu, po una famìlia che cussa, chi creìat di èssi sa prima ’e Biddanoa, sa prus istruìa, sa prus zivili, sa prima ch’ìat fattu intrai in Biddanoa s’idea ch’immoi fut s’idea de totu s’Italia	Era una vergogna, quel morto, per una famiglia che credeva di essere la prima di Biddanoa, la più “civile”, quella che aveva introdotto in Biddanoa “l’Idea”, l’Idea che adesso era di tutta l’Italia
E bregùngia prus manna ìat èssi stétiu apustis, candu sa genti ìat èssi scìpiu poita Su Maistu si fut boccìu	E vergogna ancora maggiore sarebbe risultata in seguito, quando si sarebbe conosciuta la causa del suicidio di Su Maistu
Forzis fut po cussu puru chi dd’ìant interrau in pressi, sa dì e totu a su scorigadróxu, a fura, casi, senza ’e predi e senza di accumpangiamentu, ca parentis in bidda Su Maistu no ’ndi tenìat, e a calincunu ch’ìat èssi tentu s’idea di andai a s’interru, sa famìlia ìat fattu sciri che il seppellimento sarebbe stata una cerimonia strettamente familiare	Forse era stato questo il motivo per cui l’avevano seppellito in tutta fretta, lo stesso giorno, al tramonto, quasi di nascosto, senza prete e senza che nessuno seguisse il funerale perché Su Maistu in paese non aveva parenti, e la famiglia aveva fatto sapere che il seppellimento sarebbe stata una cerimonia strettamente familiare
Ìanta fattu un’eccezione, però: ìanta zerriau a Luisicu, chi fut su vicecomandante de sa Milizia, candu Su Maistu fut biu	Avevano fatto un’eccezione, però: avevano chiamato Luisicu, che era il vicecomandante della Milizia, quando Su Maistu era vivo
Ma su motivu fut un’àturu: po ci portai su mortu a campusantu ci ’olìanta quattr’óminis: is dus fillus, s’interramòrtus e s’àturu “Luisicu”, ìat nau Sa Maista, movendu appena sa bucca	Ma il vero motivo era un altro: per portare la salma al cimitero occorrevano quattro persone: i due figli, il becchino e l’altro “Luisicu” aveva detto Sa Maista, muovendo appena le labbra
Senza ’e predi ci dd’ìanta portau a campusantu, cun sa mulleri infattu, ogus a terra, e dd’ìant interrau in d’unu corrazzu a peis de su muru ’i ananti, in terra non consacrata	Senza prete Su Maistu era stato portato in cimitero, la moglie dietro con gli occhi bassi, e l’avevano seppellito ai piedi del muro di facciata, in terra non consacrata
De ingùnis Su Maistu no ìat èssi póziu biri nemmeno il paesaggio, chi cussu merì, però, no fut cosa ’e biri, cun Santa Ittória piccigau a s’óru ’e su celu colori ’e sànguni siccau, Flumindosa chi parìat de pixi scallàda, e s’arrùliu ’e unu cani, aillargu	Da quel punto Su Maistu non avrebbe potuto vedere nemmeno il paesaggio, che quella sera, però, non era da vedere, con Santa ’Ittória incollato ai bordi del cielo colore di sangue secco, Flumendosa che sembrava di pece fusa e l’ululato di un cane, lontano
Interrau su mortu, mulleri e fillus ìanta ringraziau a Luisicu e ci fùanta torraus a domu, a sa domu noa chi s’ìat fattu Su Maistu, acabàda de pagus mesis, e innì si fùanta comente interraus issus puru, e po tres dis no ddus ìat bistus nisciùnus	Seppellito il morto, moglie e figli avevano ringraziato Luisicu ed erano tornati a casa, nella casa nuova fatta costruire da Su Maistu, ultimata da pochi mesi, e lì si erano come seppelliti anch’essi e per tre giorni nessuno li aveva visti
Poita si fut boccìu, Su Maistu	Perché Su Maistu si era ucciso
Donniunu, a iscusi, naràt su chi penzàda, però sa beridadi ancora dda scìanta pagus	Ognuno, sottovoce, faceva le sue supposizioni, ma la verità per il momento era conosciuta da pochi
Ma deu creu chi a Su Maistu dd’èssit boccìu Biddanoa	Io però credo che a Su Maistu l’avesse ucciso Biddanoa
Biddanoa no bolìat beni a Su Maistu, poita de candu fut arribau, ìat circau de ’ndi dda scidai, e Biddanoa bolìat dormìri, comenti sèmpiri ìat dormìu, de candu sa genti ’ndi tenìat arregordu, de innanti ancora, di appenas fut istétia fatta, in témpus antìgu, de una turma ’e bandidus arróscius di abbandidai, o de una turma ’e scraus fuìus chini scit de innui e arrexinaus in cussu niu ’e cròbus di accantu podìant, a s’occurrénzia, difendi sa libertadi insoru	Biddanoa non amava Su Maistu, perché Su Maistu, dal giorno in cui era arrivato, aveva cercato di svegliarla, e Biddanoa voleva dormire, come aveva sempre dormito, da quando la gente ne aveva ricordo, da prima ancora, da appena era stata fondata, in tempi antichi, da una torma di banditi stanchi di vagare per la campagna, o da una torma di schiavi fuggiti chissà da dove e radicati in quel nido di corvi da dove potevano, all’occorrenza, difendere la loro libertà
O forzis dormìat de tèmpus prus antigus, de candu is fillus, e is fillus de is fillus de is chi bivìanta in cuddu nuraxi chi sa bidda c’ìat ingùrtiu, no si fùanta bófius prus movi de cussu logu chi ddis parìat bellu, e bellu fudi	O forse Biddanoa dormiva da tempi più remoti ancora, da quando i figli e i figli dei figli di coloro che stavano in quel nuraghe che si era confuso con le case, non si erano più voluti muovere da quel luogo che a loro era sembrato bello, e bello era ancora
E accantu, cuntentendusì de pagu, si podìat bivi e dormìri, dormìri	Un luogo dove si poteva vivere e dormire, dormire
No, Su Maistu no ìat èssi mai dépiu tentai de ’ndi scidai a Biddanoa, ne, in ùrtimu, de dda bestìri ’e màscara, cun cudda camisa niedda che s’inferru: duas cosas ch’ìat pagau cun sa vida	No, Su Maistu non avrebbe mai dovuto tentare di svegliare Biddanoa, né, in ultimo di vestirla a maschera, con quella camicia nera come l’inferno: cose che aveva pagato con la vita
Su chi fut suzzédiu apustis de un’annu e prus chi fut mortu, cussu puru, forzis, fut curpa ’e Su Maistu	Di ciò che era successo a un anno dalla sua morte, forse la colpa era sempre di Su Maistu
Ma oramai Biddanoa no podìat prus firmai s’arròda chi fut furriendu, s’arroda chi Su Maistu fut istétiu su primu a ponni in movimentu	Ma ormai Biddanoa non poteva più fermare la ruota che Su Maistu aveva messo in movimento
E po cussu Biddanoa dd’ìat boccìu	E Biddanoa l’aveva ucciso
Mortu Su Maistu, a Luisicu ddi fut partu di èssi abarrau òrfunu	Morto Su Maistu, a Luisicu era sembrato di essere rimasto orfano
Eppuru no è chi dd’èssit istimau meda, gei ddu sciéus	Eppure quando era in vita, non l’aveva né amato né stimato, come sappiamo
Però po Luisicu sa gerarchia fut sa gerarchia, comenti fut istétia gerarchia sa de su babbu, candu fut biu, e poi sa de Lussu	Ma per Luisicu la gerarchia era la gerarchia, così come era stata quella di suo padre, quando era vivo, e quella del capitano Lussu poi
Fattu stat chi sa morti ’e Su Maistu ddi fut dispràxia prus de cantu no èssit crétiu	Fatto sta che della morte di Su Maistu aveva risentito più di quanto avrebbe potuto credere
Tantis chi fut penzendu de si dimitti de capusquadra appenas èssit acabau il corso premilitare chi fut cumandendu	Tanto che stava pensando di dimettersi da caposquadra non appena avesse portato a termine il corso premilitare di cui aveva il comando
(Custu corso premilitare fut su spàssiu de Ninna e di Amalia, candu la gioventù fascista de Biddanoa passàda in su stradoni che un’arei de brebeis zòppas, allineati per tre po modu ’e nai, bestìus in burghesu cun is gibernas in pizzus de sa giacchetta e il fucile novantuno in manus che una canna po tenni figumorisca	(Questo corso premilitare era il sommo divertimento di Ninna e di Amalia, quando la gioventù fascista di Biddanoa passava nello stradone come un branco di pecore zoppe, allineate per tre per modo di dire, vestita in borghese con le giberne sopra la giacca e il fucile novantuno tenuto in mano come una canna per cogliere fichidindia
E Luisicu chi no ci arrennescìat a ’ndi fai né casu né lana).	E Luisicu che non riusciva a metterli in ordine in alcun modo).
E poi a Luisicu fut suzzedendìddi un’àtara cosa: immoi ddi parìat de no èssi prus cudda mesu autoridadi chi fut istétiu, cun totu chi a is autoridadis veras, a s’arei de is maresciallus chi cumandànta diadéru, no si ddui fèssit accostiau mai	E poi a Luisicu stava succedendo qualcosa di strano: adesso aveva la sensazione di non essere più quella mezza autorità che era stato finora, con tutto che alle autorità vere ed al branco di marescialli che comandavano davvero, non si era mai avvicinato
Invecis, senza ’e s’ind’acatai, immoi fut accostiendusì a sa genti chi prus dd’assimbillàda, a sa genti chi no contàt nudda, a sa genti pòbara e angariàda de cuddas autoridadis “fascistas” chi fìanta sceti su cómudu insoru senza ’e tenni contu de is abbisóngius di onniunu, trattendu a totus chi àliga	Invece, senza accorgersene, ora stava avvicinandosi a quelli che più gli somigliavano, alla gente che non contava nulla, povera, angariata da quelle autorità “fasciste” che non tenevano in alcun conto i bisogni dei più umili, trattati con assoluto disprezzo
E una notti, apusti cena, si fut agattau issu puru in domu ’e Sìnzula cun àtaras setti o ottu personis chi de unu pagheddu ’e tempus si pinnigànta in domu ’e su maistu ’e pannu po discuti de is cosas de Biddanoa, de is cosas tròttas chi si bìanta in Biddanoa, de is autoridadis arrogantis de Biddanoa	E una notte, dopo cena, si era trovato anche lui in casa di Sìnzula con altre sette od otto persone che da qualche tempo si riunivano in casa del sarto per discutere di ciò che stava accadendo in Biddanoa, delle cose storte che si vedevano in Biddanoa, delle autorità arroganti di Biddanoa
ARREXONENDU CUN SÌNZULA, ÒI Sìnzula: Non t’at a parri ’eru, però sa primu ’orta chi deu, oramai confinato politico in viaggio per Lìpari, ìa inténdiu is fueddus “dittatura fascista” fut istétiu in d’una cella di Regina Coeli, in Roma	DISCORRENDO CON SÌNZULA, OGGI Sìnzula: Non ti sembrerà vero, però la prima volta che io, oramai confinato politico in viaggio per Lipari, ho sentito le parole “dittatura fascista” è stato in una cella di Regina Coeli, in Roma
Finzas a tandu ìa cumpréndiu, sì, ca su fascismu fut cosa mala, ma su chi fut veramenti no dd’ia cumpréndiu beni ancora	Fino a quel momento avevo, sì, capito che il fascismo era un male, ma ciò che era veramente non l’avevo ancora capito bene
Ma a Regina Coeli calincunu m’ìat abertu beni is ògus e i m’ìat ispiegau chini fut Mussolini e totu sa cambaràda degli alti gerarchi leccaculo chi fìanta totu su chi bolìat issu, donendu a sa genti is órdinis chi ddisi ’onàt issu, fendu leis chi serbìanta sceti per rafforzare il potere fascista	Ma a Regina Coeli qualcuno mi aveva aperto gli occhi e mi aveva spiegato chi era Mussolini e tutta la sua cricca di gerarchi leccaculo che facevano ciò che lui voleva, trasmettendo alla gente gli ordini che venivano da lui, facendo leggi che servivano solo a rafforzare il potere fascista
E is italianus abbabbauccaus, fendu adunate e zerriendu duce duce	E gli italiani a bocca aperta, facendo adunate e gridando duce duce
Finzas e is predis fùanta fascistas	Anche i preti erano fascisti
Deu: E chini fut custu Maistu ch’ìasta tentu in Regina Coeli	Io: Chi era questo Maestro che avevi avuto a Regina Coeli
’Ta razz’’i ómini	Che razza d’uomo
Fut pru’ giòvunu ’e mei, no tenìat ancora trint’annus e fut cumunista	Era più giovane di me, non aveva ancora trent’anni ed era comunista
Cussu sì ca fut un vero antifascista	Quello sì che era un vero antifascista
E poi tenìat motivi personali di odiare a Mussolini e al fascismo, cun su ch’ìanta fattu a su babbu	E poi aveva motivi suoi personali per odiare Mussolini e il fascismo, per ciò che avevano fatto a suo padre
Deu: Ma Amendola in Regina Coeli eita ddui fìada	Io: Ma Amendola, perché era a Regina Coeli nel trentatré
No fut cunfinau a Ponza, in cussu tempus	Non era confinato a Ponza, a quel tempo
Sìnzula: Sì, tenis arrexoni	Sìnzula: Sì, hai ragione
Ma a Ponza ddu ìat istétiu una sommossa di politici, e Amendola fut tra i promotori	Ma a Ponza c’era stata una sommossa di “politici”, e Amendola era tra i promotori
Ai rivoltosi processu no ’ndi ddis fìanta, ma ddis fìanta fai “sa passillàda”.	Ai rivoltosi processo non gliene facevano, ma li portavano in giro, a fare “la passeggiata”.
Deu: Cioè	Io: Cioè
Sìnzula: Ddus mandànta in “traduzione”, accappiàus, de unu presoni a s’àturu, in giro per l’Italia, dexi o quindixi dis in dónnia presoni, mesis e mesis	Sìnzula: Li mandavano “in traduzione” ammanettati, da un carcere all’altro, in giro per l’Italia, dieci o quindici giorni in ogni prigione, mesi e mesi
Poi ddus fìanta torrai a su própiu logu o a un’àturu logu ’e cunfinu	Poi li riportavano al luogo da dove erano partiti, o a un altro luogo di confino
Amendola, candu dd’ia connotu ’eu, fut “in trànsito” a Regina Coeli	Amendola, quando io l’avevo conosciuto, era “in transito” a Regina Coeli
Fuaus abarraus impari quìndixi dis	Eravamo rimasti insieme quindici giorni
Ma deu ìa imparau prus cosas in cussas quindixi dis chi no in totu sa vida	Ma io avevo imparato più cose in quei quindici giorni che non in tutto il resto della mia vita
Candu a mei mi c’ìanta ficchìu in cella, Amendola ddui fudi giai, e fut arrexonendu cun àturu’ dus cumpàngius	Quando a me mi avevano buttato in cella Amendola c’era già e stava discorrendo con due suoi compagni
A su sonu ’e is crais in sa tancadura si fut furriau, ìat abasciàu is ògus e i m’ìat biu	Al rumore della chiave nella serratura si era voltato, aveva abbassato gli occhi e mi aveva visto
Issu fut artu assummancu uno e novanta, e deu, gei ddu scìsi, unu e trintadùs	Lui era alto almeno uno e novanta ed io, lo sai, uno e trentadue
Ìat lassau is cumpàngius e i si fut accostiau:	Si era allontanato dai compagni e si era avvicinato:
Si dd’ìa spiegau: “Sìnzula da noi, in Sardegna, lo diciamo a quelle zanzare piccoline, che pungono e danno molta molestia alla gente”.	Glielo avevo spiegato: “Sìnzula da noi, in Sardegna, lo diciamo a quelle zanzare piccoline, che pungono e danno molta molestia alla gente”.
(Amendola m’ìat pigau e m’ìat fattu sezzi accanta sua nel “castello”, chi fut unu lettu ’e linna a due piani).	(Amendola mi aveva preso a braccetto e mi aveva fatto sedere vicino a lui nel “castello”, che era un letto di legno a due piani).
Deu: Aici ’scurtu deu puru, ca tandu in bidda no ddui fua e certas cosas no ddas iscìu	Io: Così ascolto anch’io, perché allora in paese non c’ero e certe cose non le so
Sìnzula: (A mei). Ma su chi fut Biddanoa in cussus annus manc’Amendola dd’ìat cumpréndiu	Sìnzula: (A me). Ma ciò che era Biddanoa in quegli anni nemmeno Amendola l’aveva capito
Issu creìat ca in Biddanoa ddu èssit fascismo e antifascismo, mentris ddu ìada sceti genti chi cun sa scusa del fascismo tenìat s’àtara genti asutta ’e is pèis	Lui credeva che a Biddanoa ci fossero fascismo e antifascismo, mentre c’era soltanto gente che con la scusa del fascismo teneva l’altra gente sotto i piedi
E ingrassàda serbendusì de su fasci	E ingrassava servendosi del fascio
Amendola m’ìat chistionau puru di volantini e di àtaras cosas, questo è il momento, naràda, ma deu, cun totu sa grandu simpatia e i su grand’arrespettu chi ddi tenìa, a i custas cosas ddui creìa pagu	Amendola mi aveva parlato anche di volantini e di altre cose, questo è il momento, diceva, ma con tutto il grande rispetto e la grande simpatia che avevo per lui, a queste cose ci credevo poco
Sa beridadi mi pàrit custa: sa gente no tenìada nì coraggiu nì gana, nì in Sardìnnia nì in Italia, de fai, in grande, su ch’iàus fattu nosu in Biddanoa	La verità mi sembra questa: la gente non aveva coraggio né voglia, né in Sardegna né in Italia, di fare, in grande, ciò che avevamo fatto noi in Biddanoa
Deu: E apusti de cussas quindixi dis cun Amendola, fusti partìu a Lipari	Io: E dopo quei quindici giorni trascorsi con Amendola eri partito per Lipari
Sìnzula: Sì, e beni accappiau e sottoscorta, cun dus poliziottus artus che una ’omu, unu pagu bregungiosus de portai accappiau, in trenus e in traghettus, un’omineddu comente mei	Sìnzula: Sì, e bene ammanettato e sotto scorta, in mezzo a due poliziotti alti come una casa, vergognosi di portare ammanettato, in treni e traghetti, un omino come me
Deu: E a Lipari, cussus dus annus comenti ti ddus ìasta passaus	Io: E a Lipari quei due anni come li avevi trascorsi
Sìnzula: Beni, beni Mi ollìanta beni totus, politici e comuni	Sìnzula: Bene, bene, mi volevano bene tutti, politici e comuni
E poi su logu mi praxìada	E poi il posto mi piaceva
Fut pràxiu finzas i a Minnìa, chi fut benìa a m’abisitai, una parìga ’i òrtas	Era piaciuto anche a Minnìa, che era venuta a trovarmi, un paio di volte
Unu “cumunu” m’ìat fattu arribai de Palermu una macchina ’e cosìri, e un’àturu, maistu ’e linna, m’ìat fattu su bangu e totu su chi m’occurrìat, e i mi fua torrau a ponni a traballai in s’arti mia	Un “comune” mi aveva fatto arrivare da Palermo una macchina per cucire, e un altro, un falegname, mi aveva fatto il bancone e tutto quello che mi occorreva, e mi ero rimesso a lavorare nel mio mestiere
Traballu no ’ndi mancàda	Lavoro non me ne mancava
Cand’ia scontau is dus annus de cunfinu, ìa finzas e penzau de ddu abarrai, in Lipari	Dopo che avevo scontato i due anni di confino avevo anche pensato di rimanere a Lipari
Ma candu fua torrau a bidda, Minnìa m’ìat cumbìnciu a no partìri: calincunu ìat èssi póziu penzai ca m’ind’andà po timorìa	Ma quando ero venuto in paese Minnìa mi aveva convinto a non tornare a partire: qualcuno avrebbe potuto pensare che me ne andavo per paura
Ma no ìat suzzédiu pru’ nudda, in Biddanoa	Ma non era successo più nulla, in Biddanoa
Mancu a Minnìa ìanta ’onau infàdu, in cussus dus annus chi fua mancau	Nemmeno a Minnìa avevano dato fastidio, in quei due anni che io ero mancato
Ma issa, tra biri, e no biri ìat postu dus passadoris nous a s’enna	Ma lei tra vedere e non vedere aveva messo due saliscendi nuovi alla porta di strada
Sa dì infattu Biddanoa parìat una bidda morta	Il giorno dopo Biddanoa sembrava un paese morto
Sbuidàda	Svuotato
Partìus carabineris e polizia, in Sa Prazzitta fùant abarraus is arrògus de tàula de is paràdas e calincunu stiddìu ’e sànguni siccau, arrubiàstu, in is pèrdas allisàdas	Partiti carabinieri e polizia, in Sa Prazzitta era rimasto solo qualche pezzo di tavola dei banconi sfasciati e qualche goccia di sangue rappreso, rossastro, sulle pietre del selciato
Una mància prus manna accantu fut mortu Lioni	Una macchia più grande dove era morto Lioni
Sa mammesonnu no arrennescìat a cumprendi comenti s’ind’èssit pózia scidai in cussa manera, cun sànguni e cun cadenas	La “mammesonnu” non riusciva a comprendere come avesse potuto svegliarsi a quel modo, con sangue e con catene
No dd’ìat èssi mancu crétiu, si in casi ónnia domu no èssit mancau un’ómini, e in calincuna una fémina	Non vi avrebbe creduto se quasi in tutte le case non fosse mancato un uomo, e in qualcuna una donna
E cambaràdas de genti a Nuoru, e poi a Casteddu, sa gióbia, a portai pani a presoni	E gente a torme, a Nuoro, e poi a Cagliari, il giovedì, a portare pane in galera
E poi genti in Corti ’i Assisi, su bintisès de làmpadas de s’annu infattu, a su processu	E ancora gente in Corte d’Assise, il ventisei di giugno dell’anno successivo, al processo
Dis e dis de processu, e poi totus in libertadi cun s’annistìa, mancai ddus èssinti cundennaus a tre e quattr’annus de presoni e passa	Giorni e giorni di dibattimento e poi tutti in libertà con l’amnistia, benché fossero state inflitte condanne a tre, quattro anni ed oltre
’Ndi mancàt unu sceti, Sìnzula, mandau a Lipari a iscontai cuddus dus annus de cunfinu	Al ritorno in paese mancava solo Sìnzula, spedito a Lipari a scontarvi i due anni di confino
Minnìa fut torràda sola a bidda, s’unica pagu prexàda	Minnìa era tornata sola, l’unica poco allegra
Genti meda a sa stazioni, comente po dónni arrìbu, de guerra o de logu attesu, e su trenu ’e Casteddu chi no ’ndi cumprendìat nudda, no ddus ìat bius partendu, custus, che is àturus chi torrànta	Molta gente alla stazione, come per ogni arrivo, da guerra o da luogo lontano, e il treno di Cagliari che non ci capiva nulla, non li aveva visti partire, questi, come tutti quelli che tornavano
Eppuru fùanta prexaus che is àturus	Eppure erano contenti come gli altri
E àtara genti in Cuccuru ’e Callia, a toccai sa manu a donniunu, a imprassai a donniùna: “Deus ti càmpit de cussus traballus”.	E altra gente in Cuccuru ’e Callia, a stringere la mano ad ognuno, ad abbracciare ognuna: “Dio ti salvi da quelle pene”.
Mancànta sceti is autoridadis, ìat èssi stétia bella	Mancavano solo le autorità, sarebbe stata bella
E sa dì infattu a su monti, cun su tallu ’e is brebeis, chi fùanta stétias casi abbandonadas, in cussus dexi mesis, o a ’ndi messai cuddu pagheddu ’e trigu ch’ìanta póziu seminai is chi fùanta abarraus	E il giorno dopo via, in campagna, col gregge che in quei dieci mesi era stato quasi abbandonato, o a mietere il poco grano che avevano potuto seminare quelli che erano rimasti
Ma fut serbìu a calincuna cosa su chi fut suzzédiu, o fut serbìu sceti a fai cresci sa miseria in medas domus, in is domus de chini ìat passau dexi mesis in presoni e si fut iscroxau po pagai is abogaus	Ma era servito a qualcosa ciò che era successo, o era servito soltanto ad aumentare la miseria in molte case, nelle case di chi aveva trascorso dieci mesi in galera e adesso avrebbe dovuto ammazzarsi di fatica per pagare gli avvocati
No, forzis fut serbìu	No, forse era servito
Immoi, candu andàsta a su Municipiu po unu documentu o po unu bollettinu, no ti narànta prus “torra crasi”, ma ti ddu fìanta luègu	Adesso, quando andavi in Municipio per un certificato o per un bollettino, non ti dicevano più: “torna domani”, come prima, ma ti sbrigavano subito
Faccis noas in su Municipiu e in sa Cassa Agraria, proroghe	Facce nuove in Municipio e nella Cassa Agraria, proroghe
E no ti strozzànta prus, comente prima	Non ti strozzavano più con gli interessi, come prima
Però fut suzzedendu una cosa curiosa: is autoridadis, piticas e mannas, de Biddanoa e de foras, parìat ch’immoi èssinti tìmiu sa genti, ch’ìat fattu biri, mancai finzas a cudda dì fèssit parta dormìa, de no aguantai meda sa latrànga	Si era verificato anche un fatto curioso: le autorità piccole e grandi, di Biddanoa e di fuori, ora sembrava che avessero quasi paura della gente che aveva dimostrato, benché fino a quel  agosto fosse sembrata addormentata, di non tollerare all’infinito certi soprusi
E candu sa genti si mòvit in cussa manera, no si scit mai su chi pòdit suzzèdi, penzànta	E quando la gente si muove a quel modo non si sa mai quello che può succedere, pensavano
Po is autoridadis de bidda, a parti sa figura, custa borta mali meda no fut andàda: ma si fèssit torrau a suzzèdi	Per le autorità di Biddanoa, a parte la figura, stavolta non era andata poi tanto male: ma se fatti del genere fossero ancora accaduti
Is autoridadis prus importantis, de Nuoru e finzas e de Roma, si preoccupànta invecis per il prestigio del Fascismo	Le autorità più importanti, di Nuoro e di Roma, si preoccupavano unicamente del prestigio del fascismo
E sa genti ’e Biddanoa forzis timìat is autoridadis, piticas e mannas, ma senza de ddu donai a biri	E la gente di Biddanoa diffidava delle autorità, piccole e grandi, ma senza darlo a vedere
Po custa ’orta s’est andàda ’eni – naràda –, is autoridadis noas e bèccias no cìrcanta prus de s’angariai, comenti fìant innanti, unu scramentu dd’anti tentu, mancai, cussu’ dexi mesis de presoni fùanta stétius una rovina, cun su chi fùanta costaus, in patimentus e in dinai, procurau Deus scit comenti	Per questa volta è andata bene – diceva –, le autorità nuove e vecchie non ci opprimono più come prima, una lezione l’hanno avuta, anche se per noi quei dieci mesi di galera sono stati una rovina, con ciò che ci sono costati in patimenti ed in danaro, procurato Dio sa come
E po furtuna ca ddui fut istétia s’amnistia, chindighinò de gallera callincunu ìat èssi trigau a ’ndi bessìri	Per fortuna c’è stata l’amnistia, diversamente qualcuno avrebbe dovuto attendere per un pezzo prima di uscire di prigione
Ma si èssit torrau a suzzedi	Ma se fosse ancora successo
No, no, Deus indi càmpit, ìat èssi cosa mala, s’arrovina po totu sa ’idda	No, no, Dio ne scampi, sarebbe la rovina per tutto il paese
E tandu	E allora
Tandu donniunu a sa parti sua, nosu a una parti e is fascistas, autoridadis o no, a s’àtara	Allora ciascuno se ne stia dalla sua parte, noi dalla nostra e i fascisti, autorità o no, dall’altra
Senza chi is unus sèghinti sa mazza a is àturus	Senza che nessuno rompa le scatole agli altri
Eppuru, cun totu su fricassu chi ddui fut istétiu, ódiu in bidda no ddu ind’ìat abarrau, né de una parti né de s’àtara	Eppure, con tutto il subbuglio che c’era stato, odio in paese non ne era rimasto, né da una parte né dall’altra
Fut una cosa chi depìat suzzedi e fut suzzédia, una temporàda chi bénit e pàssat, ma chi apustis si dèpit iscaresci, si si bòlit torrai a bivi trancuillus	Era stato qualcosa che doveva succedere ed era successo, un temporale che viene e passa e subito si deve dimenticare, se si vuol ritornare a vivere tranquilli
E aici Biddanoa, a pag’a pagu, fut torrendu a serrai is ògus	E così Biddanoa, a poco a poco, stava di nuovo chiudendo gli occhi
Tra is chi fùanta partìus de Casteddu cun su trenu ’e merì, apustis chi fut acabau su processu, Luisicu no ddui fudi	Tra quelli che erano partiti da Cagliari col treno delle cinque dopo la fine del processo, Luisicu non c’era
Dd’ìant abettau finz’a s’ùrtimu minutu, ma no fut benìu	Alla stazione i compagni l’avevano atteso invano
“At ai tentu cosa ’e fai in Casteddu”, ìat nau Elias, ma totus ìanta cumpréndiu ca Elias iscìat poita Luisicu no fut bófiu torrai a bidda cun is àturus	“Avrà affari da sbrigare a Cagliari” aveva detto Elias, e tutti avevano capito che Elias conosceva il motivo per cui Luisicu non voleva tornare in paese assieme agli altri
Fut torrau sa dì infattu, cun su trenu ’e mesudì, solu	Era tornato l’indomani, col treno di mezzogiorno, solo
S’arregordàt de candu fut torrau s’àtara borta, medas annus innanti, ma cussu fut l’Aiutante di battaglia Luisicu, l’eroico combattente pluridecorato chi fut torrendu ’e sa guerra cun totu is onoris, cun sa genti abettendiddu in sa stazioni, accumpangendiddu a bidda in prucissioni che unu santu	Gli pungeva il ricordo di un altro ritorno, molti anni prima, ma quello era il ritorno dell’aiutante di battaglia Luisicu, dell’eroico combattente pieno di medaglie che ritornava dalla guerra con tutti gli onori, con la gente che l’attendeva alla stazione e l’accompagnava in paese in processione come un santo
Su chi fut torrendu custu mengianu, invecis, fut un’àturu, fut un biddanoesu chi fut bessendindi ’e presoni	Questo che ritornava oggi, invece, era un biddanoese che usciva di prigione e tornava a casa solo, senza alcun accompagnamento
Custa borta Luisicu bolìat torrai a domu solu, senza ’i accumpangiamentu perunu, mancu sa mulleri e is fillus, ìat bófiu	Non aveva voluto, ad attenderlo, nemmeno la moglie e i figli
’Ndi fut abbasciau ’e su trenu a s’àtara parti ’e sa stazioni, e iscudi-scudi ìat pigau su mori, poi su stradoni, s’àturu mori, e apusti de binti minutus pagu prus, disigiosu de camminai comenti fudi, e lébiu a foras e aintru, fut intrau in prazza	Era sceso dal treno dalla parte opposta alla stazione, e quasi nascondendosi aveva preso il sentiero, lo stradone, l’altro sentiero, e dopo poco più di venti minuti, con quel suo passo lungo e veloce, leggero come si sentiva, fuori e dentro, era entrato in cortile
Sara e is piccioccheddus, Ogéniu e Lionora, chi fùant abettendiddu, candu dd’ìanta bistu intrendu s’indi fùanta pesaus de bottu, furriendinci is cadìras e currendu a chini arribàt primu a dd’imprassai	Sara e i ragazzi, Ogéniu e Lionora, appena l’avevano visto entrare si erano alzati di colpo rovesciando le sedie e correndogli incontro come in una gara a chi sarebbe arrivato prima ad abbracciarlo
S’ùrtima fut istétia Sara, ma dd’ìat fatt’apposta, s’abbràzzidu suu fut istétiu su prus longu	L’ultima era stata Sara, ma l’aveva fatto apposta, il suo era stato l’abbraccio più lungo
Su prantu, s’arrìsu	Il pianto, il riso
Fut intrau in domu, e sa domu si fut torràda a preni, de su pamentu a su stàulu, in dónnia corrazzu	Era entrato in casa e la casa si era di nuovo riempita, dal pavimento al soffitto, in ogni angolo
Apusti de dexi mesis chi no si bìanta, donniunu stentàt a chistionai, a agatai is fueddus, sa cunfidénzia parìat pérdia	Dopo dieci mesi di lontananza tutti stentavano a trovare le parole adatte a quel momento, la confidenza sembrava quasi perduta
Apusti pràngiu, però, donniunu ìat tentu is cosas suas de contai, piticus e mannus, salvu Luisicu chi fìat feti pregontas, e Sara chi cun Luisicu fueddàt fetti cun is ogus	Dopo pranzo, però, ognuno aveva avuto le sue cose da raccontare, salvo Luisicu, che faceva solo domande, e Sara che con Luisicu parlava solo con gli occhi
A parti su prexeri di èssi torrau a domu, un’àtara fut s’alligrìa ’e Luisicu: ddi parìat di èssi torrau, própiu grazias a cussus dexi mesis de presoni, un’ómini lìberu, si lìberu fut mai stétiu	A parte la gioia di essere nuovamente a casa, Luisicu aveva anche un altro motivo, a renderlo contento: gli sembrava di essere ridiventato, grazie a quei dieci mesi di galera, un uomo libero, se libero era stato mai
Su prézziu, in fundu, no fut istétiu manc’artu	Il prezzo, in fondo, non era stato poi così alto
Si fut liberau de sa maladitta camisa niedda, no ddu ìat èssi stétiu prus nisciunus chi dd’èssit cumandau, chi dd’èssit custrintu, cun d’una scusa o cun s’àtara, a zerriai viva il duce, a noi, alalà, o a cantai giovinezza e a fai su zaccarramanu a dónnia conca ’e cazzu chi s’incraràda in su curridóriu ’e su Municipiu po cantai is gòccius de Santu Mussolini	Si era tolto la maledetta camicia nera, non ci sarebbe stato più nessuno a dargli ordini, nessuno che lo costringesse, con una scusa o con l’altra, a gridare viva il duce, a noi, alalà e a cantare giovinezza, a battere le mani ad ogni testa di cazzo che s’affacciava al balcone del Municipio per cantare i “goccius” di Santu Mussolini
Lìberu	Libero
Senza de dipendi ’e nèmus, poita sa penzioni no fut beru ca s’indi dda podìanta pigai, si no èssit fattu a bonu, comenti medas bòrtas dd’ìant ammalezzau	Senza dipendere più da nessuno, perché non era vero che la pensione avrebbero potuto togliergliela se non avesse fatto “da bravo”, come molte volte gli era stato minacciato
Si dd’ìat nau s’abogau de difesa, in Corti ’i Assisi, che la pensione, una volta che lei l’ha ottenuta con motivazioni valide, non le può essere tolta per nessuna ragione	Questo glielo aveva detto l’avvocato difensore, in Corte d’Assise, una volta che la pensione l’ha ottenuta con motivazioni valide, non le può essere più tolta per nessuna ragione
Toh	Toh
E de ’moi innanti mi dèpinti lassai bivi in paxi, a mei, a sa familia mia e a totu sa genti, chindighinò	E d’ora in poi devono lasciarmi vivere in pace, a me, alla mia famiglia ed a tutti, se no
Unu penzamentu però tenìat, Luisicu, unu sceti: is piccioccheddus	Un solo pensiero, però, aveva Luisicu: i ragazzi
Po nai sa beridadi, in cussus dexi mesis che fut istétiu in presoni, nèmus ìat donau seccaturas né a issus né a Sara Anzis a Sara ìanta sighìu a ddi bolli beni totus, comente sèmpiri, is pagus chi cun su “scioperu” no ddui fùant intraus, e finzas e is autoridadis, de innanti e de immòi	Per la verità, in quei dieci mesi in cui lui era stato in prigione nessuno aveva dato loro molestia, né a essi, né a Sara, anzi a Sara avevano continuato a voler bene tutti come sempre, quei pochi che con lo “sciopero” non avevano avuto a che fare, e perfino le autorità, vecchie e nuove, avevano per lei un certo riguardo
Appenas fut intrau in domu, is piccioccheddus si ddi fùanta sézzius accanta, ma cun d’unu pagu ’e suggizioni, apusti de tanti tempus chi no ddu bìanta	Appena entrato in casa i ragazzi si erano seduti vicino al padre con una certa soggezione, dopo tanti mesi di lontananza
Fùanta prus artus: Ninnu, chi no tenìat ancora cattódix’annus, fut forti e sériu comente sèmpiri; Millieddu, chi a torrai a biri su babbu in domu aggiumai si fut postu a prangi, e Defendenti, chi fut ancora andendu a iscola e si ddi fut postu a su costau e no si fut móviu finzas a chi su babbu s’indi fut pesau	Erano più alti: Ninnu, che non aveva ancora quattordici anni, era forte e serio; Millieddu, che al vedere il padre di nuovo in casa riusciva a stento a trattenere il pianto; e Defendenti, che andava ancora a scuola, si era seduto al suo fianco e non si era mosso fintanto che il padre non si era alzato
Luisicu ddus castiàt cun teneresa ma cun d’unu pagheddu ’e tristura: ddi at èssi pràxiu a ddus èssi mandaus totu a is tres a istudiai, a Casteddu, ma no fut cosa chi podìat fai	Luisicu li guardava teneramente, ma con un po’ di tristezza: avrebbe voluto mandarli fuori a studiare, ma non poteva
In prus de sa penzioni, chi ddus fìat bivi, mancai senza ’e penzamentus no tenìat àtaras intradas	Oltre la pensione che consentiva, al massimo, di condurre una vita senza preoccupazioni, non possedeva altro
Ma po furtuna fùanta piccioccheddus bonus e tenìanta gana ’e traballai: Ninnu fut imparendu giai su maistu ’e pannu cun su pardinu, gopai Nicola, e Millieddu su maistu ’e linna e de carrus cun is fillus de Federicu	Per fortuna, erano bravi ragazzi ed avevano voglia di lavorare: Ninnu lavorava già, da sarto, col padrino, e Millieddu faceva l’apprendista carpentiere con i figli di Federicu
Una familia trancuilla, immòi, sa de Luisicu, ómini lìberu po sa primu orta in sa vida po méritu de dexi mesis de presoni	Una famiglia tranquilla, adesso, quella di Luisicu, uomo libero per la prima volta in vita sua grazie a quei dieci mesi di galera
Ma issu tenìat comente pressi de si fai biri ’e sa genti: po s’intendi trancuillu ’e su totu bolìat èssi seguru chi sa genti, totu sa genti, dd’èssit tentu ancora in su própiu cunzidéru chi ddu tenìat innanti	Ma lui aveva quasi fretta di farsi vedere da tutti: per essere tranquillo completamente voleva essere certo che la gente aveva mantenuto immutata la stima che di lui aveva sempre avuto
Mancai is settanta cristianus chi po dexi mesis no ddu ìanta postu prus pei fèssinti torraus totus, parìat chi Sa Prazzitta no èssit tentu gana de torrai a èssi su chi fut sèmpiri stétia: logu di arriposu, a mericeddu e in dis de festa, po genti fadiàda chi si ddui pinnigàt po arrexonai di ónnia cosa, de su tempus e de s’annàda, de su chi suzzedìat in bidda o in àturus logus, si calincunu ’nd’ìat tentu nòvas	Benché i settanta cristiani che da dieci mesi non vi avevano più messo piedi fossero tutti rientrati, sembrava che Sa Prazzitta tardasse a ridiventare ciò che era sempre stata: luogo di riposo alla fine della giornata e nei giorni di festa per la gente stanca che vi si riuniva per discorrere di ogni cosa, del tempo e dell’annata, di ciò che accadeva in paese e fuori, se qualcuno ne aveva notizia
in gennàxu sa pampa ’e su foghidoni no si fut pesàda a celu prus arta de is domus, e Sant’Antoni ’e su Fogu fut passau a conca bàscia, cun su porceddu accugucciau a peis, firmu issu puru comente chi fèssit de perda	Le pietre di Sa Prazzitta, levigate dal passo della gente e del tempo, dalle ruote dei carri e dai ferri dei buoi e dei cavalli; le pietre a tratti sconnesse che in tempi lontani avevano udito anche parole non sarde, la voce di Antonio Maria Mulas e il passo della sua cavalla stregata, le canzoni forestiere dei carbonai ubriachi, e in questi quarant’anni la voce di Ti’Arròtulu che sapeva ogni cosa e di Elias e dei suoi compagni che raccontavano storie di guerra e di trincea; le pietre levigate di Sa Prazzitta sembrava che ora rifiutassero di udire ogni voce, le poche voci del presente e le tante voci e le tante immagini del passato, e desideravano che si interrompesse il ritmo di fatti cui il tempo aveva dato cadenze sempre uguali
E chi èssinti finzas e bófiu arrefudai is cosas ch’ìant sèmpiri connotu: in gennàxu sa pampa ’e su foghidoni no si fut pesàda a celu prus arta de is domus, e Sant’Antoni ’e su Fogu fut passau a conca bàscia, cun su porceddu accugucciau a peis, firmu issu puru comente chi fèssit de perda	Così in gennaio le fiamme del falò non si erano più levate fino al cielo, né Sant’Antonio del Fuoco era più passato, a testa bassa, indignato, col porcello accucciato ai suoi piedi, fermo anch’esso come fosse di pietra
Né po carnovali fut passau Perantoni, imbriagu, cun sa cambaràda ’e is màscaras aboxinendu e buffendu	Né per carnevale era più passato Perantoni ubriaco con la compagnia delle maschere che vociavano e bevevano
E su primu domìnigu ’e carésima de Sa Prazzitta no fùanta partìus a cuaddu a totu fua is piccioccus cun is fustis artus in manus po segai is pingiàdas appiccàdas a sa funi in su stradoni	E la prima domenica di quaresima da Sa Prazzitta non erano più partiti al galoppo nello stradone i giovani con i bastoni alti nella destra per rompere le pentole appese alla fune
Passàt ancora, a mericeddu, calincuna picciocca cun sa màriga in conca, ma in Sa Prazzitta no ddu ìat prus nèmus po dda disigiai, e is disìgius antigus fùanta fuliàus in terra che allumìnus istudàus	Passava ancora, al tramonto, qualche ragazza con la brocca sulla testa, ma in Sa Prazzitta non c’era più nessuno che la spogliasse con gli occhi, e gli antichi desideri giacevano nella polvere come fiammiferi spenti
No, no fut sa genti ch’immoi disertàt Sa Prazzitta, ma fut Sa Prazzitta ch’ìat indùlliu sa genti a dda disertai, de candu, in cudda notti ’i austu, ìat bistu carriendu che bestiàmini genti e genti in cadenas, óminis e féminas, genti chi po ddu ai passau medas òras de sa vida, in allìgrìa in chistionis o in penzamentus, a Sa Prazzitta appartenìat	No, non era la gente che adesso disertava Sa Prazzitta, ma era Sa Prazzitta che aveva indotto la gente a disertarla, da quando, in quella notte di agosto, aveva visto caricare come bestiame gente e gente in catene, uomini e donne, gente che per avervi trascorso molte ore della sua vita, in allegria, in discorsi o in pensieri, a Sa Prazzitta apparteneva
E Sa Prazzitta fut abarràda bùida, imperdau banghinas e murus, indifferenti a sa pagu vida chi a bòrtas, po pag’ora, si ddui podìat arrespirai	E Sa Prazzitta era rimasta vuota, selciato panchine e muri, indifferente alla poca vita che ancora per qualche istante vi si poteva respirare
Ma no ìat èssi passau ancora meda, e de Sa Prazzitta, oramai senza ’i ànima, s’ind’ìat èssi impossessada SA BOXI	Ma non sarebbe passato ancora molto tempo e di Sa Prazzitta, ormai senz’anima, si sarebbe impossessata LA VOCE
Fut torrau a bidda su fillu piticu ’e Su Maistu, maistu issu puru, e ìat pigau su postu ’e su babbu	Era tornato in paese il figlio minore di Su Maistu, insegnante anche lui, ed aveva preso il posto del padre
Ìat béndiu su cungiau, ìat pagau a sa banca is dépidus de su babbu, e bivìat cun sa mamma, senza ’e penzamentus	Aveva venduto la proprietà e col ricavato aveva pagato alla banca quanto ancora doveva suo padre Insegnava ed abitava con la madre, senza pensieri
A su fillu ’e Su Maistu ddi narànta Romano, e fut unu nòmini chi ddi dexìat, anzis parìat unu nòmini chi s’èssit isceberau issu e totu, apusti mannu	Il figlio di Su Maistu si chiamava Romano ed era un nome che gli stava davvero bene, anzi sembrava un nome che lui stesso si fosse scelto, da grande
Poita su fillu ’e Su Maistu fut fascista diadéru, fascista prus de su babbu, chi fascista fut diventau, mentris si pòdit nai ca su fillu fascista fut nàsciu	Perché il figlio di Su Maistu era fascista veramente, fascista più di suo padre, che fascista era diventato, mentre il figlio, si può dire, fascista era nato
Su maistu sicilianu fut torrau a is logus suus, e a Romano, ùnicu maistu mascu, no ci dd’ìat bófiu meda a si fai nomenai fiduciario dell’O.N.B., dell’Opera Nazionale Balilla, e quindi capomanipolo della M.V.S.N., cun is mustrinas biancas, colori ’e latti	Il maestro siciliano era tornato dalle sue parti, e Romano era stato nominato al suo posto fiduciario dell’O.N.B., dell’Opera Nazionale Balilla, e quindi Capomanipolo della M.V.S.N con le mostrine bianche, color latte
Ataras càrrigas polìticas no ’nd’ìat bófiu	Altri incarichi politici non ne aveva voluto
Romano, chi fut bravu maistu, fut intelligenti puru, e ìat cumpréndiu ca in fez e camisa niedda is pagus fascistas de Biddanoa no ìant èssi mai stétius àturu che mustaiònis, e che gli ideali della rivoluzione, anzis della Rivoluzione, comenti naràt issu, nisciunus mai s’inci ddus ìat èssi póziu fai intrai in conca	Romano, che era un bravo maestro, era anche intelligente, e aveva capito che in fez e camicia nera i pochi fascisti di Biddanoa sarebbero sempre stati nient’altro che spaventapasseri, e che gli ideali della rivoluzione, anzi della Rivoluzione, come diceva lui, nessuno sarebbe mai riuscito a farglieli entrare in testa
Po cussu s’interessàda sceti de is piccioccheddus, i fascisti di domani	Per questo si interessava soltanto dei ragazzi, i fascisti di domani
Is piccioccheddus fùant un’àtara cosa, erano più entusiasti, più malleabili	I ragazzi erano un’altra cosa, più entusiasti, più malleabili
Nati nell’Era fascista – penzàda – no podìant èssi che fascistas, il fascismo ormai si respira con l’aria stessa finzas e in Biddanoa	Nati nell’Era Fascista – pensava – non potevano essere che fascisti, il Fascismo ormai si respirava con l’aria stessa perfino a Biddanoa
Ma bisongiàt a ddus aggiudai, naturalmente, a dirozzarli, custus piccioccheddus, per farli diventare fascisti perfetti	Ma bisognava aiutarli, naturalmente, questi ragazzi, dirozzarli, per farli diventare fascisti perfetti
E issu ddus aggiudada, ddus aderezzàda, li dirozzava, e soprattutto ddus iscìat pigai	E lui li aiutava, li dirozzava, e soprattutto sapeva prenderli
Romano no fut che su babbu, de pagus fueddus, o che sa mamma, frida che sa nì, fut ingeniosu, affàbili e simpàticu, arrexonàt cun totus, óminis e feminas, chi de issu si fidànta, poita candu fùanta suzzédius is fattus de su trintadùs, issu in bidda no ddui fut ancora, e su babbu fut mortu s’annu innanti	Romano non era come il padre, di poche parole, o come la madre, gelida, Romano era simpatico, affabile, discorreva con tutti, uomini e donne, di lui tutti si fidavano perché nel trentadue, all’epoca dello “sciopero”, lui in paese non c’era ancora e il padre era morto un anno prima, nel trentuno
E figuraisì is piccioccheddus: ddi currìant infattu che musca a su meli	Figurarsi i ragazzi: gli correvano dietro come le mosche al miele
Attentus in iscola candu Romano fìat lezioni, totus in divisa de balilla o di avanguardista, is prus manneddus nelle ricorrenze patriottiche e su domìnigu, candu Romano, in divisa issu puru, ddis fìat s’adunata per le esercitazioni militari, marce e “ordine chiuso”, armati, po moi, con moschetti di legno chi parìanta muschettus diadéru	Attenti a scuola quando Romano faceva lezione, tutti in divisa da Balilla o da Avanguardisti i più grandicelli, pochi, nelle ricorrenze patriottiche, e la domenica, quando Romano, in divisa anche lui, li riuniva per le esercitazioni militari, marce e “ordine chiuso”, armati, per adesso, con moschetti di legno che sembravano veri
Nelle pause o alla fine delle esercitazioni, apustis ch’ìanta cantau gli inni della Rivoluzione, candu Romano si sezzìat in d’una perda o si firmàt po si fumai una sigaretta, is piccioccheddus si ddi pinnigànt a ingìriu e issu ddis contàda la gesta degli squadristi chi po primus ìanta crétiu nel Fascismo, e a is prus manneddus finzas contus de féminas, cosas ch’ìat fattu issu e totu candu fut istudenti in Casteddu	Nelle pause o alla fine delle esercitazioni, dopo che avevano cantato gli inni della Rivoluzione, quando Romano si sedeva su un sasso o si fermava per fumarsi una sigaretta, i ragazzi gli si stringevano intorno e lui raccontava le gesta degli squadristi che per primi avevano creduto nel Fascismo Ai più grandi raccontava anche storie di donne, le sue avventure dei tempi in cui era studente a Cagliari
Ma Romano tenìat una preoccupazioni: is avanguardistas fùanta troppu pàgus	Ma Romano non era soddisfatto: gli avanguardisti erano troppo pochi
Po èssi avanguardista bisongiàt a tenni cattódix’annus, e a cuss’edadi fùanta pàgus is chi andànta ancora a iscola, sceti is prus tontus, is chi scrocorigànta un annu sì e unu no	Per essere avanguardista bisognava avere quattordici anni, e a quell’età erano pochi quelli che andavano ancora a scuola, solo i meno intelligenti, quelli che bocciavano un anno sì e uno no
Is àturus a cuss’edadi traballànta, in bidda o in su monti, e non era facile farli iscrivere all’O.N.B e farli partecipare alle esercitazioni, poita medas traballànta su domìnigu puru	Gli altri a quell’età lavoravano, in paese o in campagna, e non era facile farli iscrivere all’Opera Balilla e farli partecipare alle esercitazioni, anche perché molti di loro lavoravano anche di domenica
Ma po Romano, chi bolìat una squadra di almeno venti avanguardisti, nudda fut impossìbili	Ma per Romano, che voleva una squadra di almeno venti avanguardisti, nulla era impossibile
Ddi bastàt chi c’èssit arrennésciu a farne iscrivere uno, unu sceti, is àturus ìant’èssi sighìus	Sarebbe bastato farne iscrivere uno, uno solo, gli altri sarebbero venuti appresso
Ma fut unu chi balìat po binti: Millieddu, su fillu ’e Luisicu	Ma era uno che valeva per venti: Millieddu, il figlio di Luisicu
Po Millieddu, su babbu, mancai bestìu ’e burghesu, fut abarrau sèmpiri l’aiutante di battaglia Luisicu, l’eroe prenu ’e medàllias, una spézia ’e santu, ma no unu santu ’e crésia, unu santu chi bivìat in domu, cun issu e cun is fradis, e chi parìat un’ómini che is àturus	Per Millieddu suo padre, anche ora che non portava più alcuna divisa, era rimasto sempre l’aiutante di battaglia Luisicu, l’eroe carico di medaglie, una specie di santo, ma non un santo di chiesa, bensì un santo che viveva in casa, con lui e con i fratelli e che sembrava un uomo come gli altri
Cand’andàt a iscola, e sa maista, in classe, fueddàt de su babbu ananti ’e totu is cumpàngius, a Millieddu ddi parìat di èssi su fillu ’e su rei	Quando ancora andava a scuola e la maestra, in classe, parlava di suo padre davanti ai suoi compagni, a Millieddu sembrava di essere il figlio del re
Ma candu, in cudda notti ’i austu, ìat cumpréndiu ca is carabineris fùanta benìus a domu po dd’arrestai, mancai babbu is ferrus no si ddus èssit lassaus ponni e fèssit andau a caserma de sei sua, a Millieddu ddi fut partu chi ’ndi dd’èssit arrutu su mundu in pizzus	Ma quando, in quella notte di agosto, aveva capito che i carabinieri erano venuti a casa per arrestarlo, sebbene i ferri suo padre non se li fosse lasciati mettere e fosse andato in caserma da solo, a Millieddu era sembrato che gli fosse caduto il mondo addosso
S’annu e totu ìat acabau is iscolas, e in cussus ùrtimus mesis sa maista a s’aiutante di battaglia Luisicu no dd’ìat mancu nomenau: Millieddu no fut prus su fillu ’e su rei	Quello era stato il suo ultimo anno di scuola e la maestra non aveva più parlato dell’aiutante di battaglia Luisicu: Millieddu non era più il figlio del re
Cun grandu disprexeri, sa divisa ’e balilla no si dd’ìat pózia ponni prus, e fut abarràda appiccàda in s’armàdiu accanta de sa divisa ’e su babbu, e una borta ìat bistu a mamma castiendiddas cun tristura tot’a is duas	Con suo grande dispiacere non aveva più potuto indossare la divisa da Balilla, che era rimasta appesa, nell’armadio, vicino a quella del padre, e una volta aveva visto sua madre guardarle entrambe con tristezza
Serradas is iscòlas, fut intrau scienti cun is fillus de Federicu, s’arti de su maistu ’e linna ddi praxìat	Chiuse le scuole aveva iniziato subito a fare l’apprendista dai figli di Federicu, il mestiere di falegname gli piaceva
E poi non bolìat chi babbu, accantu fut, èssit penzau ca fut fendu su perdulàriu, immoi ch’ìat acabau sa quarta, e sa quinta in Biddanoa no dd’ìanta posta ancora	E poi non voleva che suo padre, dov’era, pensasse che lui, Millieddu, faceva il perdigiorno, ora che aveva finito la quarta e la quinta in paese non c’era ancora
Traballàt cun bona volontadi, imparàda luegu su chi dd’ammostànta, ma su penzamentu ’e su babbu no ddu lassàt mai	Lavorava con buona volontà, imparava subito ciò che gli veniva insegnato, ma il pensiero di suo padre non lo lasciava mai
Comenti su tempus passàda fut perdendu a pag’a pagu cudd’alligrìa de candu fut piticu, de candu fut balilla e penzàt ca una dì o s’àtara issu puru ìat èssi portau una divisa bella che sa ch’ìat portau babbu, cun gradus, medàllias e totu	Man mano che il tempo passava stava perdendo quell’allegria che l’aveva distinto da bambino, quando era Balilla e pensava che un giorno o l’altro anche lui avrebbe indossato una divisa, bella come la divisa che aveva un tempo indossato suo padre, con gradi e medaglie
Ma po moi, mancai calincuna borta s’èssit inténdiu ancora, in coru suu, su fillu ’e su rei, si depìat cuntentai de is pantalonis de fustànniu, azzappulàus in genùgus	Ma per adesso, benché qualche volta si sentisse ancora, in cuor suo, il figlio del re, doveva accontentarsi dei pantaloni di fustagno con le pezze alle ginocchia
Babbu fut torrau un’annu e prus, e Millieddu traballàt trancuillu Fut torrendiddi, a pag’a pagu, s’alligrìa de s’edadi sua	Suo padre era ritornato da più di un anno e Millieddu lavorava tranquillo, stava riacquistando, lentamente, l’allegria della sua età
Andendu o torrendu ’e buttega a bòrtas agatàt a Romano, su maistu ’e scola:	Andando o tornando da bottega qualche volta incrociava Romano, il maestro di scuola:
“Bongiorno signor Romano”.	“Buongiorno signor Romano”.
Una dì Romano dd’ìat firmau:	Un giorno Romano l’aveva fermato:
Millieddu ddu ìat penzau appenas:	Millieddu aveva riflettuto appena:
“Va bene Bèngiu cras e merì, candu bessu ’e traballai”.	“Va bene, vengo domani sera, appena finisco di lavorare”.
(Eita at a bolli A iscolla cun issu no ddui seu stétiu mai, candu fua balilla issu no fut in bidda	(Cosa vorrà A scuola, con lui, io non ci sono mai stato, quando ero balilla lui non era in paese
Su babbu fut Centurione della Milizia, fut issu ch’ìat fattu a babbu capusquadra	Il padre era Centurione della Milizia, era lui che aveva fatto babbo caposquadra
De Su Maistu babbu in domu no ’nd’at mai chistionau	Di Su Maistu, in casa babbo non ne aveva mai parlato
Giai chi babbu, de candu est istétiu accanta est istétiu, de is cosas passàdas no ’ndi ’òllit prusu mancu intendi	Già che babbo, da quando è stato dov’è stato, di queste cose non vuole nemmeno sentirne
Si dd’ap’a nai o no, a babbu, ca mi ’òllit Romano	Glielo dirò o no, a babbo, che Romano mi vuol parlare
Ma, mi pàrit ca no	Ma, mi sembra di no
Beh, ddu naru a mamma).	Beh, lo dirò a mamma).
S’incràs Romano fut abettendiddu	L’indomani Romano stava aspettandolo
Dd’ìat fattu intrai nello studio, un’aposentu mannu cun d’unu parastàggiu cantu ’e su muru, prenu ’e lìburus, una scrivania	Lo aveva fatto entrare nello studio, una stanza grande con uno scaffale pieno di libri che prendeva tutto il muro, una scrivania
Dd’ìat fattu sezzi	L’aveva fatto sedere
Millieddu ìat incrubàu sa conca, bregungiosu	Millieddu aveva chinato la testa, vergognoso
“Se anziché a Biddanoa – ìat sighìu Romano – ti fossi trovato in un paese più grosso, o in città, studioso com’eri, a quest’ora staresti ancora frequentando le scuole, le superiori, naturalmene	“Se anziché a Biddanoa – aveva continuato Romano – ti fossi trovato in un paese più grosso, o in città, studioso com’eri a quest’ora staresti ancora frequentando le scuole, le superiori, naturalmente
Millieddu ìat pesau is ògus e dd’ìat castiau: forzis calincuna cosa fut arrennescendu a cumprendi	Millieddu aveva alzato gli occhi e l’aveva guardato: forse qualcosa cominciava a comprendere
Si fut citìu e si fut postu a gioghittai cun d’unu lapis, abettendu	Aveva terminato e si era messo a giocherellare con un lapis, aspettando
Millieddu si fut fattu penzamentosu, poi dd’ìat arrespustu:	Millieddu si era fatto pensieroso, infine aveva risposto:
“A me mi piacerebbe pure, portare la divisa di avanguardista, la domenica, poita a intru ’e cida traballu, già lo sa	“A me mi piacerebbe pure, portare la divisa da Avanguardista, la domenica, perché in settimana lavoro, lei lo sa
Ma timu ca babbu, che dopo la prigione non ha più neanche la tessera, non so se mi darà il permesso”.	Ma temo che babbo, che dopo la prigione non ha più neanche la tessera, non mi darà il permesso”.
Millieddu fut iscurtendiddu arrùbiu che su fogu	Millieddu stava ascoltandolo rosso come il fuoco
Millieddu no ìat cumpréndiu beni, e Romano s’indi fut acatau	Millieddu non aveva capito bene e Romano se n’era accorto
Fut cumenzendu a iscorigai e Romano s’indi fut pesau e ìat alluttu una lucerna: a Millieddu ddi fut partu chi fèssit bessendu su soli	Cominciava a far buio, Romano si era alzato ed aveva acceso una lucerna: a Millieddu era sembrato che stesse sorgendo il sole
In domu fut abettendiddu Sara, Luisicu no fut contoniau ancora	In casa lo attendeva Sara, Luisicu non era ancora rincasato
Millieddu, prexau che una pasca, dd’ìat contau totu su chi dd’ìat nau Romano, ma sa mamma no s’indi fut alligràda meda	Millieddu, contento come una pasqua, le aveva raccontato tutto ciò che gli aveva detto Romano, ma la madre non se ne era rallegrata granché
Candu Sara ìat crétiu ca fut su momentu giustu, solus in domu, s’ìat pigau a Luisicu a brazzettu, dd’ìat fattu sezzi e dd’ìat contau totu su chi dd’ìat nau Millieddu	Quando Sara aveva creduto che fosse giunto il momento adatto, soli in casa, aveva preso Luisicu a braccetto, l’aveva fatto sedere e gli aveva raccontato tutto ciò che aveva detto Millieddu
Luisicu dd’ìat ascurtàda e dd’ìat arrespustu cun pagus fueddus:	Luisicu l’aveva ascoltata, poi:
“Crasi òllu intendi a Millieddu”.	“Domani voglio sentire Millieddu”.
S’incràs, apusti pràngiu, s’ìat zerriau a Millieddu in s’aposentu ’e lettu:	L’indomani, dopo pranzo, aveva chiamato Millieddu nella stanza da letto:
“Millieddu, naraddi a Romano chi no mi sèghit sa mazza, ca deu, po genti comente issu, seu mortu	“Millieddu, dì a Romano che non mi rompa le scatole, che io, per gente come lui, sono morto
Naraddi, de parti mia, ca mi dispràxit chi su chi è suzzédiu in Biddanoa immoi ’e dus annus, no sìat suzzédiu in Roma e deu ddu èssi stétiu: ca tandu, anziché pigai a ficchida’ de pei in paneri quattru cacciàppus allimbrìus chi tremìanta che i sa canna, m’ìat èssi pràxiu de fai sa própiu cosa col suo amato duce e cun calincun’àturu de is chi ddi lìngint is peis	Digli, da parte mia, che mi dispiace che ciò che è successo qui in Biddanoa due anni fa non sia successo a Roma, perché se fosse successo, e io ci fossi stato, anziché prendere a calci in culo quattro omuncoli da due soldi che tremavano come canne, mi sarebbe piaciuto fare la stessa cosa col suo amato duce e con qualche altro di quelli che gli leccano i piedi
E naraddi puru ca babbu tuu istat beni coment’esti, senza ’e meris chi ddu cumàndinti e i ddi fàzzanta nai o zerriai cosas chi ddi furriànta su stògumu	E digli pure che tuo padre sta bene com’è, senza padroni che lo comandino e gli facciano dire o gridare cose che gli rivoltano lo stomaco
Mi dispràxit chi sìasta tui a ddi depi nai custas cosas, ma teni passiénzia, est unu prexeri chi babbu è pedendudì: naraddi, po acabai, ca sa tessera ’e su fasci e i’ gradu’ de sa millìzia s’inci ddus fìcchidi deu no m’indi fazzu nudda	Mi dispiace che debba essere tu, a dirgli queste cose, ma abbi pazienza, è un piacere che babbo ti sta chiedendo E per finire digli che la tessera del fascio e i gradi della Milizia se li può ficcare…, io non me ne faccio nulla
Po tui fai comenti ti pràxidi, immoi ses in edadi ’e cumprendi	In quanto a te, fa come ti pare, adesso sei in età di comprendere
Una cosa, però, anzi’ duas: no ti ’ollu biri in domu bestìu ’e fascista e no mi pèdasta dinai po ti comporai divisa”.	Una cosa, però, anzi due: in casa non voglio vederti vestito da fascista e non chiedermi soldi per comprarti divise”.
“Abbiamo conseguito il cinquanta per cento del risultato – ìat nau Romano candu Millieddu fut torrau –. Accontentiamoci, per ora”.	“Abbiamo conseguito il cinquanta per cento del risultato – aveva detto Romano quando Millieddu era ritornato da lui –. Conteniamoci, per ora”.
Ma prima de torrai a domu ’e Romano, Millieddu, chi non bolìat nai a su maistu su chi dd’ìat nau su babbu, ìat fueddau cun sa mamma:	Prima di ritornare da Romano, Millieddu, che non voleva riferirgli quanto gli aveva detto il padre, aveva parlato con la mamma:
Romano dd’ìat arregalau sa divisa, ma ìat nau che era un regalo dell’O.N.B.: camicia nera con cordelline bianche, pantaloni grigioverdi alla zuava e cappello alpino cun d’una pinna ’e pilloni	Romano gli aveva regalato la divisa, ma aveva detto che era un regalo dell’O.N.B.: camicia nera con cordelline bianche, pantaloni grigioverdi alla zuava, e cappello alpino con una penna d’uccello nella fascia
Millieddu sa divisa dd’ìat aggradéssia meda (cantu dd’ìat disigiàda!). Ma dd’ìat bófia lassai in sede, s’ìat èssi cambiau innì e totu prima di cominciare le esercitazioni e apùstis acabàdas	Millieddu la divisa l’aveva gradita molto (quanto l’aveva desiderata!). Ma aveva voluto lasciarla in sede: si sarebbe cambiato lì stesso, prima e dopo le esercitazioni
Romano no ìat fattu pregòntas	Romano non aveva fatto domande
Dónnia domìnigu, tra is noi oras e mesudì, si cuàda in d’una màccia ’e moddizzi, e senza chi dd’èssit bistu nèmus castiàt cun is ògus de chini s’ind’intèndit le esercitazioni chi balillas e avanguardistas fìanta in su stradoni, tra sa carronada ’e Predi Carta e sa funtana ’e Ziu Marras, al comando del capomanipolo Romano	Tutte le domeniche, tra le nove e mezzogiorno, Luisicu si nascondeva in un macchione di lentischio, e da lì, senza che nessuno lo vedesse, osservava con occhio critico le “esercitazioni” che Balilla e Avanguardisti facevano nello stradone, tra la curva di Predi Carta e la fontana di Ziu Marras, al comando del capomanipolo Romano
De comenti cumandàda, si bìat ca Romano fut istétiu ufficiale di complemento: energico, preciso, sicuro	Dal modo in cui comandava, si capiva che Romano era stato ufficiale di complemento: energico, preciso, sicuro
Mancai ’nd’idd’èssit partu bregùngia de su chi fut fendu, Luisicu domìnigu apusti ’e domìnigu, di aundi fut cuau ìat bistu su chi scìanta fai balilla e avanguardistas in fatto di ordine chiuso e di altre esercitazioni	Benché in cuor suo provasse vergogna di ciò che stava facendo, Luisicu, domenica dopo domenica, dal suo nascondiglio vedeva ciò che erano capaci di fare Balilla ed Avanguardisti in fatto di ordine chiuso e di altre esercitazioni
Veramenti de custus piccioccheddus a issu no ’ndi ddi importàt nudda, a issu dd’importàt de unu sceti, de Millieddu	Veramente di tutti quei ragazzi a lui non importava molto, anzi nulla, a lui interessava uno solo, Millieddu
E dónnia domìnigu dd’ìat bistu, scattante ma sériu che unu veru sordau, cumandendu prima is piccioccheddus prus piticus, i balilla, poi, cun is gradus arrùbius de capusquadra in su brazzu, una bintena di avanguardistas, chi no cumprendìat de innui ’nd’èssinti bessìus	Ed ogni domenica l’aveva visto, scattante ma serio come un vero soldato, prima al comando dei più piccoli, i Balilla, poi con i gradi rossi di caposquadra al braccio, al comando di una ventina di Avanguardisti, che Luisicu non capiva da dove fossero venuti fuori
Biendu a Millieddu, su méllus de totus, su chi, nelle pause, Romano si tenìat sèmpiri a su costau comente chi fèssit un’aiutante maggiore, a Luisicu ddi parìat de biri a issu e totu in d’una vida passàda, e si cummovìat, e indi ddi parìat bregùngia de custu puru, fut comente chi èssit circau de torrai a bivi sa gioventudi sua cuau in d’una màccia ’e moddizzi che unu furoni	Vedendo Millieddu, il migliore di tutti, che nelle pause Romano si teneva sempre vicino come se fosse un aiutante maggiore, a Luisicu sembrava di vedere se stesso in una vita passata, e si commuoveva, e si vergognava anche di questo, era come se stesse cercando di rivivere la sua gioventù nascosto in quel macchione di lentischio come un ladro
Unu mangianu ìat bistu a Millieddu ch’ìat firmau una sfilata de balillas a spall’armi cun su muschettu ’e linna, ìat fattu benni ananti suu a su fradi, Defendenti, chi no andàt a passu, dd’ìat postu sull’attenti, sériu, e dd’ìat fattu unu bellu cicchettu	Una mattina aveva visto Millieddu che aveva fermato una sfilata di balilla a spall’arm, col moschetto di legno, aveva chiamato Defendenti, suo fratello, che non andava al passo, l’aveva messo sull’attenti, serio, e gli aveva fatto un bel cicchetto
Peccau chi no èssit póziu intendi su chi fut nendiddi	Peccato che non avesse potuto sentire ciò che gli diceva
Ma solu, cuau in cudda màccia, Luisicu si fut postu a arrìri: si fut arregordau de una borta chi issu puru, candu fut sergenti, in retrovia, fendu fai ordine chiuso a su plotoni suu comenti ordinànta is cumandus po tenni occupata la truppa, ìat postu sull’attenti a Félis, su fradili, chi fut capitau in sa décima po pagu témpus e no bolìat andai a passo cun sa scusa ca fut fradili de su sergenti	Ma, solo, nascosto in quel macchione, Luisicu si era messo a ridere: si era ricordato che una volta, quando anche lui, sergente, in retrovia faceva fare “ordine chiuso” al suo plotone, come ordinava il Comando per tenere occupata la truppa, aveva messo sull’attenti Felis, suo cugino, capitato per qualche mese alla decima, il quale non voleva tenere il passo contando sull’impunità che pensava gli derivasse dal fatto di essere cugino del sergente
Luisicu torràt a domu sèmpiri prima ’e is fillus, e cussu domìnigu, candu si fùanta sézzius a prandi, ìat bistu ca Defendenti cun Millieddu mancu si castiànta	Luisicu rincasava sempre prima dei figli, e quella domenica, quando si erano seduti a tavola, aveva visto che Defendenti con Millieddu non si guardavano nemmeno
“Eita teneis, bosàturu’ dus?”.	“Cosa avete, voi due?”.
“Babbu, custu mangiànu Millieddu m’at postu sull’attenti e is àturus s’indi funt arrìsius”.	“Babbo, stamattina Millieddu mi ha messo sull’attenti, e gli altri si sono messi a ridere e mi hanno preso in giro”.
Luisicu ìat arziau sa boxi, cosa chi fìat pagus bòrtas, e pistau su pinnigósu a sa mesa:	Luisicu aveva alzato la voce, cosa che faceva di rado, e aveva battuto un pugno sul tavolo:
“S’apu nau ca no bòllu intendi nudda de su chi feis fora’ di ’omu su ’omìnigu a mengianu	“Ho detto mille volte che non voglio sentire nulla di ciò che fate fuori di casa la domenica mattina
Funti cosas chi no m’interèssanta, gei ddu sciéis!”.	Sono cose che non mi riguardano, lo sapete!”.
Sa primu borta chi Sa Prazzitta ìat inténdiu “sa boxi”, fut comente chi èssit inténdiu passendu, tra is murus de is domus, s’imperdàu e su celu scuriosu, unu bentu buliòni nieddu, callau	La prima volta che Sa Prazzitta aveva udito “la voce” era come se avesse udito passare, tra i muri delle case, il selciato e il cielo scuro, un vento impetuoso, nero, denso
“Sa boxi” fut una boxi allena, lèggia, forti, e indi bessìat arrembombendu de mesu ’e unu trumbullu di àtaras boxis, medas, chi parìanta is boxis de totu sa genti ’e su mundu; de mesu di arremórius prus fortis de su tronu, de scribìllius, de canzonis cantàdas totus impari, cun prepoténzia	“La voce” era una voce aliena, brutta, forte, e veniva fuori rimbombando da un baccano infernale di altre voci, molte, che sembravano le voci di tutta la gente del mondo; da un rumore di tuono, ma più forte, da urli, da strilli, da canzoni cantate in coro con furore, con prepotenza
Is boxis de Sa Prazzitta, is boxis antìgas e is àtaras, scumpàrtas, spimpiridàdas, sprofundàdas asutta ’e terra	Le voci di Sa Prazzitta, le voci antiche e le altre, scomparse, sbriciolate, sprofondate sotto terra
Sceti cudda:	Solo quella:
Cussu dus de meseladàmini, a mericeddu, genti in Sa Prazzitta ddu ind’ìat	Quel due di ottobre, all’imbrunire, gente in Sa Prazzitta ce n’era
Sì, sì, ddu ind’ìat, bisòngiat a nai sa beridadi: assummancu cinquanta cristianus, forzis de prus, óminis, s’intèndit	Sì, sì, ce n’era, bisogna dire la verità: almeno cinquanta cristiani, forse di più; uomini, s’intende
Senza ’e contai is piccioccheddus de scola, totus in divisa, mascus e féminas, e is maistas, in divisa issas puru, e il capomanipolo Romano chi cumandàt totu sa minudànzia	Senza contare i ragazzi di scuola, tutti in divisa, maschi e femmine, e le maestre, in divisa anch’esse, e il capomanipolo Romano che comandava tutta la minutaglia
Facci a is quattru, Tiu Pepi ìat postu una mesixedda in su curridóriu ’e su Municipiu, e in pizzus de sa mesixedda, la radio	Verso le quattro Tiu Pepi aveva messo un tavolinetto nel balcone del Municipio, e sul tavolinetto la radio
La radio fut a pile, ca sa lux’elettrica no dd’ìanta posta ancora, e prima chi èssit arrennéscia a ispiccigai unu fueddu, sa radio miaulàt, zaulàt, iscribilliàt e fìat sonus chi tirànta is nérbius, comente chi fèssinti frighendu una forchitta in d’unu prattu de ferru smartau	Era una radio a pile, perché la luce elettrica ancora a Biddanoa non era arrivata, e prima di riuscire a spiccicare una parola la radio miagolava, abbaiava, strillava e faceva rumori che tiravano i nervi, come quando si sfrega una forchetta su un piatto di ferro smaltato
Sa própiu cosa sa radio ìat fattu in cussu “storico” mericeddu	La stessa cosa la radio aveva fatto in quello “storico” pomeriggio
Tiu Pepi fut po perdi sa passiénzia, candu a is cincu ìat inténdiu, issu, issu sceti, ca fut s’ùnicu chi cumprendìat sa radio candu fueddàt a truncu ’e lingua, Tiu Pepi ìat inténdiu la voce di Starace che ordinava, per le ,, lo schieramento delle moltitudini nei luoghi prescelti per ascoltare l’atteso discorso del Duce	Tiu Pepi stava per perdere la pazienza, quando, alle cinque, lui, lui solo, che era l’unico che capisse la radio quando parlava “a tronco di lingua”, Tiu Pepi aveva sentito la voce di Starace che ordinava, per le ,, lo schieramento delle moltitudini nei luoghi prescelti per ascoltare l’atteso discorso del Duce
E dal balcone del Municipio, poderendusì a s’arringhera comente chi Starace fèssit issu, Tiu Pepi ìat arrepìtiu l’ordine alla moltitudine biddanoesa, chi de su restu fut giai schierata in Sa Prazzitta	E dal balcone del Municipio, aggrappandosi alla ringhiera come se Starace fosse lui, Tiu Pepi aveva ripetuto l’ordine alla moltitudine biddanoesa, che del resto era già tutta schierata in Sa Prazzitta
Il capomanipolo Romano, cun Millieddu a su costau, ìat intonato Giovinezza e gli altri canti della Rivoluzione, e canti guerreschi chi dexìant a quanto fra poco il Duce avrebbe annunciato, e maistas, balillas, avanguardistas e piccole italiane dd’ìanta postu infattu	Il capomanipolo Romano, con Millieddu al fianco, aveva intonato Giovinezza e gli altri canti della Rivoluzione e canti guerreschi consoni a quanto fra poco il Duce avrebbe annunciato, e maestre, balilla, avanguardisti e piccole italiane si erano uniti al coro
Apusti di ónnia canzoni, Viva il Duce, Eia eia Alalà, A noi: parìat che la gioventù littoria de Biddanoa èssit fendu su stroccìu a is boxis e a is canzonis chi s’intendìant in sa radio, de Roma	Dopo ogni canzone, Viva il Duce, Eja Eja Alàlà, A noi: sembrava che la gioventù littoria di Biddanoa stesse rifacendo il verso alle voci e alle canzoni che si sentivano alla radio, da Roma
Intantis parte della moltitudine chi no ìat agatau accantu si sezzi e no tenìat gana di abarrai strantàxa prus de un’ora e mesu, s’inci fut torràda a domu: a is setti torraus, ìat nau	Intanto parte della moltitudine, che non aveva trovato dove sedersi e non aveva voglia di stare in piedi per più di un’ora e mezza, era tornata a casa: alle sette torniamo, avevano detto
Luisicu fut andau a domu ’e Federicu, di accantu s’intendìat crara (po modu ’e nai) sa radio ’e Tiu Pepi: issus puru, mancai cun àturu coru, bolìant intendi totu su ch’ìat èssi nau su maccu, custu merì	Luisicu era andato a casa di Federicu, da dove si udiva chiara (per modo di dire) la radio di Tiu Pepi: anche loro, benché con altro cuore, volevano sentire ciò che avrebbe detto il pazzo, stasera
Alle , – ìat nau sa radio – la vetrata del balcone principale di palazzo Venezia si sta aprendo: su trumbullu fut crésciu, ’ndi prenìat totu su mundu	Alle , – aveva detto la radio – la vetrata del balcone principale di Palazzo Venezia si sta aprendo: il frastuono era cresciuto, ne riempiva il mondo
Alle , precise, il Duce, cun boxi arrabiosa, ìat pronunciato l’atteso discorso	Alle , precise, il Duce, con voce rabbiosa, aveva pronunciato l’atteso discorso
Sa dì infattu,  ottobre , i reparti avanzati dell’esercito italiano ìant attraversato il Maréb: sa guerra contro l’Abissinia fut cumenzàda	Il giorno dopo,  ottobre , i reparti avanzati dell’esercito italiano avevano attraversato il Mareb: la guerra contro l’Abissinia era incominciata
guerra po modu ’e nai, narànta is cumbattentis della ’-, si fut duràda sceti pagus mesis, e cumbàttia cun pagus sordaus, una parìga ’e divisionis, no prusu	guerra per modo di dire, dicevano i combattenti della ’-, se era durata solo pochi mesi e combattuta con pochi soldati, un paio di divisioni, non di più
E poi si bìat de Biddanoa, mancai fèssit pitica: no ìanta richiamau a nèmus, in Africa Orientale ’nd’ìat partìu dus isceti, chi però fùanta giai asutta ’e s’armas, de leva: Giovanni, su fillu ’e Ponifógu, chi fut partìu con la Divisione “Assietta”, e su fillu ’e Su Buttegheri con la Divisione “Sabauda”,  Battaglione mitraglieri	E poi si vedeva da Biddanoa, per quanto fosse piccola: non avevano richiamato nessuno, in Africa Orientale ne erano partiti soltanto due, che però erano già sotto le armi, di leva: Giovanni, il figlio di Ponifogu, che era partito con la Divisione “Assietta”, e il figlio di Su Buttegheri con la Divisione “Sabauda”,  Battaglione mitraglieri
Su fillu ’e su Buttegheri fut in Sassari, in Distrettu, ma tanti ìat fattu chi fut partìu in A.O con la “Sabauda”, volontario	Il figlio di Su Buttegheri era a Sassari, in Distretto, ma tanto aveva fatto che era partito con la “Sabauda”, volontario
Romano, fillu ’e babbu, ìat fattu domanda issu puru po partìri luegu con i reparti mobilitati di Camicie Nere, ma chini scit poita, sa domanda no si dd’ìant accettàda	Romano, figlio di tanto padre, aveva fatto domanda per partire subito anche lui con i reparti mobilitati di Camicie Nere ma, chissà perché, la sua domanda non era stata accettata
E ddi fut dispràxiu meda	E gli era molto dispiaciuto
Sa dì e totu chi fut torrau, in gennàrgiu de su trintasetti, su fillu ’e Su Buttegheri fut bessìu a Sa Prazzitta, fut fendu tempus bonu	Il giorno stesso del suo ritorno, in gennaio del trentasette, il figlio di Su Buttegheri era andato a Sa Prazzitta, faceva bel tempo
Ma deu creu ca fut Sa Prazzitta chi dd’ìat zerriàu, Sa Prazzitta chi bolìat intendi ancora is contus de calincunu chi fut torrau, de innui si sìat chi èssit torrau, fèssit chini fèssit	Ma io credo che fosse stata Sa Prazzitta, a chiamarlo, Sa Prazzitta che voleva ancora sentire i racconti di qualcuno che era tornato, da dovunque fosse tornato, fosse chi fosse
Però su fillu ’e Su Buttegheri, prus de contai su ch’ìat fattu in Africa, ìat dépiu arrespundi a is pregòntas chi dd’ìanta fattu tres o quattru cumbattentis anzianus della ’-, una spézia ’e interrogatóriu:	Però il figlio di Su Buttegheri, più che raccontare ciò che aveva fatto in Africa, aveva dovuto rispondere alle domande che gli venivano fatte da alcuni anziani combattenti della ’-, una specie di interrogatorio:
“Deu no arrennésciu a cumprendi eit’arrazza ’e guerra eis fattu ’osàturus In setti mesis anch’eis conquistato tutto l’impero etiopico, cos’’e nudda	“Io non riesco a capire che razza di guerra avete fatto – aveva detto uno di loro –. In sette mesi dite che avete conquistato tutto l’impero etiopico, cosa da nulla
Ma fut guerra de movimentu, o ita guerra fudi?”.	Ma era guerra di movimento, o che razza di guerra era, la vostra?”.
“Nareus ca fut guerra di movimento, s’Africa no è logu de ddui fai una guerra di posizione, che sa ch’eis fattu bosàturus	“Diciamo che era guerra di movimento, l’Africa non è luogo dove si possa fare la guerra di posizione, come quella che avete fatto voi
Per lo più andiàus all’inseguimento dell’esercito abissino o delle bande, apustis chi s’aviazioni ddus ìat mitragliàus”.	Per lo più andavamo all’inseguimento dell’esercito abissino e delle bande, dopo che l’aviazione li aveva mitragliati”.
“Tandu is cumbattimentus depìant èssi stétius pagus…”.	“Allora i combattimenti devono essere stati pochi…”.
“Unu generali ingresu at nau che in una guerra coloniale può succedere di tutto, anche di combattere”.	“Un generale inglese ha detto che in una guerra coloniale può succedere di tutto, anche di combattere”.
“E comenti armas, eita portiàis?”.	“E come armi, cosa avevate?”.
“Is chi portiàis bosàturus: fucile  e mitragliatrice pesante Fiat , raffreddamento ad acqua”.	“Quelle che avevate voi: fucile  e mitragliatrice pesante Fiat , raffreddamento ad acqua”.
“E tui eita portàsta?”.	“E tu cosa portavi?”.
“Deu fua portatreppiede	“Io ero portatreppiede
Il treppiede pesàt bintunu chilu, gei ddu sciéis”.	Il treppiede pesava ventun chili, lo sapete”.
“Comenti ddu portàsta?”.	“Come lo portavi?”.
“Da Adigràt finzas a Dessiè, cincuxentus chilometrus, dd’apu portau a coddu, senz’’e basto, alla bersagliera	“Da Adigràt fino a Dessiè, cinquecento chilometri, l’ho portato sulle spalle, senza basto, alla bersagliera
Ma de Dessiè finzas a Addis Abeba seu andau scaùcciu, fosìli e cartuccias e tres bombas O.T.O., àturus cincuxentus chilometrus sèmpiri a pei sotto le grandi piogge, pren’’e priógu e mort’’e fàmini	Ma da Dessiè fino ad Addis Abeba, sono andato scarico, fucile e cartucce e tre bombe a mano O.T.O., altri cinquecento chilometri, sempre a piedi, sotto le grandi piogge, pieno di pidocchi e morto di fame
Ma sa guerra immoi fudi giai acabàda, Badoglio fut arribau a Addis Abeba”.	Ma la guerra, adesso, era finita, Badoglio era arrivato ad Addis Abeba”.
“E de cussa ‘grandu battàllia’ di Amba Alagi, eita si còntas?”.	“E di quella ‘grande battaglia’ dell’Amba Alagi cosa ci racconti?”.
Su fillu ’e Su Buttegheri ddu ìat penzau unu pagheddu, poi, mancai de malagana, ìat arrespustu:	Il figlio di Su Buttegheri aveva esitato, ma dopo un po’, benché di malavoglia, aveva risposto:
“Amba Alagi est unu monti che su Pizzu ’e Scangiàlis, ma prus artu e prus mannu, meda	“Amba Alagi è un monte come Pizzu ’e Scangialis, ma più alto e più grande, molto più grande
Is abissinus fùant in punta, e s’ìant èssi pózius difendi arrumbulendu perda e basta	Gli abissini erano sulla vetta e si sarebbero potuti difendere rotolando sassi e basta
Parìat una posizione imprendibile	Sembrava, ed era, una posizione imprendibile
Ma fut intervenuta l’aviazione e gli aerei ìanta bombardau s’Amba Alagi punta e costeras accantu ddui bivìat genti, con bombe a gas”.	Ma era intervenuta l’aviazione e gli aerei avevano bombardato l’Amba Alagi, cima e costoni dove viveva la gente, con bombe a gas”.
“Eita gas?”.	“Che gas?”.
“Iprite”.	“Iprite”.
A is cumbattentis de sa quindici-diciotto cussu fueddu ddus ìat isfridaus	A quella parola i combattenti della ’- si erano sentiti gelare
Ddis ìat arregordau s’ùrtim’annu ’e sa guerra, candu is tedescus ìanta cumenzau a ghettai s’iprite	Ricordava loro l’ultimo anno di guerra, quando i tedeschi avevano cominciato a usare l’iprite
Le maschere antigàs no fut sèmpiri chi serbìant, calincuna no portàda mancu filtro	Le maschere antigas erano pressoché inservibili, spesso mancavano perfino del filtro
E pru’ de unu ’nd’ìada spudau is prumònis	Più d’uno di loro aveva sputato i polmoni
E liàgas	E piaghe
S’iprite fut istàda sa peus cosa ’e sa guerra	L’iprite era stata la cosa peggiore della guerra
Is cumbattentis no ìanta fattu àtaras pregontas, e su fillu ’e Su Buttegheri ìat acabau su contu cun su fueddu maladittu	I vecchi combattenti non avevano fatto altre domande, e il figlio di Su Buttegheri aveva finito il suo racconto con la parola maledetta
Poi ci fut torrau a domu, penzamentosu: ddi fùanta torraus a ògus is abissinus di Amba Alagi, fuliàus pe parti di accantu fut passendu su battallioni, óminis féminas e pipìus mesu spollìncus, cun is carris liagàdas chi ddis pendìanta de is cambas e de is brazzus, abbruxàdas	Poi era tornato a casa, pensieroso: rivedeva gli abissini dell’Amba Alagi sdraiati per terra dove passava il battaglione, uomini e donne ustionati atrocemente, bambini seminudi con le carni piagate, a brandelli, che pendevano dai corpi sfigurati
Citìus, pedìant aggiùdu cun is ògus, e tui camminàsta bregungiosu circhendu de no ddus castiai, ca ti parìat curpa tua puru si fùant in cussu stadu, ma moi no podìasta fai nudda po ddus aggiudai	Muti chiedevano aiuto con gli occhi, e tu camminavi vergognoso cercando di non vedere, perché ti sentivi anche tu colpevole delle sofferenze di quei poveretti, ma non potevi far nulla per aiutarli
Candu fut intrendu in domu, sériu, Tia Pissentica dd’ìat bistu e dd’ìat castiau serrendu appena is ògus, comente chi èssit inténdiu su ch’ìat contau e dd’èssit lìggiu aintru:	Quando era entrato in casa, serio, Tia Pissentica l’aveva guardato socchiudendo appena gli occhi, come se avesse sentito ciò che aveva raccontato e gli avesse letto dentro:
“Mi pàrit ca t’ind’è passàda sa gana…”.	“Mi sembra che te n’è passata la voglia”.
No ìat arrespustu nudda	Non aveva risposto
De sa birdiera serràda si bìat Sa Prazzitta, deserta in su scorìu chi fut calendu, muda, atterrìa	Dalla porta a vetri si vedeva Sa Prazzitta, deserta nel buio incombente, muta, atterrita
Luisicu ìat sighìu a si cuai in sa màccia ’e moddizzi e de ingùnis, si pòdit nai, ìat biu a Millieddu crescendu de unu domìnigu a s’àturu	Luisicu aveva continuato a nascondersi nel macchione di lentischio e da lì, si può dire, aveva visto Millieddu crescere di domenica in domenica
Tenìat sex’annus	Aveva sedici anni
dexessetti	diciassette
dexiottu…, Millieddu, s’annu chi ’énit dexennoi e at a passai sa visita di leva	diciotto, Millieddu, l’anno venturo ne avrà diciannove e passerà la visita di leva
Abili, gei ddu creu, artu che su babbu, strìgili che su babbu, e forti, e intelligenti	Abile arruolato, lo credo bene, alto quanto il padre, snello come il padre, e forte, e intelligente
Ìat fattu totu is iscòlas de Biddanoa, finzas a sa quarta, ma Romano ddi ’onàt unu lìburu infattu ’e s’àturu, e apusti cena Millieddu liggìat finz’a tradu, a luxi ’e candela	Aveva frequentato tutte le scuole di Biddanoa fino alla quarta, ma Romano gli dava un libro dopo l’altro, e dopo cena, a letto, Millieddu leggeva fin tardi, a lume di candela
Innui dd’ìant èssi mandau, fanteria, artiglieria, bersaglieri	Dove l’avrebbero assegnato, fanteria, artiglieria, bersaglieri
Beh, dd’ìat èssi pràxiu chi dd’èssinti mandau nei bersaglieri, ma moi c’ìat armas noas, corpus nous, carristi, paracadutisti, aviazione	Beh, a lui, Luisicu, gli sarebbe piaciuto che l’assegnassero ai bersaglieri, ma adesso c’erano armi nuove, corpi nuovi, carristi, paracadutisti, aviazione
De seguru Millieddu soldato semplice no ìat èssi abarrau	Di sicuro Millieddu soldato semplice non sarebbe rimasto
E si èssit postu sa firma	E se avesse messo la “firma”? Ebbene
Ebbènis Ìat èssi fattu carriera, finza a maresciallu maggiori, in pagu tempus, istruìu coment’esti	Avrebbe fatto carriera fino a maresciallo maggiore in poco tempo, istruito com’era
E poi chini scidi	E poi, chissà
Ma de seguru Millieddu ìat èssi fattu su chi no ìat póziu fai su babbu, eccu, fórzis de prusu	Ma di sicuro Millieddu avrebbe fatto ciò che non aveva potuto fare lui, forse di più
E issu, su babbu, ’nd’ìat èssi tentu unu grandu prexeri, dd’ìat èssi partu ca su dépidu chi tenìanta cun issu fèssit istétiu pagau	E lui, suo padre, ne avrebbe avuto un grande piacere, gli sarebbe sembrato che il debito che avevano con lui fosse stato pagato
Bìat a Millieddu in divisa, artu i elegante, cun sa sciàbula asutta su brazzu, e forse con la sciarpa azzurra e le spalline di ufficiale	Vedeva già Millieddu in divisa, alto ed elegante, con la sciabola sotto il braccio, e forse con la sciarpa azzurra e le spalline da ufficiale
no cùrrasta	non correre
E poi càstia ca fillus indi tènis tres, no tènis isceti a Millieddu: de Ninnu, de Defendenti, eita ’ndi féus?”.	E poi bada che figli ne hai tre, non hai solo Millieddu: di Ninnu, di Defendenti, cosa ne facciamo?”.
“Ninnu e Defendenti eita c’ìntranta?”.	“Ninnu e Defendenti cosa c’entrano?”.
“No funti fillus tus cussus puru?”.	“Non sono tuoi figli anche loro?”.
“Segùru, ca funti fillu’ mius	“Certo, che sono miei figli
Ma poita custa domanda	Ma perché questa domanda
De issusu m’indi seu frigau, frózisi	Di loro me ne sono fregato, forse
Ninnu, candu Millieddu si dd’at nau, no ’nd’at bófiu mancu intendi, de intrai avanguardista	Ninnu, quando Millieddu glielo ha detto, non ne ha voluto nemmeno sentire di entrare avanguardista
Ddi pràxit a imparai s’arti ’e su pardinu, maistu ’e pannu e braberi	Gli piace il mestiere del padrino, sarto e barbiere
Su ’omìnigu àndat cun gopai Nicolla a fai braba’ di ’omu, guadàngiat calincunu soddu e no tènit tempu’ di andai cun Romano a fai istruzioni, e poi ddi pràxit pagu	La domenica va già con compare Nicola a fare barbe di casa, guadagna qualche soldo e non ha tempo per andare da Romano a fare istruzione E poi fare ciò che fa Millieddu a lui poco gli piace
Ninnu est unu piccioccheddu trancuillu, bonu che i su pani e traballanti	Ninnu è un ragazzo tranquillo, buono come il pane e lavoratore
È giudiziosu che i sa mamma, de issu seu seguru, issu arziàda’ de conca che i su babbu no ’nd’at a fai mai”.	È giudizioso come la madre, di lui sono sicuro, lui alzate di testa come quelle del padre non ne farà mai”.
“E Defendenti	“E Defendenti
De Defendenti, eita ’ndi nas?”.	Di Defendenti cosa ne dici?”.
“Ma, Defendenti po moi fàidi sceti su chi nat Millieddu, po su fradi s’inc’ìat a iscudi a su fogu	“Mah, Defendenti per adesso fa solo ciò che gli dice Millieddu, per il fratello si butterebbe nel fuoco
Mancai cèrtanta puru, callincuna ’orta, po cosa’ de nudda, comente totu is piccioccheddus, però ddis pàssada luegu, si ’òllinti ’eni	Bisticciano pure, qualche volta, come fanno i ragazzi, però gli passa subito, si vogliono bene
Defendenti ancora è piticu, no ddu scidi manch’issu su chi at a bolli fai	E poi Defendenti è ancora piccolo, non lo sa nemmeno lui ciò che vorrà fare
Candu fut pipìu fut malaidóngiu, e immoi puru è débilli, no è che is fradis, e no esti mancu abistu meda, sa beridàdi	Da bambino era malaticcio, e anche adesso è debole, non è come i fratelli E non è nemmeno troppo sveglio, la verità
“Millieddu Millieddu	“Millieddu, Millieddu
Po tui no c’è che Millieddu, no bis chi a issu	Per te non c’è che Millieddu, non vedi che lui
Asi giai dezìdiu tui su chi dèpit fai, senza ’e scìri si cussa po issu sìat sa strada giusta, a innui dd’at a podi portai	Hai già deciso tu quello che deve fare Senza sapere se quella che hai scelto tu per lui sia la strada giusta, dove potrà portarlo
Càstia a tui…”.	Guarda tu…”.
Totu beru	Tutto vero
Mancai èssit bófiu beni meda a tot’a is tres, Millieddu po Luisicu fut calincuna cosa prus che unu fillu,	Benché volesse bene a tutti e tre, Millieddu per Luisicu era qualche cosa di più che un figlio, era lui
fut issu e totu torrau a s’edàdi ’e Millieddu	stesso tornato all’età di Millieddu
Millieddu, no tenìat duda, fut pighendu sa strada po arribai accantu su babbu bolìat chi èssit arribau	Millieddu, non aveva alcun dubbio, stava per imboccare la strada per arrivare dove il padre voleva che arrivasse
Millieddu portàt sa camisa niedda	Millieddu, oggi, portava la camicia nera
Passiénzia, forzis fut su prézziu chi depìat pagai	Pazienza, forse era il prezzo che doveva pagare
E poi dda pòrtat òi, cras at a portai is istellettas	E poi la porta oggi, domani porterà le stellette
In s’interis a Mussolini dd’ìat èssi póziu ’enni s’antrecoru o calincun’àturu mali, e tandu addio camicia nera, addiu fascismu, addiu fascistas e cumpangìa bella	Intanto a Mussolini gli sarebbe potuto scendere anche un accidente o qualche altro male peggiore, e allora addio camicia nera, addio fascismo, addio fascisti e compagnia bella
Ma is istellettas, is istellettas no ddas ìat èssi toccadas mai nisciunus	Ma le stellette, le stellette non le avrebbe toccate mai nessuno
Però a bortas, penzendu a Millieddu cun is istellettas, anziché èssi cuntentu si ddi scorigàt su coru: is istellettas bolìanta nai medas cosas, bonas e malas	Però a volte, pensando a Millieddu con le stellette, anziché essere contento, gli si oscurava il cuore: le stellette significavano molte cose, buone e cattive
E is cosas malas de is istellettas	E le cose cattive delle stellette
No, no bolìat penzai a cosas istróllicas: s’annu chi ’énit Millieddu at a fai sa premilitare	No, non voglio pensare a cose sciocche: l’anno venturo Millieddu frequenterà la premilitare
Cussus fùant is annus de s’abettu, mancai èssit partu ca Biddanoa s’èssit abituada a cuddu grandu segamentu ’e mazza chi fut il fascismo, chi fattu-vattu custringìat gli iscritti a si ponni sa camisa niedda e a andai ananti ’e su Municipiu a arrespundi “Presente” candu il segretario politico, po is festas nazionalis, fìat l’appello dei caduti liggendu is nòminis in sa làpide; oppuru candu Tiu Pepi ponìat sa radio in su curridóriu po fai ascurtai i discorsi di Mussolini, Duce del fascismo e immoi Fondatore dell’Impero puru, e calincuna borta i discorsi de cuddu “gerarca” biddanoesu, chi ddus acabàt sèmpiri cun s’éia éia per il nostro ammatto ducce e bisongiàt a arrespundi alalà, no s’indi podìat fai de mancu	Quelli erano gli anni dell’attesa, benché sembrasse che Biddanoa si fosse abituata a quella grande rottura di balle che era il fascismo, che di tanto in tanto costringeva gli iscritti a mettersi la camicia nera e ad andare davanti al Municipio a rispondere “Presente” quando il segretario politico, per le feste nazionali, faceva l’appello dei Caduti leggendo i nomi nella lapide, oppure quando Tiu Pepi metteva la radio nel balcone per far ascoltare i discorsi di Mussolini, Duce del Fascismo e adesso anche Fondatore dell’Impero, e qualche volta i discorsi di quel “gerarca” biddanoese che finivano sempre con l’eja eja ‘per il nostro ammatto ducce’ e bisognava rispondere alàlà, non se ne poteva fare a meno
No, Biddanoa no si fut abituàda al fascismo in totu e po totu, però no arrennescìat a pigai sonnu che una borta	No, Biddanoa non si era abituata al fascismo in tutto e per tutto, però non riusciva a prendere sonno come un tempo
Cussus fùanta is annus de s’abettu po casi totu su mundu, e cuss’abettu, che unu sùlidu ’e bentu chi èssit móviu appena is follas de is pioppus de Su Fenu, fut intrau in Biddanoa puru	Quelli erano gli anni dell’attesa per quasi tutto il mondo, e quell’attesa, come un vento che per ora avesse appena mosso le foglie dei pioppi di Su Fenu, era entrata anche in Biddanoa
A is settanta e prus biddanoesus ch’ìanta passau dexi mesis in presoni, a is chi ascurtànta calincunu fueddu chi ci bessìat a Sìnzula, torrau de su cunfinu, parìat chi si ddis èssit firmau s’arrespìru, abettendu su chi stentànta finzas e a crei chi èssit póziu suzzedi	Ai settanta e più biddanoesi che avevano passato dieci mesi in galera, a quelli che ascoltavano qualche parola che sfuggiva a Sìnzula, tornato dal confino, sembrava che si fosse fermato il respiro, in attesa di ciò che stentavano perfino a credere che sarebbe potuto accadere
Immoi su coru ’e Luisicu fut una pregonta schinnizzosa chi no iscìat a chini fai, e Sa Prazzitta, candu sa genti chi ddui pinnigànt amarolla ci torràt a domu, parìat imperdàda a tristura, parìat s’accorru de unu logu abbandonau	Adesso il cuore di Luisicu era una domanda angosciosa che non sapeva a chi rivolgere, e Sa Prazzitta, quando la gente che vi era stata radunata controvoglia tornava a casa, sembrava selciata di tristezza, sembrava la corte di un luogo abbandonato
Fueddus comente Monaco, Hitler, Germania, nazismo, annessione dell’Austria, Sudeti, e poi Patto d’acciaio, e Danzica, e ° settembre  le truppe germaniche varcano il confine con la Polonia, e  maggio  le Forze armate del ° Reich invadono Belgio e Olanda e la Francia è subito in ginocchio, fùanta fueddus ch’intrànta a fura in Sa Prazzitta, pimpirìda ’e su mundu in abbolottu, in su stradoni, in is domus, accantu alluppànta is sonnus de sa genti e is oras de sa vida, fueddus firmus in s’àiri senza chi a nèmus fèssinti bessìus de bucca, senza chi nèmus ddus èssit portaus de logus attesu	Parole come Monaco, Hitler, Germania, nazismo, annessione dell’Austria, Sudeti, e poi Patto d’acciaio, e Danzica, e ° settembre  le truppe germaniche varcano il confine con la Polonia, e  maggio  le forze armate del ° Reich invadono Belgio e Olanda e la Francia è subito in ginocchio, erano parole che entravano di nascosto in Sa Prazzitta, briciola del mondo in scompiglio, nello stradone, nelle case, dove soffocavano i sogni della gente e le ore della vita, parole ferme nell’aria, mai pronunciate da alcuno, non portate da alcuno da luoghi lontani
Àturus, comente non belligeranza, fùanta fuèddus scrittus in s’aqua: immoi is oras de s’abettu fùant acabendu, sa cosa chi donniunu timìat fut po suzzèdi: Tiu Pepi ìat tentu s’órdini de tenni pronta sa radio in curridóriu	Altre, come non-belligeranza, erano parole scritte sull’acqua: le ore dell’attesa stavano per finire, la cosa che ognuno temeva stava per accadere: Tiu Pepi aveva avuto l’ordine di tenere pronta la radio nel balcone del Municipio
Sa Prazzitta trattènit su sùlidu, s’inci stésiat su tallu ’e is annus, is fattus suzzédius, is contus inténdius, su sànguni bistu, ballus e sònus, e pantàsimas e santus in prucissioni	Sa Prazzitta trattiene il fiato, si allontana il gregge degli anni, i fatti successi, i racconti uditi, il sangue già visto, balli e suoni, e fantasmi e santi in processione
Òi Sa Prazzitta est un’àtara borta perda murus e genti, e corus istrintus e pena, abettendu sa boxi maladitta chi ’nd’at a bessìri ’e su stùggiu	Oggi Sa Prazzitta è di nuovo pietre muri e gente, e cuori stretti e pena, in attesa che la voce maledetta venga fuori dalla cassetta nera dov’è rinchiusa
E “sa boxi” ’ndi béssit cun fueddus chi attèrrint, càlat che una seguri chi nèmus pòdit firmai:	E la voce viene fuori con parole gravi che pesano su tutti come una condanna:
“ (baccanu, zaccarramànus, soLA DICHIARAZIONE DI GUERRA nus, zérrius guerra guerra squàrtaranta sa radio) LA DICHIARA ZIONE DI GUERRA È GIÀ STATA CONSEGNATA AGLI AMBASCIATORI DI G B F ”. RAN RETAGNA E DI RANCIA Cand’ìntrat in domu, abruddau, Sara ddu scidi giai	“ (baccano, battimani, suoni, LA DICHIARAZIONE DI GUERRA grida guerra guerra squassano la radio) LA DICHIARAZIONE DI G B GUERRA È GIÀ STATA CONSEGNATA AGLI AMBASCIATORI DI RAN RETA F ”. GNA E DI RANCIA Quando entra in casa, torvo, Sara sa già tutto
Fut abettendiddu spasimàda, sola, sa primu borta chi s’est inténdia sola, in prus de bint’annus:	Stava attendendolo, sola, agitata, la prima volta che si era sentita sola, in più di vent’anni:
“Luisicu, i ragazzi, is piccioccheddus…”.	“Luisicu, is piccioccheddus, i ragazzi…”.
Ninnu è sordau, è partìu in abrili, e Millieddu est àbili, at a partìri in s’atóngiu, o in gennaxu, no si scidi	Ninnu è soldato, è partito in aprile, e Millieddu è “abile” e partirà in autunno, o in gennaio, non si sa
Luisicu ddi pònit su brazzu in pàlas, poi ddi pàssat sa manu in pilus, a lébiu, comenti fìat ancora, a bòrtas:	Luisicu si avvicina, le mette un braccio intorno alle spalle, le sfiora i capelli con la mano, leggero, come fa ancora, a volte:
“No tìmasta, questa guerra finisce presto, non è come l’altra, quel deliquente s’è postu con i tedeschi, che sono forti, maledetti li vedano, a issu i a is tedescus”.	“Non temere, questa guerra finisce presto, non è come l’altra, quel delinquente s’è messo con i tedeschi, che sono forti, maledetti che siano, lui e i tedeschi”.
Millieddu e Defendenti contóniant a su scorigadróxu	Millieddu e Defendenti rincasano all’imbrunire
Tèninti gana de ’ndi chistionai, si bidi, ma tìminti su babbu	Hanno voglia di parlarne, si vede, ma hanno soggezione del padre
Òi però seus in guerra, accidenti	Oggi però siamo in guerra, accidenti
Eppuru no s’azzàrdanta	Eppure non si azzardano
È Luisicu, invecis, chi si fùrriat a Millieddu:	È Luisicu, invece, che si rivolge a Millieddu:
“Tui candu pàrtis?”.	“Tu quando parti?”.
“Ma, in novembre, creu, o in gennàxu, gei si dd’apu nau”.	“Mah, in novembre, credo, o in gennaio, gliel’ho già detto”.
“De innoi a tandu at èssi acabau totu”.	“Da qui ad allora sarà finito tutto”.
Millieddu no nàrat nudda Né issu né is àturus	Millieddu non dice nulla, né lui né gli altri
Cenendu no béssit mùsciu a nisciùnus	Mentre mangiano nessuno pronuncia una parola
Nottesta no è che is àtaras nottis, candu donniùnu tenìat calincuna cosa ’e contai	Stanotte non è come le altre notti, quando ognuno aveva qualcosa da raccontare
Nottesta is penzamentus di onniùnu cùrrint isparzinaus, ma adóbianta totus a su própiu logu, a sa própiu cosa	Stanotte i pensieri di ciascuno prendono strade diverse, ma alla fine si incontrano tutti nello stesso punto, intorno alla stessa cosa
E sa cosa est aìntru ’e coxina, in pizzu’ de sa mesa, in dónnia corrazzu	E la cosa è là, in cucina, sulla tavola, dappertutto
Fuéddat fetti Sara, cun is ògus, chi càstiant a Luisicu e a Millieddu prenus de pregontas, abettendu fueddus chi no béssinti	Parla soltanto Sara, con gli occhi che guardano Luisicu e Millieddu pieni di domande, in attesa di risposte che non arrivano
Sa facci ’e Luisicu est unu portali criau, ma Millieddu arrespùndit a sa mamma pesendusindi e sezzendusìddi a su costau, castiendidda cun is ògus nieddus de su babbu, trancuillus, pàrint arriendu	La faccia di Luisicu è una porta sprangata, ma Millieddu risponde alla mamma alzandosi e sedendo al suo fianco, guardandola con gli occhi neri del padre, tranquilli, ridenti
Defendenti ìat a tenni una grandu gana ’e fueddai, ma sa mirada ’e su babbu ddu fìrmat, no si pòdit	Defendenti ha una gran voglia di parlare, ma lo sguardo del padre lo ferma, non si può
A s’ora ’e si corcai Sara s’indi pèsat, sèrrat s’enna: Millieddu e Defendenti funt innoi, in domu, a su segùru, ma Nino, Nino è fuori, lontano, in su scurìu, solu	Quando stanno per andare a letto Sara si alza, chiude la porta: Millieddu e Defendenti sono qui, in casa, al sicuro; ma Nino, Nino è fuori, lontano, nel buio, solo
Prus a tardu, corcau ma scidu, Millieddu intèndit su babbu e sa mamma in s’aposentu accanta, fueddendu a iscusi finz’a tardu	Più tardi, coricato ma sveglio, Millieddu sente il padre e la madre nella stanza accanto parlare sottovoce fin tardi
Mamma è preoccupàda meda, dda ’ntèndit, e babbu cun passiénzia è circhendu de dd’appaxiai: questa guerra dura poco, lo sanno tutti, stai tranquilla, loro non ci andranno, vedrai	Mamma è molto preoccupata, la sente, babbo, con pazienza, cerca di tranquillizzarla: questa guerra dura poco, lo sanno tutti, stai tranquilla, loro non ci andranno, vedrai
Millieddu puru ’nd’ìat a bolli chistionai, mancai cun su fradi, ma Defendenti s’è dormìu, a issu sa guerra no è cosa chi ddu pònit in penzamentu	Anche Millieddu vorrebbe parlarne, magari col fratello, ma Defendenti dorme, la guerra non lo mette troppo in pensiero
No fut, si pòdit nai, ancora cumenzàda, e custa guerra ddi torràt a portai a sa memoria is penzamentus antìgus, is ideas cunfùndias de bint’annus innanti, candu, appenas congedau, ìat cumenzau a biri sa guerra cun àturus ogus, a circai ’e cumprendi su chi podìat èssi sa guerra, chini dda fìat movi, poita, si a s’umanidadi beni no ’ndi portàda, anzis	Non era, si può dire, ancora cominciata, e questa guerra gli riportava alla memoria gli antichi pensieri, le idee confuse di vent’anni innanzi, quando appena congedato aveva incominciato a vedere la guerra con altri occhi, a cercare di comprendere cosa poteva significare la guerra, chi l’aveva scatenata, perché, dato che all’umanità non portava alcun vantaggio, tutt’altro
Custa puru ìat èssi stétia che s’àtara, corruttu e patimentus, forzis peus, ma issu dda bìat cun ogus differentis de is chi narànta ca de custa tenìat curpa sceti Mussolini, e forzis fut beru, ma po Luisicu custa guerra puru, che dónnia guerra, no fut che una strasùra chi si pesàt de sèi e totu, e sa nexi no dda podìat tenni Mussolini sceti, o cudd’àturu, su tedescu, chi no fùanta chi óminis, mancai malus	Anche questa sarebbe stata, come l’altra, lutti e sofferenze, ma lui la vedeva con occhi diversi da coloro che ne davano la responsabilità soltanto a Mussolini, e forse era anche vero, ma per Luisicu anche questa guerra, come tutte le guerre, non era che una tempesta tremenda che scoppiava da sola, e la colpa non poteva averla soltanto Mussolini, o qualche altro, il tedesco, ché non erano altro che uomini, benché votati al male
Forzis issus puru obbidìant a calincunu chi no fut ómini, ma chi no podìat èssi Deus, mancai fut su dimóniu, si fut beru ca s’agatànta, s’unu e s’àturu	Forse anche loro obbedivano a qualcuno che non era un essere umano, ma che non poteva essere Dio, forse il Demonio, se era vero che esistevano, l’uno e l’altro
Ma si perdìat, cun custus arrexonamentus, e sa guerra tandu no fut prus sa guerra, fut calincuna cosa chi si ddi paràda a ananti una presénzia, una figura bia, mala, manna, cun farrancas e sànnas, chi si ponìat tra issu e is piccioccheddus e ammalezzàt de ’ndi ddus pigai, si èssit tentu s’órdini	Si smarriva in questi ragionamenti, e la guerra allora non era più la guerra, era qualcosa che gli si presentava davanti, una presenza viva, malvagia, grande, con zanne e con artigli, che si frapponeva tra lui e i ragazzi e minacciava di portarglieli via, se ne avesse avuto l’ordine
Visionis, ma malas a iscumparri, che sa néula chi a de notti si pesàt de s’arrìu, e a mesu mengianu fut ancora firma in s’àiri, tra Flumindosa e su celu	Visioni, ma che tardavano a scomparire, come la nebbia che di notte si alzava dal fiume, e la mattina era ancora ferma nell’aria, tra Flumendosa e il cielo
Ninnu, sordau ’e leva in su ° Fanteria, in Sassari, po moi fut a su seguru, aillargu ’e sa guerra:	Ninnu, soldato di leva nel ° Fanteria, a Sassari, per adesso era al sicuro, lontano dalla guerra:
Ascurtàda is fueddus de su fillu chi Sara ddi liggìat e si furriàt, beffianu, a cudda figura lèggia chi si ddi firmàt a ananti: “Passiénzia, po moi cun Ninnu ses frigàda…”.	Ascoltava le parole del figlio che Sara gli leggeva e si voltava, beffardo, a quella figura orrenda che gli si fermava davanti: “Pazienza Per adesso con Ninnu sei fregata…”.
Ma Millieddu Millieddu fut sa pena sua	Ma Millieddu Millieddu era la sua pena
Naràt ca forzis ìat èssi partìu in ottobre, e si cumprendìat ca no bìat s’ora	Diceva che forse sarebbe partito in ottobre, e si capiva che era impaziente
Accantu si sìat chi dd’èssinti mandau, fanteria, artiglieria bersaglieri, Luisicu fut seguru ca Millieddu ìat èssi fattu ’e totu po andai in zona di operazioni, in calisisìat logu fèssint	Dovunque l’avessero assegnato, fanteria, artiglieria, bersaglieri, Luisicu era certo che Millieddu avrebbe fatto di tutto per essere mandato in zona d’operazioni, dovunque fosse
Immoi Millieddu candu bessìat de buttega fut sèmpiri cun Romano, chi fut abettendu de partìri in Africa Settentrionale cun sa Milizia, aici naràda	Adesso Millieddu, quando lasciava il lavoro, stava sempre con Romano che era in attesa di partire per l’Africa Settentrionale con la Milizia, così diceva
Millieddu ìat èssi partìu cun issu, si èssit póziu, Luisicu ’ndi fut segùru Ma no podìat, oramai Millieddu appartenìat all’Esercito fut àbili in attesa di partenza, e cun s’esércitu su sordau dd’ìat èssi fattu, con le stellette, comenti bolìat su babbu, e no s’ìat èssi postu prus sa maladitta camisa niedda, grazias a Deus	Millieddu apparteneva all’Esercito, e con l’Esercito si sarebbe arruolato, e avrebbe portato le stellette, come desiderava suo padre, e non avrebbe più indossato la maledetta camicia nera, grazie a Dio
Millieddu però assimbillàt troppu a su babbu, e Luisicu timìat chi si Millieddu fèssit andau in guerra s’ìat èssi cumportau che su babbu e totu, a su tempus suu, fendu sconcàdas, iscudendusinci a sa zurpa accantu ddu ìat prus pirìgulu, arrischendu sa vida dónnia dì	Millieddu però rassomigliava troppo a suo padre, e Luisicu temeva che se suo figlio fosse andato in guerra si sarebbe comportato allo stesso modo, buttandosi alla cieca dove maggiore era il pericolo, rischiando la vita ogni giorno
Ìant èssi benìus is primus gradus, sa primu medàllia, e poi	Sarebbero venuti i primi gradi, la prima medaglia, e poi
No, no, moi sa guerra fut peus de tandu, unu chi èssit fattu is cosas ch’ìat fatt’issu, a domu sua no ddu ìat èssi torrau mai prusu	No, no, la guerra adesso era peggiore di allora, uno che faceva le stesse cose che aveva fatto lui, a casa sua non sarebbe tornato di certo
Penzendu custas cosas si ddi scorigàt su coru, e bìat, comente chi fèssit giai suzzédiu, su ch’ìat fetti penzau, ma ddi donàt sa própiu tristura e affannu, ’ndi ddi pigàt sonnu e appititu	Pensando a queste cose gli si stringeva il cuore e vedeva come se fosse già accaduto ciò che aveva soltanto paventato, ma gli dava la stessa tristezza, lo stesso affanno, gli toglieva sonno e appetito
“Ma scusa, Luisicu, no t’ind’arregòrdas prus de candu ti cuàsta in d’una màccia ’e moddizzi po biri a Millieddu fendu ordine chiuso	“Ma scusa, Luisicu, non ti ricordi di quando ti nascondevi nel macchione di lentischio per vedere Millieddu avanguardista impegnato nelle esercitazioni e nell’ordine chiuso
E de candu ddu bìasta giai sergenti, cun isciàbula e totu, e maresciallu, e mancai cun is ispallìnas?… Tui, custas cosas è prus puru, si contaus is medaglias, ti ddas as guadangiàdas cun sa guerra, e immoi ca Millieddu, chi t’assimbìllat in medas cosas, è probabili chi àndit in guerra, accantu is occasionis no dd’ant a mancai, tui giai giai ses ponendudì a prangi!”.	E di quando lo vedevi già sergente, con sciabola e tutto, e maresciallo, e forse anche con le spalline?… Tu queste cose, ed altre ancora, te le sei guadagnate con la guerra, ed adesso che Millieddu, che t’assomiglia in molte cose, è probabile che vada in guerra, dove le occasioni non gli mancheranno, tu ti stai quasi mettendo a piangere!”.
“Ma tandu tui no as cumpréndiu una conch’’e cazzu	“Ma allora tu non hai capito un cazzo
Millieddu no tènit abbisóngiu ’e sa guerra po arribai a sergenti e a maresciallu	Millieddu non ha bisogno della guerra per arrivare a sergente e a maresciallo
Millieddu est istruìu, no è che mei a s’edadi sua	Millieddu è istruito, non è come me alla sua età
A maresciallu ddui pòdit arribai senza ’e guerra peruna, torr’a nai, e senza ’e perunu sforzu	A maresciallo può arrivare tranquillamente anche senza guerre, torno a dire, e senza alcuno sforzo
Ma cun sa guerra, eita ’ndi scìu su chi ddi pòdit suzzèdi	Ma con la guerra che ne so di ciò che può capitargli
E tandu ti naru ch’è mellus unu fillu biu, mancai senza ’e gradus, che unu fillu mortu, chi de is gradus no ìat a isciri eita s’indi fai	E allora ti dico che è meglio un figlio vivo, anche senza gradi, che un figlio morto, che dei gradi non saprebbe cosa farsene
Unu fillu est unu fillu, e candu penzas ca sa guerra malladitta t’indi ddu pòdit pigai…”.	Un figlio è un figlio, e quando pensi che la guerra maledetta potrebbe portartelo via…”.
Cun is ulliéras in punta ’e nasu, Tiu Noratu è liggendu su giornali:	Con gli occhiali sulla punta del naso, Tiu Noratu sta leggendo il giornale:
La guerra con la Francia est acabàda, hanno firmato l’armistizio	La guerra con la Francia è già finita, hanno firmato l’armistizio
Dd’at lìggiu Tiu Noratu in su giornalli	L’ha letto Tiu Noratu nel giornale
“Si ’èttat custu bandu – cun su premissu de su Podestà –. Avvértit – il secretario politico – ca candu – in sa radio – lìgginti – il Bollettino di guerra – sa genti chi è sézia – in Sa Prazzitta – s’indi dèpit – pesai strantàxa”.	Si dà questo bando – col permesso del Podestà –. Avverte – il Segretario politico – che quando – alla radio – viene letto – il Bollettino di guerra – la gente che è seduta – in Sa Prazzitta – si deve alzare – in piedi
Ma su secretario politico, a s’ora chi sa radio trasmittìat il Bollettino di guerra, in Sa Prazzitta no ddui passàt mai	Ma il Segretario politico, quando la radio trasmetteva il Bollettino di guerra, in Sa Prazzitta non passava mai
Po no biri ca sa genti sézzia fut e sézzia abarràda	Per non vedere che alla lettura del Bollettino la gente che era seduta non si muoveva nemmeno
E deu seu ancora innoi, porca miseria (Millieddu).	Ed io sono ancora qui, porca miseria (Millieddu).
In Sa Prazzitta arrùmbulant àturus nòminis, chi sa radio ’ndi spùdat dónnia merì de su curridóriu: Tobruk, Marsa Matruh, Sidi Barrani	In Sa Prazzitta rotolano altri nomi, che la radio sputa ogni sera dal balcone: Tobruk, Marsa Matruh, Sidi Barrani
Pàrinti farrancàdas di acciòus	Sembrano manciate di chiodi
Meseladàmini	Ottobre
Nuis a tallus, su soli s’incràrat, poi si cùat	Nuvole a branchi, il sole si affaccia, poi si nasconde
De Cuccuru ’e Callia si bit Flumindosa ancor’unfrau, nieddu, inchietu	Da Cuccuru ’e Callia si vede Flumendosa ancora gonfio, nero, inquieto
Nottesta passàda è calàda s’unda, anguidda meda, in is nassàrgius	Stanotte è scesa la piena, molte anguille nelle nasse
A is tres Tiu Pepi est ispainendu sa posta in mesu su fragu de s’anguidda a arrustu:	Alle tre Tiu Pepi sta distribuendo la posta in mezzo all’odore delle anguille arrosto:
Una firma qua, un’àtara innoi, sulla ricevuta	Una firma qua, un’altra qua, sulla ricevuta
La ricevuta a mei, sa cartolina a tui	La ricevuta a me, la cartolina a te
Ancora cincu dis	Ancora cinque giorni
Pàssanta	Passano
No, non venire alla stazione, mamma, aió, seu cun is cumpàngius	“No, non venire alla stazione, mamma, aiò, sono con i compagni
già viene Defendente	già viene Defendenti
Tui e babbo venite solo finz’a Cuccuru ’e Callia dai, ma’: non piangere, non sto andando in guerra, seu andendu a fai su sordau, che is àturus	Tu e babbo venite solo fino a Cuccuru ’e Callia Dai, ma’, non piangere, non sto andando in guerra, sto andando a fare il soldato, come gli altri
E fustei, ba’, no mi nat nudda	“E lei, ba’, non mi dice nulla?”.
Nudda, fillu miu, nudda	“Nulla, figlio mio, nulla”.
Dd’ìat imprassau e aggiumai si fut postu a prangi	L’aveva abbracciato sforzandosi di trattenere il pianto
Setti dis abettendu, Sara, e in cussas setti dis parìat chi sa radio dd’èssit tenta contras a issa, fut che unu fusili chi de su curridóriu èssit pigau ’e mira sceti a issa:	Sette giorni ad aspettare, Sara, e in quei sette giorni sembrava che la radio ce l’avesse con lei, era come un fucile che dal balcone prendesse di mira solo lei:
“No, a Millieddu in guerra po moi no ddu pòdinti mandai, è recluta, dèpit imparai medas cosas, prima	“No, a Millieddu in guerra per adesso non possono mandarlo, è recluta, deve imparare molte cose prima
Ma a s’ora chi passàt Tiu Pepi, issu puru fut in domu, abettendu impari cun Sara, in pena issu puru senza ’e ddu fai biri	Ma quando passava Tiu Pepi con la posta, anche lui era sempre in casa, in attesa insieme a Sara, in pena anche lui senza darlo a vedere
Candu fut arribàda sa lìttara, Sara si dd’ìat passàda de una manu a s’àtara prima ’e dd’aberri: no, no è de Millieddu, è di Nino, conosco la calligrafia, e poi ecco qua il timbro, Posta Militare 	Quando era arrivata la lettera Sara se l’era rigirata tra le mani prima di aprirla: “No, non è di Millieddu, è di Nino, conosco la calligrafia, e poi ecco qua il timbro, Posta Militare ”.
Cun totu chi al ° Fanteria ddui fut su fradi, a Millieddu no dd’ìat fattu tanti prexeri, cand’ìat inténdiu ca ddu mandànt a Sassari	Nonostante che al ° Fanteria vi fosse il fratello, a Millieddu non aveva fatto tanto piacere quando al Distretto gli avevano comunicato la sua destinazione: ° Fanteria, a Sassari
Issu ìat èssi bófiu andai in continenti, in qualche reggimento in partenza per l’Africa settentrionale, a combattere contro gli stramaledetti inglesi, invecis dd’ìanta lassau in Sardìnnia, in d’unu reggimentu chi de Sassari no s’ìat èssi móviu mai, a su chi narànta	Lui sarebbe voluto andare in continente, in qualche reggimento in partenza per l’Africa Settentrionale, a combattere contro gli stramaledetti inglesi, invece l’avevano lasciato in Sardegna, in un reggimento che da Sassari non si sarebbe mai mosso, a quanto dicevano
A Ninnu custu dd’andàt beni, a issu no	A Ninnu questo andava bene, a lui no
Ma no ìat èssi mancàda s’occasioni, appena finito l’addestramento: si dd’ìat nau il comandante di plotone, unu sottotenenti chi dda penzàt che issu e totu: “finito l’addestramento ti porterò con me alla nona compagnia, vedrai che in Africa riusciremo a farci mandare”.	Ma non sarebbe mancata l’occasione, appena finito l’addestramento Glielo aveva detto il suo comandante di plotone, un sottotenente che la pensava come lui: “Finito l’addestramento ti porterò alla nona compagnia, vedrai che in Africa riusciremo a farci mandare”.
Aici differentis s’unu de s’àturu, aici agualis a su babbu tot’a is dus, custus fillus de Luisicu	Così diversi l’uno dall’altro, così uguali al padre tutti e due, questi figli di Luisicu
Unu, Millieddu, immoi fut pintu e lintu su babbu in gioventudi, sa propi’àiri, sa própiu gana de fai, e in prus custu macchiori chi ci dd’ìanta postu in conca de candu fut pipìu, prima sa maista, la Patria, l’Eroe Luisicu, il Re, il Duce; e poi Romano, il Fascismo, l’Italia Fascista, l’ansia di combattimento della gioventù del Littorio	Uno, Millieddu, adesso era identico al padre in gioventù, la stessa aria, la stessa voglia di fare la guerra come se davvero fosse l’unica cosa che un uomo deve fare, e in più questa pazzia che gli avevano messo in testa da quando era bambino, prima la maestra: la Patria, l’Eroe Luisicu, il Re, il Duce; e poi Romano: il Fascismo, l’Italia Fascista, l’ansia di combattimento della gioventù del Littorio
Po custu ddi fìat feli chi anziché mandarlo a combattere coment’ìat èssi bófiu, dd’èssinti mandau in d’unu reggimentu chi tot’a s’imprùs fìat calincuna marcia – comenti naràt su tenenti – nel triangolo Sassari-Ittiri-Ploaghe	Per questo gli faceva rabbia che anziché a combattere, come avrebbe voluto, l’avessero mandato in un reggimento che tutt’al più faceva qualche marcia – come diceva il tenente – nel triangolo Sassari-Ittiri-Ploaghe
S’àturu, Ninnu, assimbillàt a su babbu issu puru, ma a su babbu in àtara edadi, a su babbu oramai senza ’e divisa	L’altro, Ninnu, rassomigliava al padre anche lui, ma al padre in altra età, al padre ormai senza divisa
In àturu modu de Millieddu, chi de cand’ìat connotu a Romano ìat circau de s’indi scancellai ’e sa memoria sa figura ’e su babbu bestìu ’e burghesu, de su babbu in cudda dì di austu e apustis in presoni, a Ninnu ddi parìat ca própiu in cudda dì di austu di ott’annus innanti, su babbu ìat fattu sa mellus cosa chi èssit póziu fai in sa vida: si fut arrebellau a is autoridadis chi bolìanta ponni su pei in su zugu a sa genti, e dd’ìat pagàda cun dexi mesis de presoni	In diversa maniera da Millieddu, che da quando aveva conosciuto Romano aveva cercato di cancellarsi dalla memoria la figura del padre vestito in borghese, del padre in quella notte di agosto e dopo, in prigione, a Ninnu sembrava, per quanto confusamente che, proprio in quel giorno di agosto di otto anni innanzi, suo padre avesse fatto la miglior cosa che avrebbe potuto fare nella sua vita: si era ribellato alle autorità fasciste che volevano tenere la gente sotto i piedi, ed aveva pagato questo suo gesto con dieci mesi di prigione
Custu, fut coràggiu	Questo era coraggio
Ma stimànta a su babbu tot’a is dus, e Ninnu a su fradi prus piticu	Ma volevano bene al padre entrambi, e Ninnu al fratello più piccolo
E de candu si dd’ìat bistu a ananti in camerata, fradi e compagno d’armi in su própiu reggimentu, ìat penzau chi si Millieddu èssit tentu s’idea de fai calincuna arziàda ’e conca, issu, comente fradi prus mannu, dd’ìat èssi firmau in tempus	E dal momento in cui se l’era trovato davanti in camerata, fratello e compagno d’armi nello stesso reggimento, aveva pensato che, se Millieddu avesse tentato qualche colpo di testa, ci sarebbe stato lui, in qualità di fratello maggiore, ad impedirglielo
Ma no ci fut arrennésciu	Ma non c’era riuscito
S’ierru fut bessendinci a istentu, in Sassari, e in sa caserma Lamarmora is sordaus, fuliàus in cortile, si pigànta s’oghianu, apusti del primo rancio	L’inverno a Sassari stava per finire, e nella caserma Lamarmora i soldati, stravaccati nei cortili lungo i muri, si godevano il pallido sole, dopo il primo rancio
Ma prima chi sa trumba èssit sonau l’“attenti” ci torrànta totus in camerata o nei corridoi, e il Bollettino ddu scurtànta sézzius in terra o nei “castelli”.	Ma prima che la tromba suonasse “l’attenti” tornavano tutti in camerata o si sparpagliavano per i corridoi, e il Bollettino lo ascoltavano seduti per terra o nel bordo dei “castelli”.
No parìat chi a issus de sa guerra chi àturus sordaus fùanta cumbattendu in Africa, in Russia o in Grecia, ’ndi ddis èssit importau meda: a issus ddis importàda sceti chi èssit acabàda a lestru, però cumprendìanta ca no fut po moi	Non sembrava che a loro importasse molto della guerra che altri soldati stavano combattendo in Africa, in Russia o in Grecia: a loro importava soltanto che la guerra finisse presto, ma capivano che così non sarebbe stato
Po moi ddis importàda sceti de sa licenza: dieci più due a is sardus, dieci più quattro a is continentalis	Per il momento a loro interessava soltanto la licenza: dieci giorni più due ai sardi, dieci più quattro ai continentali
Mancai no fèssit passau mancu un’annu de candu fut partìu, a Ninnu ddi fut partu ca fùant imbecciàus tot’a is dus	Benché non fosse trascorso ancora un anno da quando era partito, a Ninnu era parso che fossero invecchiati tutti e due
Ma fut un’impressioni chi no fut duràda meda, poita apusti de unu pagheddu su prexu de dd’èssi bistu torra in domu ddis ìat istendiàu is frùngias in fronti e in is corrus de sa bucca	Ma l’impressione non era durata a lungo perché dopo un po’ la gioia di vederlo di nuovo in casa aveva disteso loro le rughe sulla fronte e agli angoli della bocca
Sara ìat passau bona parti de cussas dexi dis ananti ’e is forreddus, ma apusti cena, candu si sezzìanta totus ananti ’e sa ziminera, ca ancora fut fendu frìus, ascurtàt issa puru su chi contàt Nino e is pregontas chi ddi fìanta su babbu e Defendenti, chi no fidàt su fradi mancu unu momentu	Sara aveva trascorso buona parte di quei dieci giorni davanti ai fornelli, ma dopo cena, quando sedevano tutti davanti al camino, perché faceva ancora freddo, ascoltava anch’essa ciò che Nino raccontava e le domande che gli rivolgevano il padre e Defendente, che non si allontanava dal fratello nemmeno per un minuto
E in custas arrexònis a luxi ’e fogu su nòmini ’e Millieddu cumparìat, iscumparìat, torràt a cumparri, che sa fraca chi currìat a punta ’e su murcioni, s’indi studàt, torràt a tenni	E in questi discorsi alla luce del fuoco il nome di Millieddu compariva, scompariva, ricompariva, come la fiamma che correva in cima al tizzone, si spegneva, tornava ad ardere
A bortas, candu is arrexonis parìant acabàdas, Ninnu bìat a su babbu forroghendu in su cinìxu cun su ferrittu, penzamentosu, e sa mamma chi ddu castiàt, attenta	A volte, quando i discorsi sembravano finiti, Ninnu vedeva suo padre frugare col ferretto nella cenere facendo strani segni, pensieroso, assente, e sua madre che lo guardava attenta
Ddi castiàda is manus, castiàt su ferrittu, comente chi èssit cumpréndiu issa sceti, cuddus sinnalis arretrogàus	Guardava le sue mani, poi il ferretto, come se volesse decifrare, essa soltanto, quei complicati ghirigori
Dexi dis pàssant in d’un’arziàda ’i ògus, e bénit s’ora ’e partìri: su prantu citìu ’e sa mamma, s’impràssidu ’e su babbu	Dieci giorni passano in un battito di ciglia, e viene l’ora della partenza: il pianto sommesso di Sara, l’abbraccio di Luisicu
E is fueddus suus:	E le sue parole:
“Dona attenzioni a fradi tuu”.	“Sta attento a tuo fratello”.
Ma candu Ninnu fut torrau a Sassari de sa licenza a su fradi in caserma no dd’ìat agatau prus: Millieddu fut partìu sa dì innanti	Ma quando Ninnu era tornato a Sassari dalla licenza, suo fratello in caserma non c’era più: Millieddu era partito il giorno prima
Appenas intrau in caserma Ninnu fut andau a ddu circai	Appena entrato in caserma, Ninnu era corso a cercarlo
Candu fut partendu, Millieddu dd’ìat nau: “Porta cosa ’e bonu”. C’ìat penzau mamma, custu merì feus festa	Prima che partisse per la licenza, Millieddu gli aveva detto: “Porta cose buone”. Ci ha pensato mamma, stasera facciamo festa
Intrendu alla nona ìat agatau a Maggi, unu caporali chi connoscìat:	Mentre entrava nelle camerate della nona aveva incontrato Maggi, un caporale che conosceva:
Fut passau Donati, un’amigu ’e Millieddu, e si fut firmau:	Era passato Donati, un amico di Millieddu, e si era fermato:
Tres dis ddu ìat penzau, Ninnu, poi fut intrau in furerìa:	Tre giorni, ci aveva pensato, Ninnu, poi era entrato in fureria:
No fut mancu unu mesi chi fut partìu, Ninnu, a licenza acabàda, e immoi fut torrendu, a intru ’e unu baùlu	Non era trascorso ancora un mese da quando era ripartito dopo la licenza e adesso Ninnu stava ritornando, dentro una bara
Totu sa ’idda in stazioni, abettendiddu, su trenu è prus nieddu, e candu s’incràrat in sa trincera ’e terra arrùbia si pònit a passu ’e interru, e si fìrmat ananti ’e sa stazioni senza ’e fai sonu perunu, accuguddau	Tutto il paese alla stazione, aspettandolo, il treno è più nero e quando si affaccia dalla trincea di terra rossa si mette a passo di funerale e si ferma davanti alla stazione senza fare alcun rumore, aggrondato
S’incràranta dus sordaus cun su baùlu, e Sara si podèrat a Luisicu, e poi is àturus dus, e poi Millieddu bestìu ’e sordau ’ndi sàrtat de su trenu e s’impràssat sa mamma, su babbu, Defendenti, prangendu	Si affacciano due soldati con la bara e Sara si stringe a Luisicu, poi gli altri due, poi salta dal treno Millieddu vestito da soldato e abbraccia la mamma, il babbo e Defendenti, piangendo
Aici ’ndi fut sartau Luisicu diora meda, forzis fut in su sonnu, apusti de cuddu scimìngiu candu ddi fut partu di èssi po intrai in d’un’àtara trincera, e mortus e sànguni, e forzis fut custu fillu, o custu chi è camminendumì a su costau, e ìat aggiudau a Sara a ’ndi calai, e tandu puru genti meda in istazioni, e Santu Giulianu chi fut benìu a m’adobiai ca issu puru fut sordau, e agoa in coxina, e immoi custu fillu mortu in mesu su sànguni durante un’esercitazione, ma coment’est istétiu, Ninnu, fillu miu	Così era saltato Luisicu tanto tempo fa, forse era stato in sogno, dopo quella vertigine che gli aveva dato la sensazione che stesse per entrare in un’altra trincea, e morti, e forse era questo figlio o quest’altro che mi cammina a fianco, e aveva aiutato Sara a scendere, e anche allora molta gente alla stazione, e Santu Giulianu che mi era venuto incontro anche lui, che anche lui era soldato, e dopo in cucina, e adesso questo figlio morto in mezzo al sangue durante un’esercitazione, ma com’è stato, Ninnu, figlio mio
È mortu po curpa ’e su fradi	È morto per colpa del fratello
No, no, no pòdit èssi, bolìat beni a Millieddu, no ddu ’olìat lassai solu, ddi ’olìat fai de babbu, giudiziosu comenti fudi	No, no, non può essere, voleva bene a Millieddu, non voleva lasciarlo solo, voleva fargli da padre, giudizioso com’era
E Millieddu puru ddi ’olìat beni, fùanta fradi’ bonus	E anche Millieddu gli voleva bene, erano buoni fratelli
Però Ninnu è mortu e Millieddu è camminendu infattu suu, ma su de Millieddu puru mi pàrit distinu malu, sa guerra est abettendiddu, Ninnu no dd’at póziu firmai, po cussu è mortu	Però Ninnu è morto e Millieddu cammina dietro a lui, ma anche quello di Millieddu mi sembra cattivo destino, la guerra sta aspettandolo, Ninnu non è riuscito a fermarlo, per questo è morto
E Sara, scedàda, camminendu infattu ’e su carru cun d’una manu in su baùlu comente chi èssit tentu a Ninnu, pipìu, a manu pigàda, o comente candu ìat fattu custu stradoni sa primu ’orta e fattu-vattu si ponìat sa manu in brenti accantu fut cuddu pipìu chi fut benendu a nasci in Biddanoa e òi fut torrenduddoi in custu baùlu, cun totu sa ’idda infattu	E Sara, meschina, cammina dietro al carro con una mano sulla bara come se tenesse Ninnu per mano o come quando era passata per questo stradone la prima volta e di tanto in tanto si metteva la mano sul ventre dov’era questo bambino che stava venendo a nascere in Biddanoa e oggi vi sta ritornando dentro questa bara, con tutto il paese dietro a lui
Sa crésia, is òrgunus, sa luxi ’e is candèlas, sa genti, e custu prantu chi tòrrat a passai in Sa Prazzitta, issa puru in corruttu, e tòrrat a passai in su stradoni e si fìrmat in campusantu, ma no s’indi stùdat, tòrrat a domu e sìghit, a de dì, a de notti	La chiesa, l’organo, la luce delle candele, la gente, e questo pianto che passa in Sa Prazzitta anch’essa in lutto, e passa nello stradone, e si ferma in camposanto, e non si placa, ritorna a casa e continua, di giorno, di notte
Sa domu s’isbùidat de sa genti ma abàrrat sa tristura, is pagus fueddus, su scurìu chi cumènzat a intrai de s’enna ’e prazza, e nèmus allùit candela	La casa si è svuotata della gente ma rimane la tristezza, le poche parole, il buio che entra dalla porta del cortile, e nessuno accende un lume
Un’umbra frida chi pàrit Luisicu zérriat accanta sua un’àtar’umbra:	Un’ombra fredda che sembra Luisicu chiama vicino a sé un’altra ombra:
“Millieddu, bollu sciri coment’è mortu fradi tuu”.	“Millieddu, voglio sapere come è morto tuo fratello”.
A Millieddu ddi fut parta un’accusa: ìat incrubau sa conca, ma luegu ’ndi dd’ìat pesàda, no, no fut beru, su babbu bolìada sciri comenti fut suzzédiu, bisongiàt a dd’arrespundi	A Millieddu era sembrata un’accusa: aveva chinato la testa, ma subito l’aveva rialzata, no, non era vero, suo padre voleva sapere com’era successo, bisognava dirglielo
Si fut fattu fridu issu puru:	Si era fatto freddo anche lui:
“Is esercitazionis de is paracadutistas funt is peu’ de totus, màrcias comente in fanteria, ginnastica pru’ de is bersallieris, e il salto della cavallina, chini no ddu fàit beni ci acàbat in infermeria	“Le esercitazioni dei paracadutisti sono le peggiori di tutte, marce come in fanteria, ginnastica più dei bersaglieri, e il salto dalla cavallina, chi non lo fa bene finisce in infermeria
Ma sa prus pirigulosa è la torre	Ma la più pericolosa è la torre
Est una turri totu ’e ferru, arta sessanta metrus, a quattro piani, po ci arziai finz’a susu ddu è s’ascensori	È una torre di ferro alta sessanta metri, a quattro piani, per salire in cima c’è l’ascensore
De su primu pianu finz’a terra c’è il telo, est ampru dus metrus, sì e no, unu ci sàrtat a intru i arrìbat a terra lìscina-lìscina	Dal primo piano fino a terra c’è il telo, che è largo due metri, sì e no Uno vi salta dentro e arriva in terra scivola scivola
Apustis si dèpit sartai dal secondo piano, poi dal terzo, e poi dal quarto, de pizzu’ de sa turri	Dopo si deve saltare dal secondo piano, poi dal terzo, poi dal quarto, cioè da sopra la torre
Po ci sartai dal quarto piano ddui ’òlit coraggiu, poita il telo è prus in bàsciu meda, de susu pàrit istrintu strintu, e unu tìmit a ci sartai a foras	Per saltare dal quarto piano ci vuole coraggio perché il telo, essendo molto più in basso, da sopra sembra stretto stretto e uno ha paura di saltare fuori
Candu tìrat bentu il telo si mòvit de una parti a s’àtara, no si pòdit sartai, e tandu si sospendono le esercitazioni	Quando c’è vento il telo si muove da una parte all’altra e allora si sospendono le esercitazioni
Ma s’àtara dì…”.	Ma l’altro giorno
Si fut citìu, parìat chi no ci dd’èssit fatta a sighìri	Aveva taciuto, sembrava che non avesse la forza di continuare
Ma a su babbu ddi depìat nai ónnia cosa, no ’ndi podìat fai ’e mancu:	Ma al padre doveva raccontare tutto, non poteva farne a meno
“S’àtara dì, candu fut toccau a Ninnu a ci sartai dal quarto piano, bentu no ddu ind’ìat, ma si fut pesau tot’in d’una, appenas chi Ninnu ci fut sartau…”.	“L’altro giorno, quando è toccato a Ninnu a saltare dal quarto piano, vento non ce n’era, ma si è alzato all’improvviso appena Ninnu ha saltato…”.
No ìat póziu trattenni su prantu: ddi fut torrau a ògus cuddu muntoneddu ’e cosa chi fut istétiu su fradi, cudda mància ’e sànguni in su cimentu	Non aveva potuto trattenere il pianto: gli era apparso di nuovo davanti agli occhi quel mucchietto informe che era stato suo fratello, quella gran macchia di sangue sul cemento
“A mamma nerissiddu fustei”.	“A mamma glielo dica lei”.
Millieddu fut torrau a partìri luegu, sa dì infattu	Millieddu era ripartito subito, il giorno dopo
Parìat chi èssit tentu una grandu pressi, comente chi èssit arricìu un’órdini, o comente chi calincunu fèssit zerriendiddu	Sembrava che avesse molta fretta, come se avesse ricevuto un ordine, o come se qualcuno stesse chiamandolo
Candu dd’ìat saludau, e prus ancora cand’ìat saludau sa mamma, Luisicu ìat cumpréndiu ca su distinu de custu fillu puru fut malu, e a issu si ddi fut iscorigau su coru, si ddi fut fattu ’e perda	Quando l’aveva salutato, e soprattutto quando Millieddu aveva salutato la mamma, Luisicu aveva capito che anche il destino di quel figlio era segnato, e a lui il cuore era diventato nero, di pietra
Millieddu ìada scrittu ancora de Tarquinia, poi de Viterbo, poi, in donniassantu: “Mi hanno mandato qui in Libia, sono al ° Battaglione Paracadutisti, ª compagnia, non vi dovete preoccupare per me, io sto bene…”.	Millieddu aveva scritto ancora da Tarquinia, poi da Viterbo, poi, in novembre: “mi hanno mandato qui in Libia, sono al ° Battaglione Paracadutisti, a compagnia, non vi dovete preoccupare per me, io sto bene…”.
De sa dì, mancai èssit iscìpiu ca sa senténzia fudi scritta, Luisicu si fut incungiau in domu abettendu sa notizia chi timìat, sa notizia mala	Da quel giorno Luisicu aveva saputo che ormai la sentenza era stata pronunciata e si era chiuso in casa attendendo la notizia terribile
Ma a bòrtas s’arrebellàda, circàt de cumbinci a issu e totu ca Millieddu ìat èssi póziu tenni sa própiu furtuna sua, quattr’annus de guerra senza ’e unu scarràffiu, e poi, chini scidi, podìat èssi puru chi sa guerra fèssit acabàda a lestru, immoi ca is italianus fùant avanzendu, coment’ìat inténdiu, e chi Millieddu fèssit torrau, dispràxiu sceti po su fradi	A volte però si ribellava, tentava di convincere se stesso che Millieddu avrebbe potuto avere la stessa fortuna del padre, quattro anni di guerra senza un graffio, poi, chissà, poteva anche darsi che la guerra finisse presto, adesso che gli italiani stavano avanzando, come aveva sentito, e che Millieddu fosse tornato, addolorato solo per il fratello
Tandu abettàt a Tiu Pepi cun àturu coru, po is novas bonas ch’ìat èssi póziu portai	Allora aspettava Tiu Pepi con altro cuore, per le buone notizie che avrebbe potuto portargli
Coment’èssit fattu Luisicu a isciri ca sa guerra fut andendu mali, issu chi giornalis no ’ndi scìat liggi e radio no ’ndi tenìat, e no iscurtàt mai is bollettinus faulàrgius, no si pòdit ispiegai	Come avesse fatto Luisicu a sapere che la guerra in Africa stava procedendo di male in peggio, lui che giornali non ne sapeva leggere, radio non ne aveva e si rifiutava di ascoltare i bollettini bugiardi, è difficile capirlo
Fattu stat chi a is primus de freaxu ìat iscìpiu de sa controffensiva de is ingresus in Africa settentrionale, e ca su noi fùant intraus in Bengàsi	Fatto sta che ai primi di febbraio aveva saputo della controffensiva degli inglesi in Africa settentrionale, e che il nove dello stesso mese erano entrati in Bengasi
E Millieddu, innui at èssi	E Millieddu, dove sarà
È de diora chi no iscrìdi, una ritirata è cosa mala, issu ddu scìada	È da molto che non scrive, una ritirata è una brutta cosa, lui lo sapeva
Tenìat un’àtara borta coru malu, ddi parìat ca in cussa ritirata Millieddu	Aveva un’altra volta brutti presentimenti, gli sembrava che in quella ritirata Millieddu
no, no ddui depìat penzai, depìat abettai chi Millieddu èssidi scrittu, forzis at a iscriri òi e totu	no, non doveva pensarci, doveva attendere che Millieddu scrivesse, forse riceveremo la lettera oggi stesso
Ma ìant abettau quindixi dis, issu e Sara, binti dis, unu mesi, e Millieddu no iscrìat	Ma avevano atteso quindici giorni, lui e Sara, venti giorni, un mese, e Millieddu non scriveva
Sara circàt di èssi forti, de parri tranquilla, ma andàt a crésia ónnia dì, e una ’orta Luisicu dd’ìat agatàda ingenugàda in s’aposentu ’e lettu, preghendu e prangendu	Sara cercava di essere forte, di sembrare tranquilla, ma andava in chiesa tutti i giorni, e una volta Luisicu l’aveva sorpresa inginocchiata per terra nella stanza da letto, che pregava e piangeva
E issu cun cudd’àxiu chi no ddu lassàt unu momentu, incillìu, abettendu e timendu chi su maresciallu, che i s’àtara ’orta, fèssit cumpartu ananti ’e s’ecca, èssit intrau in prazza, in domu, imbarazzau, sono venuto per	E lui, con quell’angoscia che non lo abbandonava un momento, cupo, accigliato, attendeva e temeva che il maresciallo, come l’altra volta, comparisse davanti al cancello di legno, entrasse nel cortile, in casa, imbarazzato, sono venuto per
mi dispiace tanto Sara…, mi dispiace, Luisicu	mi dispiace tanto, Sara mi dispiace, Luisicu
e ind’èssit bogau su telegrammu ’e busciàcca, nendu ca Millieddu coment’ìat nau s’àtara ’orta po Ninnu, ca Millieddu puru	e togliesse dalla tasca il telegramma, dicendo che Millieddu come aveva detto l’altra volta per Ninnu, che anche Millieddu
Fut sézziu in prazza accanta ’e s’enna, unu mengianu, e ddi fut partu ’e biri, in sa ’ia, una mància niedda chi fut accostiendusì a s’ecca	Era seduto in cortile vicino alla porta di casa, una mattina, e gli era parso di vedere, in strada, una macchia nera che si stava avvicinando al cancello di legno
Ma s’ecca ddi parìat aillargu, piticheddedda, e sa mància puru, ch’ìat abertu s’ecca e fut intràda, e camminàda, e comenti camminàt fàccias accantu fut issu crescìat, crescìat, e candu fut arribàda ananti suu fut arta finz’a celu, su maresciallu portàt ùngas e farràncas, e ind’ìat bogau su telegrammu ’e busciacca, grogu che sa facci ’e Sara, no, no fut su maresciallu, fut cudda figura chi fattu-vattu si ddi firmàt a su costau e immoi arrìat, arrìat, e ddi piccigàt su telegrammu a facci, liggi, liggi, t’ind’apu pigau a Millieddu puru, su fillu prusu stimau, chi ’olìat frimai un carro armato a sa sola, su tontu	Ma il cancello gli sembrava lontano, piccolissimo, ed anche la macchia nera, che aveva aperto il cancello ed era entrata, e camminava, e mentre camminava nella sua direzione cresceva, cresceva, e quando era arrivata di fronte a lui era alta fino al cielo, il maresciallo aveva zanne e artigli, e si era tolto il telegramma da tasca, giallo come il viso di Sara, no, no, non era il maresciallo, era quella figura orrenda che di tanto in tanto si fermava al suo fianco, e adesso rideva, rideva, e gli sbatteva il telegramma sulla faccia, leggi, leggi, t’ho preso anche Millieddu, il figlio più amato, che voleva fermare un carro armato da solo, l’idiota
Parìat chi èssit pérdiu su sentidu, no ddi bessìat fueddu mancu cun Sara, chi prangìat is fillus e prangìat a issu, un’umbra, a paragoni de s’ómini chi fut istétiu	Sembrava che avesse perduto il senno, non gli usciva di bocca più parola, nemmeno con Sara, che piangeva i figli e piangeva lui, un’ombra, a confronto dell’uomo ch’era stato
Si sezzìat in coxina, in d’unu corrazzu, cun is ogus in terra, fissus, stringendusì is manus s’una cun s’àtara, ma a bòrtas arziàt sa conca, movìat is làvras comente chi èssit chistionendu cun calincunu, si furriàt a una parti e a s’àtara accantu fut Ninnu, accantu fut Millieddu, sézzius a su costau suu	Si sedeva in cucina, in un angolo, con gli occhi a terra, fissi, stringendosi le mani l’una con l’altra, ma a volte sollevava la testa, muoveva le labbra come se stesse parlando con qualcuno, si voltava da una parte e dall’altra, verso Ninnu, verso Millieddu, seduti al suo fianco
Ma torrendu in sèi ddi capitàt de biri accanta sua a Defendenti, e castiendiddu casi cun ódiu ddi passàda in sa menti unu penzamentu malu: scarto di governo	Ma tornando in sé gli capitava di vedere Defendenti, vicino a lui, e lo guardava quasi con odio, mentre gli passava per la mente un cattivo pensiero: scarto di governo
Ma ci scacciàda luegu custu penzamentu chi no ìat èssi bófiu fai, no no è curpa tua, Defendenti, no è curpa tua, a su mancu a tui no t’ind’at a pigai, mi ses abarrau tui sceti	Ma scacciava subito questo pensiero che non avrebbe voluto fare, no, no, non è colpa tua, Defendenti, non è colpa tua, almeno non porterà via te, mi sei rimasto tu solo
S’indi pesàda, ponìat una manu in coddus de su fillu, e parìat pedendiddi perdonu	Si alzava, posava una mano sulla spalla del figlio e sembrava chiedergli perdono
A dis, invecis, s’arrennegàt cun “cuddu” chi no ìat póziu biri mai, cun “cuddu” chi prima ci dd’ìat iscutu in presoni e agoa ’ndi dd’ìat pigau is fillus, ddi ponìat is manus in facci, dd’agangàda, si ddu ponìat asutta ’e is peis, appitighendiddu	A giorni, invece, s’arrabbiava con “colui” che prima lo aveva buttato in galera e dopo gli aveva portato via i suoi due figli: lo minacciava, lo aggrediva, lo strangolava, se lo metteva sotto i piedi, calpestandolo
E apustis ddi benìat s’attaccu	E dopo, immancabile, sopravveniva la crisi di epilessia
Ma de unu pagheddu ’e tempus parìat chi èssit tentu un’idea fissa, e si cumprendìat cali fudi: cand’abarràt solu in domu ci bessìat a prazza, ci arziàt a pizzu’ de sa muredda e castiàt asutta, cun is ogus in foras	Ma da un po’ di tempo sembrava che avesse un’idea fissa, e si capiva qual era: quando restava solo in casa usciva in cortile, saliva sulla muriccia e guardava per terra, con gli occhi fuori dalle orbite
A bòrtas ci sartàda, a bòrtas ind’abasciàda, a bell’a bellu, e ci torràt a coxina, sudau	A volte saltava, a volte scendeva lentamente e tornava in cucina, sudato
Candu Sara, sfinigàda ’e su prantu, ìat pigau sonnu, Luisicu s’indi fut pesau, e in punta ’e pei, cun is bestìris in manus, ci fut bessìu a coxìna	Quando Sara, stremata dal pianto, aveva preso sonno, Luisicu si era alzato, e in punta di piedi, con i vestiti in mano, era entrato in cucina
Si fut bestìu, e de pizzu de unu parastàggiu ’nd’ìat calau unu fagotteddu chi c’ìat postu sa dì innanti, poi, senza ’e fai sonu, ìat abertu s’enna, e cun su fagotteddu asutta ’e suercu, pioti pioti, ci fut bessìu a prazza	Si era vestito, da uno scaffale aveva portato giù un fagottino che vi aveva riposto il giorno prima, poi, senza far rumore, aveva aperto la porta e, col fagottino sotto il braccio, quatto quatto, era uscito in cortile
Fut una notti niedda che sa pixi, cun calincunu steddu chi adìziu si bìat	Era una notte nera, con qualche stella che appena si vedeva
In s’ecca, bessendinci a sa ’ia, ìat tentu unu momentu ’e duda, ma ddi fut passau luegu	Giunto al cancello, quando stava per uscire in strada, aveva avuto un momento di perplessità, ma subito si era ripreso
Ìat allonghiau su passu, e trunchendu a arrogadura in is ortus de Su Fenu, a trettus ponendusì a curri comente chi calincunu, o su bentu, fèssit ispingendiddu, in mes’ora fut lómpiu asutta ’e s’azza de Figus Nieddas e si fut firmau	Aveva allungato il passo e, tagliando di traverso per gli orti di Su Fenu, a tratti correndo come se qualcuno, o il vento, lo spingesse, in mezz’ora era arrivato sotto il precipizio di Figus Nieddas e si era fermato
Pesendu is ogus dd’ìat bista, s’azza, arrubiasta che una grandu mància ’e sànguni chi pendìat de su celu scuriosu	Alzando gli occhi l’aveva visto, il precipizio, rossastro come una gran macchia di sangue penzoloni dal cielo nero
Passu passu ìat pigau su mori chi passàda in s’arziadróxa tra màccias de murdegu e de moddizzi e fut lómpiu a s’óru ’e s’azza	Passo passo aveva infilato il sentiero che si snodava lungo la china tra macchie di lentischi e di cisti, e si era trovato in cima, sull’orlo
Si fut incrarau, e asutta, cinquanta metrus prus in bàsciu, ìat appubau pèrdas e cresuras, connotas de sèmpiri	Vi si era affacciato e sotto, cinquanta metri più in basso aveva visto pietre e cespugli, conosciuti da sempre
Immoi fut tranquillu, asseliau, sparéssiu cudd’àxiu chi no dd’ìat donau pasu finzas a su momentu chi s’ìat serrau s’ecca a pàlas bessendici ’e prazza, sparéssia ónnia duda, ónnia timorìa, scarésciu finzas su disisperu chi dd’ìat bettìu a s’óru ’e cust’azza	Adesso era tranquillo, sereno, scomparsa quell’angoscia che non l’aveva abbandonato fino al momento in cui si era chiuso il cancello alle spalle uscendo dal cortile, scomparsa anche la disperazione che l’aveva portato sull’orlo di quel precipizio
De Millieddu e de Ninnu fut comente chi s’ind’èssit dispidìu pag’ora, in coxina, comente chi fèssinti partendu a logus differentis, issu e is fillus, po torrai totus a domu, una dì o s’àtara	Da Ninnu e da Millieddu era come se si fosse accomiatato poco fa, in cucina, al momento di partire per luoghi diversi, lui e i figli, da dove però sarebbero tornati a casa insieme, un giorno o l’altro
Cun is didus de sa manu ’e manca, comente chi fèssit arrexonendu cun calincunu in Sa Prazzitta, ìat fattu su contu de cantus biddanoesus s’inci fùanta scutus in s’azza, in cussus annus: quattru, chi èssit iscìpiu, s’ùrtimu fut istétiu Zigarru, in su bintisetti, po sa tassa ’e is cràbas	Con le dita della mano sinistra, come se stesse discorrendo con qualcuno in Sa Prazzitta, aveva fatto il conto di quanti biddanoesi si erano buttati dal precipizio in quegli anni: quattro, che lui sapesse, l’ultimo era stato Zigarru, nel ventisette, per la tassa sulle capre
E òi toccàt a issu, passiénzia, boli nai ch’è distinu	E oggi toccava a lui, pazienza, vuol dire che era destino
Parìat chistionendu de un’àturu, a boxi manna	Sembrava che parlasse di un estraneo, a voce alta
Ìat asubau su fagoteddu a unu coróngiu de su própiu colori ’e s’azza e ìat cumenzau a ddu spoddiai: pighendidda cun dus didus comente chi fèssit tocchendu una cosa pudéscia, ’nd’ìat bogau sa camisa niedda, ancora con i fasci littori in su zughittu e is gradus de capusquadra in is mànigas, e poi un’àturu imbóddiu, prus piticu ma grai, ch’ìat postu in terra	Aveva appoggiato il fagottino sopra un grosso masso dello stesso colore del precipizio e aveva incominciato a svolgerlo: prendendola con due dita, come se stesse toccando qualcosa di fetido, aveva tolto la camicia nera, ancora con i fasci littori nel colletto e i gradi di caposquadra nelle maniche, e poi un altro involto, più piccolo ma pesante, che aveva posato per terra
Poderendidda sèmpiri cun dus didus, s’ìat istérriu ananti sa camisa niedda e ìat circau di arrìri, penzendu a su chi fut po fai, ma su suu no fut arrisu: is làvras frungìas, tiràdas, is dentis iscobertus, su suu fut su murrùngiu de unu cani fertu chi fut po si cravai	Tenendola sempre col pollice e l’indice, aveva steso per terra, davanti a sé, la camicia nera e aveva tentato di ridere pensando a ciò che stava per fare; ma il suo non era riso: le labbra increspate, tirate, i denti scoperti, il suo era il ringhio di un cane ferito che sta per avventarsi
Cun is crapittas prenas de ludu si fut postu strantàxu in pizzu’ de sa mància niedda ’e sa camisa, a bell’a bellu s’ind’ìat iscanciau su cintu, s’ind’ìat calau is pantalonis, si fut incrubau	Con le scarpe infangate, si era messo ritto sulla macchia nera della camicia, e piano piano si era allentato la cintura, si era calato i pantaloni, si era accovacciato
Candu s’indi fut pesau e si fut torrau a cingi, sèmpiri cun cudd’arrisu fridu in bucca, ci fut istesiau unu pagheddu e de s’imbóddiu prus piticu, ch’ìat postu in terra, ind’ìat bogau is medàllias, tot’a is ottu	Quando si era alzato e si era ricomposto, ancora con quel riso freddo in bocca, si era allontanato appena e dall’involto più piccolo che aveva lasciato per terra aveva tolto le medaglie, tutte e otto
Furriendusì e pighendu sa mira comente chi fèssit gioghendu a dinai, ìat cumenzau a ci ddas scudi a una a una in sa bruttesa: prima le medaglie d’argento, poi le medaglie di bronzo, ma cand’arribànta fìanta totus su própiu sonu surdu	Voltandosi e prendendo la mira come quando, da ragazzo, giocava a danari, aveva cominciato a lanciare, una dopo l’altra, le medaglie nella lordura: prima le medaglie d’argento, poi le medaglie di bronzo, che cadendo facevano tutte lo stesso identico tonfo
Ddi fut abarràda in manus l’onorificenza ingresa: dd’ìat castiàda appenas, a perra ’i ogu, poi c’ìat iscutu cussa puru: in sa merda ddu at logu po totus	Gli era rimasta in mano l’onorificenza inglese: l’aveva guardata appena, di scorcio, poi aveva buttato anche quella: nella merda c’è posto per tutti
Fut cumenzendu a ispanigai: de palas de Santa Ittória s’inzertàt appenas una spera ’e luxi, che unu sinnali malu a cumprendi	Albeggiava: da dietro Santa ’Ittória s’indovinava appena una luce incerta, come un segnale che era impossibile comprendere
Est ora, Luisicu, is contus funti fattus, sa beffa puru	È ora, Luisicu, i conti sono fatti, la beffa pure
Ci fut torrau a s’óru ’e s’azza: unu passu – ìat penzau in cussas dis –, unu sàrtidu comente candu ci bessìa ’e trincera, e dónnia dolu, dónnia pena, ant’èssi acabaus	Si era avvicinato nuovamente all’orlo del precipizio: un passo – aveva pensato durante lunghi giorni – un salto come quando uscivo dalla trincea, e ogni dolore, ogni pena, sarebbero finiti
Ma moi	Ma adesso
immoi no arrennescìat a ddu ponni, cussu passu, a fai cussu sàrtidu: is càmbas cravàdas in terra parìant ’e prumu, de parti ’e palas manus di azzàrgiu dd’aggaffànta is brazzus	adesso non riusciva a farlo, quel passo, a spiccare quel salto: le gambe piantate per terra sembravano di piombo, da dietro mani di acciaio gli immobilizzavano le braccia
Sudau de conca a peis, gherràt che unu dimóniu po si scadessi, ma sa forza de chini ddu poderàt fut troppu manna	Intriso di sudore lottava come un demonio per liberarsi ma la forza di chi lo tratteneva era smisurata
E di asutta ’e s’azza sa boxi ’e Ninnu si pesàt che s’arrùliu ’e unu cani, ddu zerriàt de cudda mància ’e sànguni in su cimentu, s’imbesturàt cun sa boxi serregàda ’e Millieddu chi ’ndi bessìat disisperàda di asutta ’e su carrarmau	E, da sotto il precipizio, la voce di Ninnu si alzava lamentosa come l’ululato di un cane, lo chiamava da quella macchia di sangue sul cemento, si confondeva con la voce soffocata di Millieddu che usciva disperata da sotto il carro armato
E issu no podìat fai su sàrtidu ch’ìat penzau, no s’inci podìat ghettai accantu fùant is piccioccheddus suus cun is ossus arrogaus, no si podìat mancu cinni	E lui non poteva fare il salto già deciso, non poteva lanciarsi dove giacevano i suoi figli con le ossa spezzate, non poteva nemmeno muoversi
Stringendu is dentis, accirdinendu is brazzus, cun is téndinis de su zugu chi parìat chi fèssinti po ’ndi ddi sartai a foras de sa peddi, ìat fattu ancora unu sforzu arrabiosu po s’indi scutulai ’e pizzus cuddas farràncas chi ddi stuturànta càmbas e brazzus, ma in su sforzu si ddi fut appannàda sa vista, matas e cresùras chi appenas appubàda ìanta cumenzau a ddi furriai a ingìriu, e su malecadùcu dd’ìat istrumpau palas a terra in mesu su murdegu	Stringendo i denti, tendendo i muscoli delle braccia, con i tendini del collo che sembrava volessero saltargli fuori, aveva fatto ancora uno sforzo rabbioso per togliersi di dosso quella morsa che stava stritolandogli braccia e gambe, ma nello sforzo supremo gli si era appannata la vista, alberi e cespugli che appena intravedeva avevano incominciato a girargli intorno vorticosamente e il malcaduco l’aveva steso per terra in mezzo a un macchione di cisto
Manch’issu ìat èssi póziu nai cantu ddi fut durau s’attaccu, ma cand’ìat cumenzau a torrai in sei ddi fut partu de intendi ancora a Ninnu e a Millieddu zerriendìddu	Nemmeno lui avrebbe potuto dire quanto era durato l’attacco, ma quando era tornato in sé aveva sentito ancora Ninnu e Millieddu che lo chiamavano
Immoi, però, is boxis de is piccioccheddus no fùanta prus né tristas né pibiosas, ma allìgras e firmas, e no ’nd’arziànta di asutta ’e s’azza, comente prima, ma benìanta de sa parti ’e bidda, forzis de mesu Sa Prazzitta, di accantu Ninnu e Millieddu fùanta zerriendiddu cun is manus a ingìriu ’e sa bucca	Adesso, però, le voci dei ragazzi non erano più né tristi né lamentose, ma allegre e ferme, e non venivano più dal fondo del precipizio, ma dalla parte di Biddanoa, forse da Sa Prazzitta, dove Ninnu e Millieddu lo chiamavano a gran voce, con le mani intorno alla bocca
S’indi fut pesau strantàxu: de Santa Ittória fut ispuntendu su soli e ddi mandàt unu sinnàli, craru, custu, e luxenti che is bòxis chi ddu zerriànta	Si era alzato in piedi: da Santa ’Ittória stava spuntando il sole e gli mandava un segnale, chiaro, questo, e lucente come le voci che lo chiamavano
